$MeshFormat
4.1 0 8
$EndMeshFormat
$PhysicalNames
1
2 1 "domain"
$EndPhysicalNames
$Entities
6 6 1 0
5 0.625 0.25 0 0 
6 0.7500000000000001 0.8749999999999999 0 0 
7 0 0 0 0 
8 1 0 0 0 
9 0 1 0 0 
10 1 1 0 0 
5 0.1249999 0.1249999 -1e-07 0.6250000999999999 0.3750001 1e-07 0 2 5 -5 
6 0.6249999000000002 0.3749999 -1e-07 0.8750001000000001 0.8750000999999999 1e-07 0 2 6 -6 
7 -9.999999994736442e-08 -1e-07 -1e-07 1.0000001 1e-07 1e-07 0 2 7 -8 
8 -1e-07 -9.999999994736442e-08 -1e-07 1e-07 1.0000001 1e-07 0 2 9 -7 
9 0.9999999000000001 -9.999999994736442e-08 -1e-07 1.0000001 1.0000001 1e-07 0 2 8 -10 
10 -9.999999994736442e-08 0.9999999000000001 -1e-07 1.0000001 1.0000001 1e-07 0 2 10 -9 
1 -9.999999994736442e-08 -9.999999994736442e-08 -1e-07 1.0000001 1.0000001 1e-07 1 1 6 7 9 10 8 -5 -6 
$EndEntities
$Nodes
13 4665 1 4665
0 5 0 1
1
0.625 0.25 0
0 6 0 1
2
0.7500000000000001 0.875 0
0 7 0 1
3
0 0 0
0 8 0 1
4
1 0 0
0 9 0 1
5
0 1 0
0 10 0 1
6
1 1 0
1 5 0 81
7
8
9
10
11
12
13
14
15
16
17
18
19
20
21
22
23
24
25
26
27
28
29
30
31
32
33
34
35
36
37
38
39
40
41
42
43
44
45
46
47
48
49
50
51
52
53
54
55
56
57
58
59
60
61
62
63
64
65
66
67
68
69
70
71
72
73
74
75
76
77
78
79
80
81
82
83
84
85
86
87
0.618394422807355 0.2785445044898073 0
0.6016585578811955 0.3027396865254638 0
0.5793430219792324 0.3220137649487842 0
0.5540569968047345 0.3372332962452831 0
0.5270735518804573 0.3492139541829448 0
0.4990516219303548 0.3585255673752138 0
0.4703675776319465 0.365547636428244 0
0.4412584248401983 0.3705298937377112 0
0.4118885600176924 0.3736317456600661 0
0.3823842194814061 0.374945461404817 0
0.3528538089238243 0.3745085802473243 0
0.3234024220043202 0.3723087179486603 0
0.2941453359054212 0.3682819970390178 0
0.2652247075995019 0.3623047029050711 0
0.2368355260354199 0.3541760266737157 0
0.209272900833262 0.3435875640800878 0
0.1830286614194045 0.3300734118849296 0
0.159008109899066 0.3129434337533035 0
0.1390322526186601 0.2912892909716798 0
0.1267194295009576 0.2646352170522856 0
0.1267194295009568 0.2353647829477178 0
0.1390322526186581 0.2087107090283231 0
0.1590081098990633 0.1870565662466988 0
0.1830286614194015 0.1699265881150721 0
0.209272900833259 0.1564124359199135 0
0.2368355260354165 0.1458239733262855 0
0.2652247075994982 0.1376952970949298 0
0.2941453359054178 0.1317180029609828 0
0.323402422004317 0.1276912820513401 0
0.3528538089238206 0.1254914197526759 0
0.3823842194814019 0.125054538595183 0
0.4118885600176879 0.1263682543399335 0
0.4412584248401933 0.1294701062622881 0
0.4703675776319409 0.1344523635717548 0
0.4990516219303507 0.141474432624785 0
0.5270735518804529 0.1507860458170535 0
0.5540569968047315 0.1627667037547154 0
0.579343021979231 0.1779862350512148 0
0.6016585578811946 0.1972603134745353 0
0.6183944228073551 0.2214554955101931 0
0.6232805706044229 0.2646352166053511 0
0.6109677480581182 0.2912892900047352 0
0.5909919146457894 0.3129434126967351 0
0.5669713584851415 0.3300733999549309 0
0.5407270999898579 0.3435875637156878 0
0.5131644711466117 0.3541760276080552 0
0.4847752918496099 0.3623047030396913 0
0.4558546644255318 0.3682819969824599 0
0.4265975783821645 0.3723087179078993 0
0.3971461909718957 0.3745085802519613 0
0.3676157804100942 0.3749454614032139 0
0.3381114400420611 0.3736317456645233 0
0.308741575583441 0.3705298937959326 0
0.2796324225435082 0.365547636464447 0
0.2509483743393142 0.3585255663092125 0
0.2229264500970452 0.3492139549407158 0
0.1959429994602473 0.3372332943286378 0
0.1706570250371562 0.3220137983016703 0
0.1483414439887782 0.3027396885346033 0
0.1316055774172209 0.2785445049685379 0
0.125 0.2500000000000017 0
0.1316055774172194 0.2214554950314652 0
0.1483414439887759 0.1972603114653993 0
0.1706570250371533 0.1779862016983318 0
0.1959429994603911 0.1627667056712884 0
0.222926450097093 0.1507860450592659 0
0.2509483743393268 0.1414744336907839 0
0.2796324225435087 0.1344523635355528 0
0.3087415755834386 0.1294701062040678 0
0.3381114400420578 0.1263682543354769 0
0.3676157804100904 0.1250545385967862 0
0.3971461909718916 0.1254914197480385 0
0.4265975783821601 0.1276912820921002 0
0.4558546644255285 0.1317180030175395 0
0.4847752918496137 0.1376952969603096 0
0.5131644711466365 0.145823972391953 0
0.5407270999899416 0.1564124362843494 0
0.5669713584851395 0.1699266000450679 0
0.5909919146457883 0.1870565873032639 0
0.6109677480581179 0.2087107099952645 0
0.6232805706044404 0.235364783394723 0
1 6 0 81
88
89
90
91
92
93
94
95
96
97
98
99
100
101
102
103
104
105
106
107
108
109
110
111
112
113
114
115
116
117
118
119
120
121
122
123
124
125
126
127
128
129
130
131
132
133
134
135
136
137
138
139
140
141
142
143
144
145
146
147
148
149
150
151
152
153
154
155
156
157
158
159
160
161
162
163
164
165
166
167
168
0.7214554955101928 0.868394422807355 0
0.6972603134745363 0.8516585578811955 0
0.6779862350512159 0.8293430219792324 0
0.662766703754717 0.8040569968047345 0
0.6507860458170553 0.7770735518804573 0
0.6414744326247863 0.7490516219303549 0
0.6344523635717561 0.7203675776319465 0
0.6294701062622889 0.6912584248401984 0
0.626368254339934 0.6618885600176924 0
0.6250545385951831 0.6323842194814061 0
0.6254914197526759 0.6028538089238243 0
0.6276912820513398 0.5734024220043202 0
0.6317180029609823 0.5441453359054212 0
0.637695297094929 0.5152247075995019 0
0.6458239733262845 0.4868355260354199 0
0.6564124359199123 0.459272900833262 0
0.6699265881150704 0.4330286614194045 0
0.6870565662466965 0.409008109899066 0
0.7087107090283202 0.3890322526186601 0
0.7353647829477145 0.3767194295009576 0
0.7646352170522823 0.3767194295009568 0
0.791289290971677 0.3890322526186581 0
0.8129434337533014 0.4090081098990633 0
0.830073411884928 0.4330286614194016 0
0.8435875640800866 0.459272900833259 0
0.8541760266737146 0.4868355260354165 0
0.8623047029050703 0.5152247075994982 0
0.8682819970390173 0.5441453359054178 0
0.8723087179486601 0.5734024220043169 0
0.8745085802473241 0.6028538089238206 0
0.8749454614048171 0.6323842194814019 0
0.8736317456600665 0.6618885600176879 0
0.8705298937377119 0.6912584248401933 0
0.8655476364282453 0.7203675776319409 0
0.8585255673752151 0.7490516219303507 0
0.8492139541829465 0.7770735518804529 0
0.8372332962452848 0.8040569968047315 0
0.8220137649487853 0.829343021979231 0
0.8027396865254649 0.8516585578811946 0
0.7785445044898071 0.8683944228073551 0
0.7353647833946491 0.8732805706044229 0
0.708710709995265 0.8609677480581182 0
0.687056587303265 0.8409919146457894 0
0.6699266000450692 0.8169713584851415 0
0.6564124362843123 0.7907270999898579 0
0.6458239723919449 0.7631644711466117 0
0.6376952969603089 0.7347752918496099 0
0.6317180030175402 0.7058546644255318 0
0.6276912820921008 0.6765975783821645 0
0.6254914197480388 0.6471461909718957 0
0.6250545385967862 0.6176157804100942 0
0.6263682543354767 0.5881114400420612 0
0.6294701062040675 0.5587415755834411 0
0.6344523635355531 0.5296324225435082 0
0.6414744336907876 0.5009483743393142 0
0.6507860450592843 0.4729264500970453 0
0.6627667056713623 0.4459429994602473 0
0.6779862016983298 0.4206570250371562 0
0.6972603114653968 0.3983414439887782 0
0.7214554950314621 0.3816055774172209 0
0.7499999999999983 0.375 0
0.7785445049685349 0.3816055774172194 0
0.8027396885346008 0.3983414439887759 0
0.8220137983016683 0.4206570250371533 0
0.8372332943287116 0.4459429994603911 0
0.8492139549407342 0.472926450097093 0
0.8585255663092162 0.5009483743393268 0
0.8655476364644472 0.5296324225435087 0
0.8705298937959324 0.5587415755834385 0
0.8736317456645232 0.5881114400420577 0
0.8749454614032139 0.6176157804100904 0
0.8745085802519615 0.6471461909718915 0
0.8723087179078999 0.6765975783821601 0
0.8682819969824607 0.7058546644255285 0
0.8623047030396904 0.7347752918496137 0
0.854176027608047 0.7631644711466365 0
0.8435875637156508 0.7907270999899416 0
0.8300733999549322 0.8169713584851395 0
0.8129434126967362 0.8409919146457883 0
0.7912892900047357 0.8609677480581179 0
0.7646352166052771 0.8732805706044404 0
1 7 0 67
169
170
171
172
173
174
175
176
177
178
179
180
181
182
183
184
185
186
187
188
189
190
191
192
193
194
195
196
197
198
199
200
201
202
203
204
205
206
207
208
209
210
211
212
213
214
215
216
217
218
219
220
221
222
223
224
225
226
227
228
229
230
231
232
233
234
235
0.02941176470588239 0 0
0.05882352941176477 0 0
0.08823529411764718 0 0
0.1176470588235296 0 0
0.147058823529412 0 0
0.1764705882352943 0 0
0.2058823529411767 0 0
0.235294117647059 0 0
0.2647058823529415 0 0
0.2941176470588239 0 0
0.3235294117647065 0 0
0.3529411764705889 0 0
0.3823529411764713 0 0
0.4117647058823538 0 0
0.4411764705882362 0 0
0.4705882352941187 0 0
0.5000000000000011 0 0
0.5294117647058832 0 0
0.5588235294117656 0 0
0.5882352941176479 0 0
0.6176470588235301 0 0
0.6470588235294124 0 0
0.6764705882352946 0 0
0.7058823529411768 0 0
0.7352941176470592 0 0
0.7647058823529413 0 0
0.7941176470588236 0 0
0.823529411764706 0 0
0.8529411764705882 0 0
0.8823529411764703 0 0
0.9117647058823527 0 0
0.9411764705882349 0 0
0.9705882352941173 0 0
0.0147058823529412 0 0
0.04411764705882358 0 0
0.07352941176470598 0 0
0.1029411764705884 0 0
0.1323529411764708 0 0
0.1617647058823531 0 0
0.1911764705882355 0 0
0.2205882352941179 0 0
0.2500000000000003 0 0
0.2794117647058827 0 0
0.3088235294117652 0 0
0.3382352941176477 0 0
0.3676470588235301 0 0
0.3970588235294126 0 0
0.426470588235295 0 0
0.4558823529411775 0 0
0.4852941176470599 0 0
0.5147058823529422 0 0
0.5441176470588244 0 0
0.5735294117647067 0 0
0.602941176470589 0 0
0.6323529411764712 0 0
0.6617647058823535 0 0
0.6911764705882357 0 0
0.720588235294118 0 0
0.7500000000000003 0 0
0.7794117647058825 0 0
0.8088235294117647 0 0
0.8382352941176471 0 0
0.8676470588235293 0 0
0.8970588235294115 0 0
0.9264705882352938 0 0
0.9558823529411761 0 0
0.9852941176470587 0 0
1 8 0 67
236
237
238
239
240
241
242
243
244
245
246
247
248
249
250
251
252
253
254
255
256
257
258
259
260
261
262
263
264
265
266
267
268
269
270
271
272
273
274
275
276
277
278
279
280
281
282
283
284
285
286
287
288
289
290
291
292
293
294
295
296
297
298
299
300
301
302
0 0.9705882352941176 0
0 0.9411764705882353 0
0 0.9117647058823528 0
0 0.8823529411764705 0
0 0.8529411764705881 0
0 0.8235294117647057 0
0 0.7941176470588234 0
0 0.7647058823529409 0
0 0.7352941176470585 0
0 0.7058823529411761 0
0 0.6764705882352935 0
0 0.6470588235294111 0
0 0.6176470588235287 0
0 0.5882352941176462 0
0 0.5588235294117638 0
0 0.5294117647058814 0
0 0.4999999999999989 0
0 0.4705882352941168 0
0 0.4411764705882344 0
0 0.4117647058823521 0
0 0.3823529411764699 0
0 0.3529411764705876 0
0 0.3235294117647054 0
0 0.2941176470588232 0
0 0.2647058823529408 0
0 0.2352941176470587 0
0 0.2058823529411764 0
0 0.176470588235294 0
0 0.1470588235294118 0
0 0.1176470588235297 0
0 0.0882352941176473 0
0 0.05882352941176505 0
0 0.02941176470588269 0
0 0.9852941176470588 0
0 0.9558823529411764 0
0 0.926470588235294 0
0 0.8970588235294116 0
0 0.8676470588235292 0
0 0.8382352941176469 0
0 0.8088235294117645 0
0 0.7794117647058821 0
0 0.7499999999999998 0
0 0.7205882352941173 0
0 0.6911764705882348 0
0 0.6617647058823524 0
0 0.6323529411764699 0
0 0.6029411764705874 0
0 0.573529411764705 0
0 0.5441176470588225 0
0 0.51470588235294 0
0 0.4852941176470578 0
0 0.4558823529411756 0
0 0.4264705882352933 0
0 0.397058823529411 0
0 0.3676470588235288 0
0 0.3382352941176465 0
0 0.3088235294117643 0
0 0.279411764705882 0
0 0.2499999999999997 0
0 0.2205882352941175 0
0 0.1911764705882353 0
0 0.1617647058823529 0
0 0.1323529411764707 0
0 0.1029411764705885 0
0 0.07352941176470618 0
0 0.04411764705882393 0
0 0.01470588235294135 0
1 9 0 67
303
304
305
306
307
308
309
310
311
312
313
314
315
316
317
318
319
320
321
322
323
324
325
326
327
328
329
330
331
332
333
334
335
336
337
338
339
340
341
342
343
344
345
346
347
348
349
350
351
352
353
354
355
356
357
358
359
360
361
362
363
364
365
366
367
368
369
1 0.02941176470588239 0
1 0.05882352941176477 0
1 0.08823529411764718 0
1 0.1176470588235296 0
1 0.147058823529412 0
1 0.1764705882352943 0
1 0.2058823529411767 0
1 0.235294117647059 0
1 0.2647058823529415 0
1 0.2941176470588239 0
1 0.3235294117647065 0
1 0.3529411764705889 0
1 0.3823529411764713 0
1 0.4117647058823538 0
1 0.4411764705882362 0
1 0.4705882352941187 0
1 0.5000000000000011 0
1 0.5294117647058832 0
1 0.5588235294117656 0
1 0.5882352941176479 0
1 0.6176470588235301 0
1 0.6470588235294124 0
1 0.6764705882352946 0
1 0.7058823529411768 0
1 0.7352941176470592 0
1 0.7647058823529413 0
1 0.7941176470588236 0
1 0.823529411764706 0
1 0.8529411764705882 0
1 0.8823529411764703 0
1 0.9117647058823527 0
1 0.9411764705882349 0
1 0.9705882352941173 0
1 0.0147058823529412 0
1 0.04411764705882358 0
1 0.07352941176470598 0
1 0.1029411764705884 0
1 0.1323529411764708 0
1 0.1617647058823531 0
1 0.1911764705882355 0
1 0.2205882352941179 0
1 0.2500000000000003 0
1 0.2794117647058827 0
1 0.3088235294117652 0
1 0.3382352941176477 0
1 0.3676470588235301 0
1 0.3970588235294126 0
1 0.426470588235295 0
1 0.4558823529411775 0
1 0.4852941176470599 0
1 0.5147058823529422 0
1 0.5441176470588244 0
1 0.5735294117647067 0
1 0.602941176470589 0
1 0.6323529411764712 0
1 0.6617647058823535 0
1 0.6911764705882357 0
1 0.720588235294118 0
1 0.7500000000000003 0
1 0.7794117647058825 0
1 0.8088235294117647 0
1 0.8382352941176471 0
1 0.8676470588235293 0
1 0.8970588235294115 0
1 0.9264705882352938 0
1 0.9558823529411761 0
1 0.9852941176470587 0
1 10 0 67
370
371
372
373
374
375
376
377
378
379
380
381
382
383
384
385
386
387
388
389
390
391
392
393
394
395
396
397
398
399
400
401
402
403
404
405
406
407
408
409
410
411
412
413
414
415
416
417
418
419
420
421
422
423
424
425
426
427
428
429
430
431
432
433
434
435
436
0.9705882352941176 1 0
0.9411764705882353 1 0
0.9117647058823528 1 0
0.8823529411764705 1 0
0.8529411764705881 1 0
0.8235294117647057 1 0
0.7941176470588234 1 0
0.7647058823529409 1 0
0.7352941176470585 1 0
0.7058823529411761 1 0
0.6764705882352935 1 0
0.6470588235294111 1 0
0.6176470588235287 1 0
0.5882352941176462 1 0
0.5588235294117638 1 0
0.5294117647058814 1 0
0.4999999999999989 1 0
0.4705882352941168 1 0
0.4411764705882344 1 0
0.4117647058823521 1 0
0.3823529411764699 1 0
0.3529411764705876 1 0
0.3235294117647054 1 0
0.2941176470588232 1 0
0.2647058823529408 1 0
0.2352941176470587 1 0
0.2058823529411764 1 0
0.176470588235294 1 0
0.1470588235294118 1 0
0.1176470588235297 1 0
0.0882352941176473 1 0
0.05882352941176505 1 0
0.02941176470588269 1 0
0.9852941176470588 1 0
0.9558823529411764 1 0
0.926470588235294 1 0
0.8970588235294116 1 0
0.8676470588235292 1 0
0.8382352941176469 1 0
0.8088235294117645 1 0
0.7794117647058821 1 0
0.7499999999999998 1 0
0.7205882352941173 1 0
0.6911764705882348 1 0
0.6617647058823524 1 0
0.6323529411764699 1 0
0.6029411764705874 1 0
0.573529411764705 1 0
0.5441176470588225 1 0
0.51470588235294 1 0
0.4852941176470578 1 0
0.4558823529411756 1 0
0.4264705882352933 1 0
0.397058823529411 1 0
0.3676470588235288 1 0
0.3382352941176465 1 0
0.3088235294117643 1 0
0.279411764705882 1 0
0.2499999999999997 1 0
0.2205882352941175 1 0
0.1911764705882353 1 0
0.1617647058823529 1 0
0.1323529411764707 1 0
0.1029411764705885 1 0
0.07352941176470618 1 0
0.04411764705882393 1 0
0.01470588235294135 1 0
2 1 0 4229
437
438
439
440
441
442
443
444
445
446
447
448
449
450
451
452
453
454
455
456
457
458
459
460
461
462
463
464
465
466
467
468
469
470
471
472
473
474
475
476
477
478
479
480
481
482
483
484
485
486
487
488
489
490
491
492
493
494
495
496
497
498
499
500
501
502
503
504
505
506
507
508
509
510
511
512
513
514
515
516
517
518
519
520
521
522
523
524
525
526
527
528
529
530
531
532
533
534
535
536
537
538
539
540
541
542
543
544
545
546
547
548
549
550
551
552
553
554
555
556
557
558
559
560
561
562
563
564
565
566
567
568
569
570
571
572
573
574
575
576
577
578
579
580
581
582
583
584
585
586
587
588
589
590
591
592
593
594
595
596
597
598
599
600
601
602
603
604
605
606
607
608
609
610
611
612
613
614
615
616
617
618
619
620
621
622
623
624
625
626
627
628
629
630
631
632
633
634
635
636
637
638
639
640
641
642
643
644
645
646
647
648
649
650
651
652
653
654
655
656
657
658
659
660
661
662
663
664
665
666
667
668
669
670
671
672
673
674
675
676
677
678
679
680
681
682
683
684
685
686
687
688
689
690
691
692
693
694
695
696
697
698
699
700
701
702
703
704
705
706
707
708
709
710
711
712
713
714
715
716
717
718
719
720
721
722
723
724
725
726
727
728
729
730
731
732
733
734
735
736
737
738
739
740
741
742
743
744
745
746
747
748
749
750
751
752
753
754
755
756
757
758
759
760
761
762
763
764
765
766
767
768
769
770
771
772
773
774
775
776
777
778
779
780
781
782
783
784
785
786
787
788
789
790
791
792
793
794
795
796
797
798
799
800
801
802
803
804
805
806
807
808
809
810
811
812
813
814
815
816
817
818
819
820
821
822
823
824
825
826
827
828
829
830
831
832
833
834
835
836
837
838
839
840
841
842
843
844
845
846
847
848
849
850
851
852
853
854
855
856
857
858
859
860
861
862
863
864
865
866
867
868
869
870
871
872
873
874
875
876
877
878
879
880
881
882
883
884
885
886
887
888
889
890
891
892
893
894
895
896
897
898
899
900
901
902
903
904
905
906
907
908
909
910
911
912
913
914
915
916
917
918
919
920
921
922
923
924
925
926
927
928
929
930
931
932
933
934
935
936
937
938
939
940
941
942
943
944
945
946
947
948
949
950
951
952
953
954
955
956
957
958
959
960
961
962
963
964
965
966
967
968
969
970
971
972
973
974
975
976
977
978
979
980
981
982
983
984
985
986
987
988
989
990
991
992
993
994
995
996
997
998
999
1000
1001
1002
1003
1004
1005
1006
1007
1008
1009
1010
1011
1012
1013
1014
1015
1016
1017
1018
1019
1020
1021
1022
1023
1024
1025
1026
1027
1028
1029
1030
1031
1032
1033
1034
1035
1036
1037
1038
1039
1040
1041
1042
1043
1044
1045
1046
1047
1048
1049
1050
1051
1052
1053
1054
1055
1056
1057
1058
1059
1060
1061
1062
1063
1064
1065
1066
1067
1068
1069
1070
1071
1072
1073
1074
1075
1076
1077
1078
1079
1080
1081
1082
1083
1084
1085
1086
1087
1088
1089
1090
1091
1092
1093
1094
1095
1096
1097
1098
1099
1100
1101
1102
1103
1104
1105
1106
1107
1108
1109
1110
1111
1112
1113
1114
1115
1116
1117
1118
1119
1120
1121
1122
1123
1124
1125
1126
1127
1128
1129
1130
1131
1132
1133
1134
1135
1136
1137
1138
1139
1140
1141
1142
1143
1144
1145
1146
1147
1148
1149
1150
1151
1152
1153
1154
1155
1156
1157
1158
1159
1160
1161
1162
1163
1164
1165
1166
1167
1168
1169
1170
1171
1172
1173
1174
1175
1176
1177
1178
1179
1180
1181
1182
1183
1184
1185
1186
1187
1188
1189
1190
1191
1192
1193
1194
1195
1196
1197
1198
1199
1200
1201
1202
1203
1204
1205
1206
1207
1208
1209
1210
1211
1212
1213
1214
1215
1216
1217
1218
1219
1220
1221
1222
1223
1224
1225
1226
1227
1228
1229
1230
1231
1232
1233
1234
1235
1236
1237
1238
1239
1240
1241
1242
1243
1244
1245
1246
1247
1248
1249
1250
1251
1252
1253
1254
1255
1256
1257
1258
1259
1260
1261
1262
1263
1264
1265
1266
1267
1268
1269
1270
1271
1272
1273
1274
1275
1276
1277
1278
1279
1280
1281
1282
1283
1284
1285
1286
1287
1288
1289
1290
1291
1292
1293
1294
1295
1296
1297
1298
1299
1300
1301
1302
1303
1304
1305
1306
1307
1308
1309
1310
1311
1312
1313
1314
1315
1316
1317
1318
1319
1320
1321
1322
1323
1324
1325
1326
1327
1328
1329
1330
1331
1332
1333
1334
1335
1336
1337
1338
1339
1340
1341
1342
1343
1344
1345
1346
1347
1348
1349
1350
1351
1352
1353
1354
1355
1356
1357
1358
1359
1360
1361
1362
1363
1364
1365
1366
1367
1368
1369
1370
1371
1372
1373
1374
1375
1376
1377
1378
1379
1380
1381
1382
1383
1384
1385
1386
1387
1388
1389
1390
1391
1392
1393
1394
1395
1396
1397
1398
1399
1400
1401
1402
1403
1404
1405
1406
1407
1408
1409
1410
1411
1412
1413
1414
1415
1416
1417
1418
1419
1420
1421
1422
1423
1424
1425
1426
1427
1428
1429
1430
1431
1432
1433
1434
1435
1436
1437
1438
1439
1440
1441
1442
1443
1444
1445
1446
1447
1448
1449
1450
1451
1452
1453
1454
1455
1456
1457
1458
1459
1460
1461
1462
1463
1464
1465
1466
1467
1468
1469
1470
1471
1472
1473
1474
1475
1476
1477
1478
1479
1480
1481
1482
1483
1484
1485
1486
1487
1488
1489
1490
1491
1492
1493
1494
1495
1496
1497
1498
1499
1500
1501
1502
1503
1504
1505
1506
1507
1508
1509
1510
1511
1512
1513
1514
1515
1516
1517
1518
1519
1520
1521
1522
1523
1524
1525
1526
1527
1528
1529
1530
1531
1532
1533
1534
1535
1536
1537
1538
1539
1540
1541
1542
1543
1544
1545
1546
1547
1548
1549
1550
1551
1552
1553
1554
1555
1556
1557
1558
1559
1560
1561
1562
1563
1564
1565
1566
1567
1568
1569
1570
1571
1572
1573
1574
1575
1576
1577
1578
1579
1580
1581
1582
1583
1584
1585
1586
1587
1588
1589
1590
1591
1592
1593
1594
1595
1596
1597
1598
1599
1600
1601
1602
1603
1604
1605
1606
1607
1608
1609
1610
1611
1612
1613
1614
1615
1616
1617
1618
1619
1620
1621
1622
1623
1624
1625
1626
1627
1628
1629
1630
1631
1632
1633
1634
1635
1636
1637
1638
1639
1640
1641
1642
1643
1644
1645
1646
1647
1648
1649
1650
1651
1652
1653
1654
1655
1656
1657
1658
1659
1660
1661
1662
1663
1664
1665
1666
1667
1668
1669
1670
1671
1672
1673
1674
1675
1676
1677
1678
1679
1680
1681
1682
1683
1684
1685
1686
1687
1688
1689
1690
1691
1692
1693
1694
1695
1696
1697
1698
1699
1700
1701
1702
1703
1704
1705
1706
1707
1708
1709
1710
1711
1712
1713
1714
1715
1716
1717
1718
1719
1720
1721
1722
1723
1724
1725
1726
1727
1728
1729
1730
1731
1732
1733
1734
1735
1736
1737
1738
1739
1740
1741
1742
1743
1744
1745
1746
1747
1748
1749
1750
1751
1752
1753
1754
1755
1756
1757
1758
1759
1760
1761
1762
1763
1764
1765
1766
1767
1768
1769
1770
1771
1772
1773
1774
1775
1776
1777
1778
1779
1780
1781
1782
1783
1784
1785
1786
1787
1788
1789
1790
1791
1792
1793
1794
1795
1796
1797
1798
1799
1800
1801
1802
1803
1804
1805
1806
1807
1808
1809
1810
1811
1812
1813
1814
1815
1816
1817
1818
1819
1820
1821
1822
1823
1824
1825
1826
1827
1828
1829
1830
1831
1832
1833
1834
1835
1836
1837
1838
1839
1840
1841
1842
1843
1844
1845
1846
1847
1848
1849
1850
1851
1852
1853
1854
1855
1856
1857
1858
1859
1860
1861
1862
1863
1864
1865
1866
1867
1868
1869
1870
1871
1872
1873
1874
1875
1876
1877
1878
1879
1880
1881
1882
1883
1884
1885
1886
1887
1888
1889
1890
1891
1892
1893
1894
1895
1896
1897
1898
1899
1900
1901
1902
1903
1904
1905
1906
1907
1908
1909
1910
1911
1912
1913
1914
1915
1916
1917
1918
1919
1920
1921
1922
1923
1924
1925
1926
1927
1928
1929
1930
1931
1932
1933
1934
1935
1936
1937
1938
1939
1940
1941
1942
1943
1944
1945
1946
1947
1948
1949
1950
1951
1952
1953
1954
1955
1956
1957
1958
1959
1960
1961
1962
1963
1964
1965
1966
1967
1968
1969
1970
1971
1972
1973
1974
1975
1976
1977
1978
1979
1980
1981
1982
1983
1984
1985
1986
1987
1988
1989
1990
1991
1992
1993
1994
1995
1996
1997
1998
1999
2000
2001
2002
2003
2004
2005
2006
2007
2008
2009
2010
2011
2012
2013
2014
2015
2016
2017
2018
2019
2020
2021
2022
2023
2024
2025
2026
2027
2028
2029
2030
2031
2032
2033
2034
2035
2036
2037
2038
2039
2040
2041
2042
2043
2044
2045
2046
2047
2048
2049
2050
2051
2052
2053
2054
2055
2056
2057
2058
2059
2060
2061
2062
2063
2064
2065
2066
2067
2068
2069
2070
2071
2072
2073
2074
2075
2076
2077
2078
2079
2080
2081
2082
2083
2084
2085
2086
2087
2088
2089
2090
2091
2092
2093
2094
2095
2096
2097
2098
2099
2100
2101
2102
2103
2104
2105
2106
2107
2108
2109
2110
2111
2112
2113
2114
2115
2116
2117
2118
2119
2120
2121
2122
2123
2124
2125
2126
2127
2128
2129
2130
2131
2132
2133
2134
2135
2136
2137
2138
2139
2140
2141
2142
2143
2144
2145
2146
2147
2148
2149
2150
2151
2152
2153
2154
2155
2156
2157
2158
2159
2160
2161
2162
2163
2164
2165
2166
2167
2168
2169
2170
2171
2172
2173
2174
2175
2176
2177
2178
2179
2180
2181
2182
2183
2184
2185
2186
2187
2188
2189
2190
2191
2192
2193
2194
2195
2196
2197
2198
2199
2200
2201
2202
2203
2204
2205
2206
2207
2208
2209
2210
2211
2212
2213
2214
2215
2216
2217
2218
2219
2220
2221
2222
2223
2224
2225
2226
2227
2228
2229
2230
2231
2232
2233
2234
2235
2236
2237
2238
2239
2240
2241
2242
2243
2244
2245
2246
2247
2248
2249
2250
2251
2252
2253
2254
2255
2256
2257
2258
2259
2260
2261
2262
2263
2264
2265
2266
2267
2268
2269
2270
2271
2272
2273
2274
2275
2276
2277
2278
2279
2280
2281
2282
2283
2284
2285
2286
2287
2288
2289
2290
2291
2292
2293
2294
2295
2296
2297
2298
2299
2300
2301
2302
2303
2304
2305
2306
2307
2308
2309
2310
2311
2312
2313
2314
2315
2316
2317
2318
2319
2320
2321
2322
2323
2324
2325
2326
2327
2328
2329
2330
2331
2332
2333
2334
2335
2336
2337
2338
2339
2340
2341
2342
2343
2344
2345
2346
2347
2348
2349
2350
2351
2352
2353
2354
2355
2356
2357
2358
2359
2360
2361
2362
2363
2364
2365
2366
2367
2368
2369
2370
2371
2372
2373
2374
2375
2376
2377
2378
2379
2380
2381
2382
2383
2384
2385
2386
2387
2388
2389
2390
2391
2392
2393
2394
2395
2396
2397
2398
2399
2400
2401
2402
2403
2404
2405
2406
2407
2408
2409
2410
2411
2412
2413
2414
2415
2416
2417
2418
2419
2420
2421
2422
2423
2424
2425
2426
2427
2428
2429
2430
2431
2432
2433
2434
2435
2436
2437
2438
2439
2440
2441
2442
2443
2444
2445
2446
2447
2448
2449
2450
2451
2452
2453
2454
2455
2456
2457
2458
2459
2460
2461
2462
2463
2464
2465
2466
2467
2468
2469
2470
2471
2472
2473
2474
2475
2476
2477
2478
2479
2480
2481
2482
2483
2484
2485
2486
2487
2488
2489
2490
2491
2492
2493
2494
2495
2496
2497
2498
2499
2500
2501
2502
2503
2504
2505
2506
2507
2508
2509
2510
2511
2512
2513
2514
2515
2516
2517
2518
2519
2520
2521
2522
2523
2524
2525
2526
2527
2528
2529
2530
2531
2532
2533
2534
2535
2536
2537
2538
2539
2540
2541
2542
2543
2544
2545
2546
2547
2548
2549
2550
2551
2552
2553
2554
2555
2556
2557
2558
2559
2560
2561
2562
2563
2564
2565
2566
2567
2568
2569
2570
2571
2572
2573
2574
2575
2576
2577
2578
2579
2580
2581
2582
2583
2584
2585
2586
2587
2588
2589
2590
2591
2592
2593
2594
2595
2596
2597
2598
2599
2600
2601
2602
2603
2604
2605
2606
2607
2608
2609
2610
2611
2612
2613
2614
2615
2616
2617
2618
2619
2620
2621
2622
2623
2624
2625
2626
2627
2628
2629
2630
2631
2632
2633
2634
2635
2636
2637
2638
2639
2640
2641
2642
2643
2644
2645
2646
2647
2648
2649
2650
2651
2652
2653
2654
2655
2656
2657
2658
2659
2660
2661
2662
2663
2664
2665
2666
2667
2668
2669
2670
2671
2672
2673
2674
2675
2676
2677
2678
2679
2680
2681
2682
2683
2684
2685
2686
2687
2688
2689
2690
2691
2692
2693
2694
2695
2696
2697
2698
2699
2700
2701
2702
2703
2704
2705
2706
2707
2708
2709
2710
2711
2712
2713
2714
2715
2716
2717
2718
2719
2720
2721
2722
2723
2724
2725
2726
2727
2728
2729
2730
2731
2732
2733
2734
2735
2736
2737
2738
2739
2740
2741
2742
2743
2744
2745
2746
2747
2748
2749
2750
2751
2752
2753
2754
2755
2756
2757
2758
2759
2760
2761
2762
2763
2764
2765
2766
2767
2768
2769
2770
2771
2772
2773
2774
2775
2776
2777
2778
2779
2780
2781
2782
2783
2784
2785
2786
2787
2788
2789
2790
2791
2792
2793
2794
2795
2796
2797
2798
2799
2800
2801
2802
2803
2804
2805
2806
2807
2808
2809
2810
2811
2812
2813
2814
2815
2816
2817
2818
2819
2820
2821
2822
2823
2824
2825
2826
2827
2828
2829
2830
2831
2832
2833
2834
2835
2836
2837
2838
2839
2840
2841
2842
2843
2844
2845
2846
2847
2848
2849
2850
2851
2852
2853
2854
2855
2856
2857
2858
2859
2860
2861
2862
2863
2864
2865
2866
2867
2868
2869
2870
2871
2872
2873
2874
2875
2876
2877
2878
2879
2880
2881
2882
2883
2884
2885
2886
2887
2888
2889
2890
2891
2892
2893
2894
2895
2896
2897
2898
2899
2900
2901
2902
2903
2904
2905
2906
2907
2908
2909
2910
2911
2912
2913
2914
2915
2916
2917
2918
2919
2920
2921
2922
2923
2924
2925
2926
2927
2928
2929
2930
2931
2932
2933
2934
2935
2936
2937
2938
2939
2940
2941
2942
2943
2944
2945
2946
2947
2948
2949
2950
2951
2952
2953
2954
2955
2956
2957
2958
2959
2960
2961
2962
2963
2964
2965
2966
2967
2968
2969
2970
2971
2972
2973
2974
2975
2976
2977
2978
2979
2980
2981
2982
2983
2984
2985
2986
2987
2988
2989
2990
2991
2992
2993
2994
2995
2996
2997
2998
2999
3000
3001
3002
3003
3004
3005
3006
3007
3008
3009
3010
3011
3012
3013
3014
3015
3016
3017
3018
3019
3020
3021
3022
3023
3024
3025
3026
3027
3028
3029
3030
3031
3032
3033
3034
3035
3036
3037
3038
3039
3040
3041
3042
3043
3044
3045
3046
3047
3048
3049
3050
3051
3052
3053
3054
3055
3056
3057
3058
3059
3060
3061
3062
3063
3064
3065
3066
3067
3068
3069
3070
3071
3072
3073
3074
3075
3076
3077
3078
3079
3080
3081
3082
3083
3084
3085
3086
3087
3088
3089
3090
3091
3092
3093
3094
3095
3096
3097
3098
3099
3100
3101
3102
3103
3104
3105
3106
3107
3108
3109
3110
3111
3112
3113
3114
3115
3116
3117
3118
3119
3120
3121
3122
3123
3124
3125
3126
3127
3128
3129
3130
3131
3132
3133
3134
3135
3136
3137
3138
3139
3140
3141
3142
3143
3144
3145
3146
3147
3148
3149
3150
3151
3152
3153
3154
3155
3156
3157
3158
3159
3160
3161
3162
3163
3164
3165
3166
3167
3168
3169
3170
3171
3172
3173
3174
3175
3176
3177
3178
3179
3180
3181
3182
3183
3184
3185
3186
3187
3188
3189
3190
3191
3192
3193
3194
3195
3196
3197
3198
3199
3200
3201
3202
3203
3204
3205
3206
3207
3208
3209
3210
3211
3212
3213
3214
3215
3216
3217
3218
3219
3220
3221
3222
3223
3224
3225
3226
3227
3228
3229
3230
3231
3232
3233
3234
3235
3236
3237
3238
3239
3240
3241
3242
3243
3244
3245
3246
3247
3248
3249
3250
3251
3252
3253
3254
3255
3256
3257
3258
3259
3260
3261
3262
3263
3264
3265
3266
3267
3268
3269
3270
3271
3272
3273
3274
3275
3276
3277
3278
3279
3280
3281
3282
3283
3284
3285
3286
3287
3288
3289
3290
3291
3292
3293
3294
3295
3296
3297
3298
3299
3300
3301
3302
3303
3304
3305
3306
3307
3308
3309
3310
3311
3312
3313
3314
3315
3316
3317
3318
3319
3320
3321
3322
3323
3324
3325
3326
3327
3328
3329
3330
3331
3332
3333
3334
3335
3336
3337
3338
3339
3340
3341
3342
3343
3344
3345
3346
3347
3348
3349
3350
3351
3352
3353
3354
3355
3356
3357
3358
3359
3360
3361
3362
3363
3364
3365
3366
3367
3368
3369
3370
3371
3372
3373
3374
3375
3376
3377
3378
3379
3380
3381
3382
3383
3384
3385
3386
3387
3388
3389
3390
3391
3392
3393
3394
3395
3396
3397
3398
3399
3400
3401
3402
3403
3404
3405
3406
3407
3408
3409
3410
3411
3412
3413
3414
3415
3416
3417
3418
3419
3420
3421
3422
3423
3424
3425
3426
3427
3428
3429
3430
3431
3432
3433
3434
3435
3436
3437
3438
3439
3440
3441
3442
3443
3444
3445
3446
3447
3448
3449
3450
3451
3452
3453
3454
3455
3456
3457
3458
3459
3460
3461
3462
3463
3464
3465
3466
3467
3468
3469
3470
3471
3472
3473
3474
3475
3476
3477
3478
3479
3480
3481
3482
3483
3484
3485
3486
3487
3488
3489
3490
3491
3492
3493
3494
3495
3496
3497
3498
3499
3500
3501
3502
3503
3504
3505
3506
3507
3508
3509
3510
3511
3512
3513
3514
3515
3516
3517
3518
3519
3520
3521
3522
3523
3524
3525
3526
3527
3528
3529
3530
3531
3532
3533
3534
3535
3536
3537
3538
3539
3540
3541
3542
3543
3544
3545
3546
3547
3548
3549
3550
3551
3552
3553
3554
3555
3556
3557
3558
3559
3560
3561
3562
3563
3564
3565
3566
3567
3568
3569
3570
3571
3572
3573
3574
3575
3576
3577
3578
3579
3580
3581
3582
3583
3584
3585
3586
3587
3588
3589
3590
3591
3592
3593
3594
3595
3596
3597
3598
3599
3600
3601
3602
3603
3604
3605
3606
3607
3608
3609
3610
3611
3612
3613
3614
3615
3616
3617
3618
3619
3620
3621
3622
3623
3624
3625
3626
3627
3628
3629
3630
3631
3632
3633
3634
3635
3636
3637
3638
3639
3640
3641
3642
3643
3644
3645
3646
3647
3648
3649
3650
3651
3652
3653
3654
3655
3656
3657
3658
3659
3660
3661
3662
3663
3664
3665
3666
3667
3668
3669
3670
3671
3672
3673
3674
3675
3676
3677
3678
3679
3680
3681
3682
3683
3684
3685
3686
3687
3688
3689
3690
3691
3692
3693
3694
3695
3696
3697
3698
3699
3700
3701
3702
3703
3704
3705
3706
3707
3708
3709
3710
3711
3712
3713
3714
3715
3716
3717
3718
3719
3720
3721
3722
3723
3724
3725
3726
3727
3728
3729
3730
3731
3732
3733
3734
3735
3736
3737
3738
3739
3740
3741
3742
3743
3744
3745
3746
3747
3748
3749
3750
3751
3752
3753
3754
3755
3756
3757
3758
3759
3760
3761
3762
3763
3764
3765
3766
3767
3768
3769
3770
3771
3772
3773
3774
3775
3776
3777
3778
3779
3780
3781
3782
3783
3784
3785
3786
3787
3788
3789
3790
3791
3792
3793
3794
3795
3796
3797
3798
3799
3800
3801
3802
3803
3804
3805
3806
3807
3808
3809
3810
3811
3812
3813
3814
3815
3816
3817
3818
3819
3820
3821
3822
3823
3824
3825
3826
3827
3828
3829
3830
3831
3832
3833
3834
3835
3836
3837
3838
3839
3840
3841
3842
3843
3844
3845
3846
3847
3848
3849
3850
3851
3852
3853
3854
3855
3856
3857
3858
3859
3860
3861
3862
3863
3864
3865
3866
3867
3868
3869
3870
3871
3872
3873
3874
3875
3876
3877
3878
3879
3880
3881
3882
3883
3884
3885
3886
3887
3888
3889
3890
3891
3892
3893
3894
3895
3896
3897
3898
3899
3900
3901
3902
3903
3904
3905
3906
3907
3908
3909
3910
3911
3912
3913
3914
3915
3916
3917
3918
3919
3920
3921
3922
3923
3924
3925
3926
3927
3928
3929
3930
3931
3932
3933
3934
3935
3936
3937
3938
3939
3940
3941
3942
3943
3944
3945
3946
3947
3948
3949
3950
3951
3952
3953
3954
3955
3956
3957
3958
3959
3960
3961
3962
3963
3964
3965
3966
3967
3968
3969
3970
3971
3972
3973
3974
3975
3976
3977
3978
3979
3980
3981
3982
3983
3984
3985
3986
3987
3988
3989
3990
3991
3992
3993
3994
3995
3996
3997
3998
3999
4000
4001
4002
4003
4004
4005
4006
4007
4008
4009
4010
4011
4012
4013
4014
4015
4016
4017
4018
4019
4020
4021
4022
4023
4024
4025
4026
4027
4028
4029
4030
4031
4032
4033
4034
4035
4036
4037
4038
4039
4040
4041
4042
4043
4044
4045
4046
4047
4048
4049
4050
4051
4052
4053
4054
4055
4056
4057
4058
4059
4060
4061
4062
4063
4064
4065
4066
4067
4068
4069
4070
4071
4072
4073
4074
4075
4076
4077
4078
4079
4080
4081
4082
4083
4084
4085
4086
4087
4088
4089
4090
4091
4092
4093
4094
4095
4096
4097
4098
4099
4100
4101
4102
4103
4104
4105
4106
4107
4108
4109
4110
4111
4112
4113
4114
4115
4116
4117
4118
4119
4120
4121
4122
4123
4124
4125
4126
4127
4128
4129
4130
4131
4132
4133
4134
4135
4136
4137
4138
4139
4140
4141
4142
4143
4144
4145
4146
4147
4148
4149
4150
4151
4152
4153
4154
4155
4156
4157
4158
4159
4160
4161
4162
4163
4164
4165
4166
4167
4168
4169
4170
4171
4172
4173
4174
4175
4176
4177
4178
4179
4180
4181
4182
4183
4184
4185
4186
4187
4188
4189
4190
4191
4192
4193
4194
4195
4196
4197
4198
4199
4200
4201
4202
4203
4204
4205
4206
4207
4208
4209
4210
4211
4212
4213
4214
4215
4216
4217
4218
4219
4220
4221
4222
4223
4224
4225
4226
4227
4228
4229
4230
4231
4232
4233
4234
4235
4236
4237
4238
4239
4240
4241
4242
4243
4244
4245
4246
4247
4248
4249
4250
4251
4252
4253
4254
4255
4256
4257
4258
4259
4260
4261
4262
4263
4264
4265
4266
4267
4268
4269
4270
4271
4272
4273
4274
4275
4276
4277
4278
4279
4280
4281
4282
4283
4284
4285
4286
4287
4288
4289
4290
4291
4292
4293
4294
4295
4296
4297
4298
4299
4300
4301
4302
4303
4304
4305
4306
4307
4308
4309
4310
4311
4312
4313
4314
4315
4316
4317
4318
4319
4320
4321
4322
4323
4324
4325
4326
4327
4328
4329
4330
4331
4332
4333
4334
4335
4336
4337
4338
4339
4340
4341
4342
4343
4344
4345
4346
4347
4348
4349
4350
4351
4352
4353
4354
4355
4356
4357
4358
4359
4360
4361
4362
4363
4364
4365
4366
4367
4368
4369
4370
4371
4372
4373
4374
4375
4376
4377
4378
4379
4380
4381
4382
4383
4384
4385
4386
4387
4388
4389
4390
4391
4392
4393
4394
4395
4396
4397
4398
4399
4400
4401
4402
4403
4404
4405
4406
4407
4408
4409
4410
4411
4412
4413
4414
4415
4416
4417
4418
4419
4420
4421
4422
4423
4424
4425
4426
4427
4428
4429
4430
4431
4432
4433
4434
4435
4436
4437
4438
4439
4440
4441
4442
4443
4444
4445
4446
4447
4448
4449
4450
4451
4452
4453
4454
4455
4456
4457
4458
4459
4460
4461
4462
4463
4464
4465
4466
4467
4468
4469
4470
4471
4472
4473
4474
4475
4476
4477
4478
4479
4480
4481
4482
4483
4484
4485
4486
4487
4488
4489
4490
4491
4492
4493
4494
4495
4496
4497
4498
4499
4500
4501
4502
4503
4504
4505
4506
4507
4508
4509
4510
4511
4512
4513
4514
4515
4516
4517
4518
4519
4520
4521
4522
4523
4524
4525
4526
4527
4528
4529
4530
4531
4532
4533
4534
4535
4536
4537
4538
4539
4540
4541
4542
4543
4544
4545
4546
4547
4548
4549
4550
4551
4552
4553
4554
4555
4556
4557
4558
4559
4560
4561
4562
4563
4564
4565
4566
4567
4568
4569
4570
4571
4572
4573
4574
4575
4576
4577
4578
4579
4580
4581
4582
4583
4584
4585
4586
4587
4588
4589
4590
4591
4592
4593
4594
4595
4596
4597
4598
4599
4600
4601
4602
4603
4604
4605
4606
4607
4608
4609
4610
4611
4612
4613
4614
4615
4616
4617
4618
4619
4620
4621
4622
4623
4624
4625
4626
4627
4628
4629
4630
4631
4632
4633
4634
4635
4636
4637
4638
4639
4640
4641
4642
4643
4644
4645
4646
4647
4648
4649
4650
4651
4652
4653
4654
4655
4656
4657
4658
4659
4660
4661
4662
4663
4664
4665
0.3344576044471362 0.3959366757540787 0
0.3103447762443117 0.9762914343499181 0
0.02454761753453971 0.6912940983925278 0
0.6024844577338536 0.6792597405123671 0
0.02627516879897784 0.5752267612486831 0
0.425498104528638 0.9737244243810239 0
0.6022522205093057 0.5843421559908515 0
0.02561651978514384 0.8109208371521596 0
0.8116039707420444 0.02838845970330478 0
0.2421118184908244 0.3830464065593109 0
0.6461833247295434 0.2300239061683281 0
0.9745286645945753 0.2205882352941178 0
0.6234913807568693 0.7721567509588381 0
0.191885991261412 0.9753593165258989 0
0.4318165691779277 0.396761228638278 0
0.02871054708349707 0.4872681740020701 0
0.7867649116632716 0.3570802588182054 0
0.513076739908048 0.9720174844369736 0
0.720290149421839 0.02509337883897617 0
0.9722009684733915 0.1349469900118418 0
0.6188533884629623 0.4929819615613956 0
0.6500713826768254 0.8275346847447977 0
0.9701734715302535 0.3054822666642883 0
0.1900578977686548 0.3593943677311449 0
0.6071735212196716 0.1683195791391934 0
0.1021272703764294 0.9724183847435539 0
0.1020084443128518 0.024512620782489 0
0.9757918678526822 0.8965263424853092 0
0.4911203434002437 0.3853519164812097 0
0.02443762364785063 0.3983445527926235 0
0.8383618622291398 0.4073490132190176 0
0.8342149248992357 0.857006873154077 0
0.6029411764705874 0.9745286645945752 0
0.02533889200695871 0.1338857188469899 0
0.8991845308299578 0.02660382308972647 0
0.6318967345960733 0.02300631353206406 0
0.1522203497209893 0.1578985629140325 0
0.5474655275577096 0.3658981068389255 0
0.8641107575242899 0.8014060684506267 0
0.5544924455947422 0.1313858935479127 0
0.02547133540542468 0.8970588235294117 0
0.8974607964261888 0.9735207962851572 0
0.9756179937782732 0.4264702688233544 0
0.195543004599141 0.02452526458169224 0
0.7053336544907801 0.3609752211152443 0
0.1307083310750059 0.316459884343766 0
0.6943161161865048 0.8809150047597689 0
0.975082154460601 0.3666904626616676 0
0.02457819213834561 0.6339290997601935 0
0.02487332940783676 0.7499999999999998 0
0.2480891287165132 0.9752112779930393 0
0.3678160962100281 0.974365807878685 0
0.9756577225887967 0.4832098073822336 0
0.9740631909517043 0.8387158446609665 0
0.8398611064487448 0.9754954832914883 0
0.5147853899904392 0.02417650810216687 0
0.6577040349502757 0.4061939906606833 0
0.02547721255987379 0.1920089824624415 0
0.8815973539994557 0.7403634197527179 0
0.2500934483457926 0.01947344851868749 0
0.5726687218645508 0.02549547155013981 0
0.8713013300029049 0.4641170360934831 0
0.02644550616639418 0.3391795401839964 0
0.7699043917861113 0.8960355317428114 0
0.9727858843664424 0.5449875903717779 0
0.458741168139391 0.02600777900712492 0
0.2138854441584517 0.1272511560424697 0
0.9710460405910177 0.6941402192159395 0
0.3109915820392695 0.025587705891713 0
0.09681448117794095 0.2538208329737782 0
0.6597357601406036 0.9757874885417248 0
0.3696424764290697 0.02434578227862411 0
0.9699307553268763 0.7778729790271833 0
0.9750880287010073 0.6019460246643098 0
0.9722325499874751 0.07307808056946763 0
0.02399490097823048 0.07261533966861905 0
0.721537992023241 0.9750380765794011 0
0.6300296163254611 0.3055458557962397 0
0.9016364668088349 0.6520302964519086 0
0.4924789471700097 0.1128563843436924 0
0.8906405493965137 0.5229734624058439 0
0.2749332386477832 0.1090445570173432 0
0.3948934202316037 0.1004899497898063 0
0.02299293900374771 0.2777325336408109 0
0.3360621035566257 0.1011059232612612 0
0.7785647568040147 0.9750224147587231 0
0.8994809496349105 0.5860824194027417 0
0.736331759881472 0.3463336399081726 0
0.7127623111466909 0.3306454490974674 0
0.740641805736557 0.3183766764578097 0
0.7164875522470456 0.3014763843917563 0
0.7432728665867208 0.2891888766364774 0
0.7193175700767447 0.272290100260408 0
0.7459711372877154 0.2599990019061998 0
0.7699214328850943 0.2769041966173471 0
0.7725920686126113 0.2476994049103575 0
0.796556710365628 0.2646154007328448 0
0.7992229380524773 0.2353974808277585 0
0.7752515401108695 0.2184832623048586 0
0.8018878761142679 0.2061759851843441 0
0.7779075971725531 0.1892566957094286 0
0.8045565360343748 0.1769453578594927 0
0.8231963107842949 0.2523126839234929 0
0.7805669003944125 0.1600211217842038 0
0.8072200427735591 0.1477049957869758 0
0.8312147963971315 0.1646358424290312 0
0.7539190150476595 0.1723361799643852 0
0.8338802811369651 0.1353879136891161 0
0.7565760082045168 0.1430958642086794 0
0.7299228608239542 0.155414590677913 0
0.8578802951971792 0.1523240268367508 0
0.8605474955427883 0.1230673760895785 0
0.73257776943179 0.126161601632831 0
0.7059109892642224 0.1384885650038645 0
0.8205228320470298 0.2815478611596388 0
0.8471768381775313 0.2692357225662237 0
0.8444985183889624 0.2984854186028362 0
0.8711648896820451 0.286170164715096 0
0.8738331519527616 0.256921830824637 0
0.8684918073964579 0.315419282655963 0
0.7584582295936841 0.1149530644955252 0
0.7219972383327378 0.2430927391039356 0
0.7085688409151178 0.1092235594377324 0
0.681887814687863 0.1215545792085443 0
0.8845526488752564 0.1400068915203454 0
0.881878244579529 0.1692570433598282 0
0.8872224452968045 0.1107431957000719 0
0.8632103382319333 0.09380157083178697 0
0.8978298277276775 0.2738549808055533 0
0.9004887730829851 0.2446116064396919 0
0.6845475051089283 0.09227770438181276 0
0.6578524090097775 0.1046106499956464 0
0.7045424401118197 0.1678611930486859 0
0.9239584960117502 0.2614891647443964 0
0.9085584717546797 0.1569502544134992 0
0.6890844919070835 0.3401582275062026 0
0.1013643689717513 0.2207189639867188 0
0.1124772467552472 0.1904951523906301 0
0.07498080177744071 0.2322831297873084 0
0.654532534646203 0.2575574715570815 0
0.7408349422854232 0.9027245417137167 0
0.04374127675672057 0.9765247019304293 0
0.971531787329948 0.9559448163323382 0
0.8418146406743987 0.3277383605708781 0
0.865816508756787 0.3446933026594372 0
0.8925084349672505 0.3323793739948089 0
0.8898266728569658 0.3616658207382669 0
0.1008285215966811 0.280778104613833 0
0.8098799284890374 0.1184563052490624 0
0.9212388785450389 0.2896783687242264 0
0.8764956760313978 0.2276907116698138 0
0.9058744493863718 0.1861953238694065 0
0.9325628068947653 0.173881019174419 0
0.9150884666645642 0.3495355463233114 0
0.912274172132898 0.3788417032943925 0
0.6552703062022964 0.1332475702032 0
0.6311434636719142 0.1170068682320234 0
0.6338096458018955 0.08765378373878546 0
0.6022611802675029 0.1036511469854395 0
0.07814218862254868 0.198407256237397 0
0.09163556299451531 0.1689854190531157 0
0.889766544715467 0.08164967710573556 0
0.9121042453045729 0.0982862905287788 0
0.8657266798587199 0.06473356775356559 0
0.8395701379420653 0.07693315335843209 0
0.6093680333473561 0.07218968489045396 0
0.585135596094744 0.08349841360174365 0
0.7147756492300396 0.07725326585357978 0
0.6877500026438814 0.06178207421945564 0
0.9152873375941131 0.07029114306315376 0
0.7991604180972276 0.8916950750291566 0
0.7874768349467294 0.9230737251750853 0
0.8183531345117407 0.9127130891748108 0
0.6416384250877061 0.2013464584985833 0
0.6721426220168294 0.2079210487917545 0
0.8367848562026481 0.3587039112788841 0
0.9558893933834796 0.02489585093876279 0
0.04445962768549194 0.0222439447418501 0
0.9266475594810859 0.2322452158507606 0
0.8878840020175796 0.3910913144059774 0
0.9107094480352614 0.4073326009758899 0
0.9328085495139812 0.3937918674355644 0
0.6936984602000212 0.2810004729505025 0
0.6609341567824769 0.1796290212560827 0
0.6142479861313639 0.3292855302395472 0
0.5915926779039258 0.3506235642487792 0
0.6222589731272852 0.3556365939370496 0
0.6053557299891215 0.3796752454660194 0
0.8100320330663717 0.9393598423923247 0
0.838194055493185 0.9311169459217972 0
0.8471825532715269 0.904863475317415 0
0.8670589640945116 0.92516257545535 0
0.875834415434368 0.8978545548396655 0
0.8958972904834518 0.9192178566917802 0
0.90452324434494 0.8912651620459047 0
0.8853995265121534 0.8700891677813667 0
0.9132780218440132 0.8632130805618058 0
0.9241820908559375 0.9131692217793032 0
0.8943675409558703 0.8428168481987925 0
0.9216662193330412 0.8351281393789951 0
0.640889094781649 0.3316443441909115 0
0.6492219877281226 0.356988266061026 0
0.886396666454294 0.4196987997813739 0
0.9081468406520913 0.4370121440504723 0
0.6683561323482081 0.8667606862549159 0
0.6678329936416358 0.8939927667331858 0
0.6435232691994361 0.8775794157412417 0
0.6417260411300564 0.9062147815182817 0
0.6173864552466517 0.8896103710562709 0
0.6917870152775727 0.9102933503750715 0
0.6151745289508156 0.9187673521722908 0
0.5908737028044126 0.9021273302510282 0
0.5932165586086567 0.872781484183464 0
0.5667609246135674 0.8851950358014272 0
0.5689993390433764 0.8559998962411539 0
0.5425326394372327 0.8684237315708797 0
0.5447524843444848 0.8392523335529165 0
0.518127609938565 0.85188030844264 0
0.52046085683885 0.8225648830191306 0
0.4938368563680055 0.8351871147442627 0
0.4961920725622875 0.8058388532037818 0
0.4695559839422239 0.8184618453343084 0
0.471936466166946 0.7891016789342742 0
0.4452859243756837 0.8017178501547136 0
0.4476745003584736 0.7723689271781653 0
0.4210452950050095 0.785001657074798 0
0.4234079483523808 0.7556393395102363 0
0.3967747307319855 0.7682687751538404 0
0.3991471821871784 0.7389030458579322 0
0.3725077030192212 0.7515268924398358 0
0.3748897337327249 0.7221721727623205 0
0.3482637424326744 0.7348072870832519 0
0.3506284307588832 0.7054389624699342 0
0.3240093972948145 0.7180829901636443 0
0.3263678173622502 0.6887072799524538 0
0.3529904987624309 0.6760618461737951 0
0.3287265195609942 0.6593290779164449 0
0.3021048022729859 0.6719776140747363 0
0.3044614988921657 0.6425982163775016 0
0.3553521810877603 0.6466792834638019 0
0.2778412771291352 0.6552469112951514 0
0.2801974455898191 0.6258680191525234 0
0.32163007317286 0.7474443499158856 0
0.2535788064208013 0.6385165125770198 0
0.2559337410369817 0.6091384703977294 0
0.2512231088710246 0.6678906261558106 0
0.4257795731423438 0.7262791366355987 0
0.2825562952881992 0.5964876800167248 0
0.2582872489389652 0.5797579999525037 0
0.2316694290573464 0.5924107370368932 0
0.234019020239025 0.563029740380478 0
0.3943849264508038 0.7976250773071265 0
0.2074029231522995 0.5756804491743506 0
0.2097537381569526 0.5463008141288485 0
0.2849155795027495 0.5671080537187955 0
0.183137310750893 0.5589502460477785 0
0.1807813003715515 0.5883234404636573 0
0.1854879405554529 0.5295722194497751 0
0.4985774028751891 0.7765011749192932 0
0.2121083047229024 0.5169206847075108 0
0.1878384248729176 0.5001909475372834 0
0.1588767037155711 0.5422613062668031 0
0.4671517436936724 0.847814150514502 0
0.214463399180172 0.4875356877988123 0
0.1901894663360433 0.4708068150793407 0
0.1635692668261678 0.4834599644611647 0
0.1659169726465057 0.4540812886876013 0
0.1393021276042292 0.4667322960607633 0
0.1416453440337565 0.4373625005398428 0
0.5156223436343246 0.8810647224029632 0
0.1153508153148521 0.4495621165542539 0
0.1174354998004689 0.4205763195501961 0
0.1123847367379083 0.4777584510679568 0
0.2269657602256756 0.6511644409204148 0
0.2246074859899705 0.6805293159826504 0
0.2003578827971213 0.6638086998721118 0
0.1980000946335695 0.693166758357511 0
0.1737546011456604 0.6764481172448631 0
0.1714003971451212 0.7058027170533184 0
0.195641219135534 0.7225205795134769 0
0.169047484881755 0.7351591042794142 0
0.1932813186815029 0.7518706872746052 0
0.1666924257163377 0.7645075071139547 0
0.1909238361606912 0.7812163832658896 0
0.1643362119608973 0.7938483590876799 0
0.188566158915649 0.8105577050126013 0
0.1619810252025441 0.823187547094581 0
0.1862087133574892 0.8398953645881064 0
0.2127940190736543 0.8272676798597355 0
0.1596247173465282 0.8525214059039805 0
0.2104397469940859 0.8566096645487261 0
0.2370247189252758 0.8439817695951816 0
0.1448109171124431 0.718469060591557 0
0.1401070306931824 0.7771538750861995 0
0.1353971046313399 0.835814726812705 0
0.1330427911789544 0.8651459052373085 0
0.2393814907755094 0.8146383290186276 0
0.2636123468273294 0.8313518587623299 0
0.2612524772314567 0.8606942958515913 0
0.2878436921025856 0.8480665034090499 0
0.2198814496760816 0.7392466043920429 0
0.2854821832926947 0.8774076032748388 0
0.3120744106481184 0.8647815834785288 0
0.1572693745700018 0.8818546473279325 0
0.1088201462697874 0.8484436072473024 0
0.1064656437727705 0.8777699244568637 0
0.3796201817116359 0.6634165722387692 0
0.3819828295187104 0.6340285854067836 0
0.4062562090001129 0.6507703485155641 0
0.4086195846214995 0.6213744314050438 0
0.4329002754654518 0.6381214264225274 0
0.4352619811303837 0.6087179587677495 0
0.4109786435632767 0.5919721989332648 0
0.4376231084169238 0.5793127937786511 0
0.4133340048751086 0.5625631330164147 0
0.4399863950627841 0.5499024524462122 0
0.4595446373561319 0.6254662093511903 0
0.4156922342164215 0.5331508844297159 0
0.442458489675695 0.5207205420346434 0
0.4666613297391406 0.5372811951444445 0
0.4691378335834983 0.5081015320640311 0
0.493328871845223 0.5246340999559291 0
0.4956933382368108 0.4952135314402753 0
0.4187294510063918 0.5040277643674441 0
0.3915088833078806 0.5164480239754176 0
0.3944362270119158 0.4870598804847405 0
0.3672417615286102 0.4996879400572596 0
0.3866879273882954 0.5752252836442057 0
0.5199759223587234 0.511935094132521 0
0.5239089697938627 0.482748539822312 0
0.5176065419092144 0.541349018221988 0
0.4571825051099304 0.6548722406470854 0
0.4838289515313925 0.6422166433318176 0
0.4814651624549698 0.6716239474478893 0
0.5081153709378574 0.6589680168791422 0
0.5104822261395907 0.629556271777878 0
0.2387377612014052 0.5042683964869642 0
0.2410941085632942 0.4748753932996952 0
0.2653746266778135 0.491614671464101 0
0.505749315090267 0.6883758849778618 0
0.3144361588941768 0.8354366246275232 0
0.3386701039505153 0.8521546961199734 0
0.3363071027982738 0.8814995994132482 0
0.3629031188025495 0.8688735489715527 0
0.2677315508550504 0.46221229216768 0
0.4713662312255141 0.4784010909934441 0
0.2588960215583646 0.8900341575950879 0
0.5470978593137094 0.8099455896025418 0
0.5442709091224025 0.528681468401907 0
0.3605411062424424 0.8982187246804246 0
0.3871354882967269 0.8855923674548214 0
0.2973930790832356 0.7307255239219314 0
0.2659684314832347 0.8020117190992981 0
0.3091837048533348 0.583837709840617 0
0.31154082685671 0.5544558251857997 0
0.3696121285709831 0.4702900526987566 0
0.2920010454472293 0.4789520826324534 0
0.1928020967618449 0.4420890262110931 0
0.09116040521021296 0.4327596982827922 0
0.09320635413145695 0.4038434012473724 0
0.5643761261950075 0.9137634541629135 0
0.5347726609627759 0.6463107125716754 0
0.1197375250540068 0.3912774915990445 0
0.09549615670119732 0.3745791415126211 0
0.5371383012790487 0.6168971707538092 0
0.08224607720960853 0.8610685291209529 0
0.2831204486857561 0.9067448142706553 0
0.0845989652557872 0.8317438582884387 0
0.3847714834826586 0.9149356496181423 0
0.4113667847668872 0.9023110311401283 0
0.396806049518148 0.4576046733188498 0
0.2943759496755455 0.4495462415112094 0
0.5614362353872786 0.6336520186458463 0
0.07997656423341282 0.8904000194936058 0
0.1041239207730597 0.9070954578528073 0
0.07763884204015525 0.9197243615131057 0
0.4137312869511482 0.872963389911847 0
0.3410332583950028 0.82280514295137 0
0.1761093403783356 0.6470922207986131 0
0.149510322059117 0.6597317585684963 0
0.4791018017838208 0.7010297084677874 0
0.3339447633696931 0.9108405226250496 0
0.248873474268158 0.697266197116197 0
0.1518632642870412 0.6303785309407433 0
0.1252682190954284 0.6430167549741821 0
0.1276208074547926 0.6136675173434269 0
0.1010170612790859 0.6263230975990816 0
0.1033794338107918 0.5969617158165625 0
0.09867606670326079 0.6556721621315429 0
0.2439978316568937 0.4451356369186932 0
0.3577116470491141 0.6172939687068946 0
0.5128468725202032 0.6001514616040506 0
0.5418956290666531 0.5580940892503669 0
0.3168010314896198 0.8061056997011616 0
0.3647411342442313 0.5290652337140085 0
0.5033785101171141 0.7177705400721547 0
0.5300317276782733 0.7051262168394027 0
0.5276593275483943 0.7345213027843521 0
0.5538725760803456 0.7218437111137752 0
0.437959301897433 0.8896946525012099 0
0.5518663418595009 0.7512656603342802 0
0.3404939523097464 0.5123665758482094 0
0.4357261868357266 0.9188489951920303 0
0.4622119024566996 0.906388400317707 0
0.4599842275107476 0.9355342321038137 0
0.4862311750278335 0.9230717337476498 0
0.5947038554160599 0.844025903874183 0
0.07703569779545844 0.6096394435827742 0
0.07918486508553263 0.5802574449791642 0
0.1057313586212545 0.5676151837830908 0
0.08150136587947732 0.5509061284557082 0
0.1080795489188793 0.5382684713615714 0
0.08314084676674449 0.5204048519766115 0
0.5684084035500397 0.545095727264912 0
0.2567120839221879 0.9191147903981997 0
0.2323438237064477 0.9026183157692671 0
0.05619634775844884 0.5336889998542651 0
0.5824882105168111 0.7386121339223146 0
0.2311177047711556 0.9306398259698625 0
0.2059355849607483 0.9150526465808821 0
0.3720234050627205 0.4410184434306539 0
0.5767454420465671 0.771156489134868 0
0.5706422551021334 0.5145389869893149 0
0.05836960110240857 0.8450888343304225 0
0.3434380809797878 0.7934830622037647 0
0.2949944039864943 0.76007999702449 0
0.2707564332460677 0.7433575332957481 0
0.241734133115459 0.7852994851902897 0
0.4038916805271731 0.6801625033056261 0
0.4767015191883817 0.7303984555781902 0
0.2630130223450406 0.5210066581757941 0
0.3358098375692939 0.5711790588957987 0
0.3186268477852361 0.4662847843284432 0
0.5556466293724978 0.6923902407593021 0
0.2807597426775116 0.9360779006265685 0
0.06774494401887132 0.4165719727084143 0
0.0641981659541932 0.4459349357601032 0
0.6412328254991984 0.9335307560866664 0
0.1272494836370243 0.361635727134527 0
0.09791037482021453 0.3463420221430225 0
0.07195549782230737 0.3581340700436281 0
0.0744193112610369 0.3288537394260721 0
0.1454756616419491 0.3798811934737467 0
0.06055722192306429 0.1692653961331508 0
0.07282861724731465 0.1453146290486748 0
0.1014994456969331 0.1405959890879378 0
0.08208070331893319 0.1185513154580248 0
0.110850014173117 0.1128150698474703 0
0.09128816117880145 0.0908766502248341 0
0.1200975746516609 0.08494323539807935 0
0.1392108764056938 0.1067623835043329 0
0.1488421367940265 0.07895734148642658 0
0.1685083388597415 0.1009671367413551 0
0.1779204124461622 0.07387326760866614 0
0.1578920597917119 0.05216898721733848 0
0.0617596142460054 0.09787016067335996 0
0.06979241880364445 0.06863217458832982 0
0.3979316829182827 0.4291913827031391 0
0.4227875657329149 0.4448944770358766 0
0.9369977282768716 0.1408167568131772 0
0.5628452480664321 0.6056313874258429 0
0.9502821881801935 0.2771210328098537 0
0.3202785553515524 0.4381095370356923 0
0.2967272943099577 0.4201262970388676 0
0.8403902025740784 0.0477468332019565 0
0.6053450750546432 0.1353585833379977 0
0.05836481362831891 0.5042354014030278 0
0.9150457051377385 0.946902987270809 0
0.9032132498986948 0.8149489845611373 0
0.9292395500314014 0.8067048949889757 0
0.908421243175253 0.7842649693526016 0
0.6561329508832162 0.3077229638150586 0
0.9459738942064412 0.8570829494859429 0
0.8140189321746975 0.06110799976016018 0
0.7868307855228638 0.04832283591518788 0
0.7870761445280656 0.07614879539679581 0
0.7616482001597829 0.0632274802342036 0
0.8502982183971113 0.8278134271468112 0
0.5854258814941797 0.6258187994462424 0
0.1022283756356166 0.9375316231698259 0
0.1284071227096645 0.9239816204776365 0
0.07625512728329109 0.9488971842867877 0
0.05096913528422437 0.9323386563348052 0
0.6406862430510394 0.4335286913039979 0
0.6272753071107757 0.4070084971369334 0
0.6107988294978114 0.4318983716393751 0
0.0510370970453925 0.2120695429705056 0
0.04632925247897668 0.2404528916288314 0
0.06529501645023394 0.2589515266809816 0
0.4854523207421341 0.95234402840611 0
0.5117657273142934 0.9394338918407339 0
0.5402872240814266 0.9553395692814882 0
0.3764312842182765 0.4109864414802821 0
0.5974854595107769 0.5342080763033878 0
0.1468571224551478 0.3369591135558706 0
0.7615645469741462 0.03519387082477521 0
0.04047766195433411 0.4273003846129447 0
0.1973488359866171 0.094995050381113 0
0.2067793766266188 0.06791428953745404 0
0.2254177152044585 0.09190294526734716 0
0.2373472743975524 0.06559235396588359 0
0.1843062846420348 0.1430137562082507 0
0.05661034247191021 0.8145715354171428 0
0.08632327142372004 0.8023407158147952 0
0.0638139779474346 0.7842041696611215 0
0.0893781866280951 0.7728284637435365 0
0.0667306964414629 0.7546445172209808 0
0.09194258867054395 0.7434315134154574 0
0.0688481024290119 0.7252380740987699 0
0.09428922406369589 0.7140777880205287 0
0.07090586721842651 0.6960941902804166 0
0.9447000365178908 0.9343202307499079 0
0.9381697488951568 0.9635235145444149 0
0.9388841783112432 0.7786667986520464 0
0.9207183554115776 0.7554134348702692 0
0.9477093589128833 0.7511057403812536 0
0.928853696130382 0.7277055257244152 0
0.9417477207541745 0.09029794381638762 0
0.956632890496674 0.7240509715797147 0
0.9367312015550043 0.700714863808372 0
0.9471858985486501 0.6723800282610901 0
0.9105094637781543 0.704028014416218 0
0.6351246939515025 0.8010964765018701 0
0.6033419739001427 0.7933357832423527 0
0.6238045861756899 0.4626916548026478 0
0.5939332748198372 0.4560040977791706 0
0.5813843880626119 0.429612032082221 0
0.5645823864175229 0.4528210915174986 0
0.5520112606543649 0.4267473965234285 0
0.568978630263729 0.4081948753596704 0
0.541650929612264 0.3981239868430321 0
0.528209560206066 0.4232618993249959 0
0.5758386160261854 0.4809421183875365 0
0.2140495658451225 0.3719501186498768 0
0.189368111810376 0.3854590358168408 0
0.2182472793170586 0.399603619379887 0
0.0294674780978717 0.5168477831557312 0
0.7645795776308986 0.3352663222198028 0
0.9602346619612474 0.1655728867345664 0
0.6816708382241468 0.3847113057051663 0
0.9167331084044126 0.6788340306409255 0
0.8782847755821621 0.7729310506216227 0
0.5227492449482861 0.1213271826911039 0
0.5136583413752682 0.09190440760678359 0
0.485049165341945 0.08386825354377681 0
0.542078389611973 0.1004921791578782 0
0.5336126186895696 0.07082302268391905 0
0.9545210001122466 0.195650151514167 0
0.2443043284656241 0.4141465761402132 0
0.2740215876340304 0.3963449048584056 0
0.4635236952212091 0.1048450617893065 0
0.4569233168779024 0.07546644445564654 0
0.477867346432205 0.0532869258466816 0
0.435613806960218 0.0926529071240571 0
0.4291320319633976 0.06503172168638888 0
0.736066872028053 0.04964000574131666 0
0.8823979778560037 0.4928318217687711 0
0.911247704679632 0.5014420045114913 0
0.9236844952040995 0.5331781773904894 0
0.940280382102989 0.5107047943928563 0
0.9329876105105812 0.4821252638906451 0
0.6144139709296053 0.7428656103986335 0
0.6069371767640164 0.7135632170891798 0
0.94302304359223 0.05360527816291427 0
0.8140819552301148 0.3397280764300094 0
0.638484602153402 0.06212807143987775 0
0.0523893486240532 0.5923274670583654 0
0.89880501240444 0.5528379394238051 0
0.9287152481717004 0.5664953392828594 0
0.925741038851744 0.5998353654562283 0
0.4618236547749023 0.3926116153740432 0
0.4822214859282585 0.4140461889385538 0
0.4490619453740397 0.4244983080207392 0
0.4742701631961246 0.4435775481428036 0
0.2439908948144776 0.1171753430300896 0
0.2559741961105033 0.08694403557890817 0
0.287213495392194 0.08123061521320579 0
0.2681051539397562 0.06005535796875416 0
0.5824165603734026 0.6548458110298867 0
0.9504678323763731 0.1166799789173562 0
0.3656169765555562 0.09982656621439434 0
0.3490537696816306 0.07524974175227184 0
0.3773569938293371 0.07394306594707195 0
0.3185556360996762 0.07736019648662501 0
0.3295281308173004 0.05125541295724445 0
0.4574280331323335 0.9696240554421907 0
0.1259702663214496 0.9531175880709353 0
0.152290764230945 0.9399675992863779 0
0.902453194262707 0.4683797796330429 0
0.2053030000484923 0.9474747749348547 0
0.05562180725332877 0.474172631091462 0
0.08504090349184257 0.4909076336021915 0
0.9011480799049676 0.6187787654356465 0
0.9260795580688789 0.6323529330048894 0
0.952169963537125 0.5870191641248894 0
0.2989676271656798 0.0534934373204945 0
0.5806046474651168 0.1505459038753493 0
0.5708494891136507 0.1040027175898281 0
0.1009095360961932 0.3158209053262599 0
0.0759375604410043 0.2992681620927865 0
0.05031442888000004 0.3171823995040424 0
0.5856935397517065 0.05369865925764628 0
0.305718705267669 0.104691762831793 0
0.8212049047959271 0.3834512157349479 0
0.9447237970293856 0.5473906525238106 0
0.6310820273688902 0.1477529588861262 0
0.149569298071203 0.9672770793478744 0
0.8672343127056463 0.03057143020654191 0
0.5386748521680265 0.9263618222798209 0
0.4886180956530654 0.8937581891584813 0
0.4403829580406324 0.8603732258883119 0
0.4160900939674035 0.8436091185987853 0
0.1100365853270595 0.5081778473960827 0
0.09658023629013968 0.6847383277378278 0
0.3676738647561241 0.810207172988373 0
0.9730818659485174 0.9264705882352937 0
0.8176726909113397 0.3107407627060962 0
0.1784569536625877 0.6177233159550242 0
0.2731440143190053 0.7140081346158391 0
0.6660893953270712 0.9227167560083606 0
0.6902931193117321 0.9395056119646561 0
0.7177901283612043 0.9254573660857679 0
0.5252346324064743 0.7638766993956927 0
0.1791778094816333 0.9276764683801904 0
0.181537325140615 0.8984912800769032 0
0.2465267709469167 0.7266419224281483 0
0.07254251123304933 0.6677841430441975 0
0.07480974790390693 0.6389302800354797 0
0.04903907585308803 0.6504372264138705 0
0.1229585072163932 0.6723421246592004 0
0.1296140612226963 0.05884161848649849 0
0.1329473141557997 0.02917590526492475 0
0.3070613644072339 0.9228504081393037 0
0.1183226650034148 0.731012277005803 0
0.1565373085452789 0.5716306186263846 0
0.7500083006549731 0.9745334569799584 0
0.762954818532389 0.9461583624655199 0
0.8090762431447533 0.9707713622025274 0
0.2754893950615069 0.6846232755808493 0
0.4524256121558992 0.7136497898140037 0
0.07035454523899642 0.3873461190970477 0
0.044774247256544 0.3703734267306004 0
0.3578595395041089 0.9268858890363445 0
0.3831307996392715 0.9472409506359269 0
0.3299233837536156 0.9370216650983402 0
0.9738977064441736 0.3375191549482793 0
0.9490679647225911 0.3235304355746859 0
0.05342416613978046 0.5628907436053989 0
0.9528687496666571 0.3516502006008322 0
0.4548097592625696 0.684265784354244 0
0.4089962809328183 0.9316544907843434 0
0.9741626150605786 0.1029411764705885 0
0.2293174364291003 0.6217930784248591 0
0.9748483184441263 0.2543404956667183 0
0.113433469281316 0.7897328553826468 0
0.6896631225685709 0.03038757354157828 0
0.1471657705369444 0.689100630591198 0
0.1007274821609782 0.06512422930285977 0
0.1612243020028487 0.512868685680532 0
0.5891521544188797 0.930037258609793 0
0.2346749273265375 0.8733160375205299 0
0.1838621088253858 0.8692217307014957 0
0.7938593762672776 0.2938328832886382 0
0.05029572706982749 0.8756480484363413 0
0.03050087789686862 0.854351998981135 0
0.6595613017906958 0.02403550505645508 0
0.3890647868424474 0.5458238074165255 0
0.2997514175656331 0.7013541363849091 0
0.02951999044138981 0.1654712260463655 0
0.3096650455336284 0.8940207552002707 0
0.6901694077664088 0.9701679158455474 0
0.9275351177217819 0.02512462158534506 0
0.4909406008869909 0.554009064208613 0
0.02347446551324062 0.7796614441987864 0
0.1307009050184009 0.8945038259930331 0
0.4305305125696202 0.6675139157103716 0
0.02438397082613653 0.7205982376584279 0
0.7512690276230185 0.2015682471029766 0
0.7274851371703894 0.1846754607247751 0
0.7018489964233314 0.1968863016844352 0
0.03015773091008161 0.1023026870147187 0
0.1672081609048457 0.4251147767542989 0
0.8696242054616193 0.9744296858176651 0
0.2794984130297146 0.9691278412863114 0
0.2199604628016563 0.9755124707442526 0
0.2050567003238759 0.6050633522412475 0
0.2896251678069338 0.5083483542152181 0
0.8552056261173239 0.1815672344335275 0
0.5466320500665749 0.4992519563524446 0
0.2081322528256367 0.8858849458663006 0
0.2222550824417051 0.7098952296316711 0
0.6018457503481326 0.02482975092096307 0
0.5562011443767712 0.04967331702605171 0
0.3386768279793639 0.9771795034567758 0
0.1548970340720895 0.9111067146423375 0
0.07244194466586151 0.02254876447251275 0
0.9325163213040554 0.8859421957778609 0
0.9764459275583568 0.3959425926853921 0
0.4642782872448378 0.566662590999086 0
0.3970126543051317 0.9751309069260081 0
0.500152917135231 0.4650163264244609 0
0.4489064086519525 0.4589953177639882 0
0.4211728942887573 0.4741747140484153 0
0.8498454452368298 0.240007051902848 0
0.1302297223134374 0.1347725039159943 0
0.3310850740970542 0.6299492748375957 0
0.3652693034839169 0.8395384150784226 0
0.1542097623723869 0.6010170819812917 0
0.5310612702550518 0.4518861474869779 0
0.9751155074574054 0.4550726681837021 0
0.952806929880235 0.4395351474987912 0
0.4619086803978354 0.5960631037420214 0
0.1299590601278716 0.584311192163957 0
0.660518239021049 0.07532775555901122 0
0.8285392548563486 0.193867630389886 0
0.8567110662394984 0.8774478768568361 0
0.02693314874502106 0.4549314444132703 0
0.1110545930441702 0.8190938034953773 0
0.2027106789694495 0.6344408513687118 0
0.6309917706244719 0.9757794901738475 0
0.5693873281572199 0.9724150582742567 0
0.2151509974969366 0.7979275200078726 0
0.2902016504292822 0.8187294739770831 0
0.6967660470381756 0.2537889156496649 0
0.4861937239116774 0.6128104292801234 0
0.3772546306716716 0.6927973701796296 0
0.1377182391355751 0.8064718611598649 0
0.6186220460715258 0.8611128074602141 0
0.3894944739868776 0.8562530903183013 0
0.3843433587403967 0.604635639293047 0
0.2363760485943939 0.5336507773240206 0
0.9745286645945755 0.867647058823529 0
0.9742472483656953 0.8100660770510766 0
0.3068208948931999 0.6132192614846104 0
0.6779855620040116 0.1542698653912408 0
0.7828722196585711 0.1312856201482137 0
0.2258157061055074 0.02300432390601026 0
0.4852941176470599 0.02547133540542468 0
0.7356985371200562 0.09874338489497719 0
0.532229681388374 0.6757057330240983 0
0.1368556257516831 0.4957707534264926 0
0.9094442781375057 0.1268667360751097 0
0.2701930904328503 0.4312519914391782 0
0.5706389152431361 0.8275845872956873 0
0.2170802946147452 0.4584733196707846 0
0.7248769313809745 0.2138701689853627 0
0.276778368947318 0.02929064592603398 0
0.9720607856615695 0.5131788445164366 0
0.4280361377724829 0.03078619597301402 0
0.9750818289353895 0.6312814749442139 0
0.3971995349072321 0.02534544147181539 0
0.8370022668081357 0.1061791063829741 0
0.8950740826899009 0.3029289980387239 0
0.1424540244588454 0.4081624829562241 0
0.9214239622287095 0.3196232316044404 0
0.5573687264826411 0.6637128997312741 0
0.7672510534812097 0.306112205211162 0
0.6871528636639161 0.311362247304641 0
0.2175063469406562 0.7685855377000919 0
0.7486334256393811 0.2308011014964724 0
0.8258673970218972 0.2230910514912426 0
0.4015175743855958 0.7095342366263816 0
0.1159416545552593 0.760329309767547 0
0.4885654320460848 0.5834060015606505 0
0.2606447841927872 0.550381525296287 0
0.3334484464605802 0.6005664402379343 0
0.1424870296603988 0.7477718556407459 0
0.6984390625375096 0.2257043612672781 0
0.5152244587553465 0.5707424127575167 0
0.8648252772685618 0.3738739606942704 0
0.2872710872743041 0.5377323564981247 0
0.3624232547864635 0.5584958520461846 0
0.4281591186738669 0.6969008944077043 0
0.3600750432764194 0.5879091667140902 0
0.2441013024907044 0.755967646767748 0
0.790701594197352 0.323793418112319 0
0.5393568185015492 0.587725157736228 0
0.3381532450059483 0.5417757201287844 0
0.2683397510402601 0.7726859540413652 0
0.1206878867038385 0.7016233681010191 0
0.5701975188051369 0.5772837580035484 0
0.2925826233372096 0.7894040524230814 0
0.852519644289597 0.2107831963141729 0
0.4500432162614192 0.7430162743906403 0
0.3458520298232062 0.7641558430434009 0
0.3701052226268548 0.7808778038560569 0
0.4743198933306483 0.7597509865002009 0
0.8791817408774191 0.1984733345968823 0
0.1323001193234568 0.5549523413490438 0
0.3138798218427682 0.525061632182619 0
0.3919024746277475 0.8269299873416618 0
0.5009785475777003 0.7471365265416472 0
0.903091790359323 0.2153839482748393 0
0.4186238770327179 0.8143199317093844 0
0.1345621475065831 0.5253832342467543 0
0.4428380085725604 0.8310416417904172 0
0.4913139937415349 0.8644701478793265 0
0.4645273131615769 0.8771164020131106 0
0.5228498978046059 0.7932223881069616 0
0.9286423246154113 0.2038250764591292 0
0.5495849684156984 0.7811354728830835 0
0.3192163737981963 0.776778834051964 0
0.5736622458661845 0.8003492853229509 0
0.3162322638166509 0.4956764892691569 0
0.3428731249218923 0.4830020722239765 0
0.3452049268265413 0.4537432571846841 0
0.1205541741138507 0.1625047774228188 0
0.02583169259032347 0.6049544865926065 0
0.7337861152444 0.9500480307759718 0
0.02410964999966081 0.2226179812750023 0
0.05328901950731968 0.1245350292099531 0
0.8848119298502045 0.9479579742989133 0
0.9508112071658743 0.6158331431832158 0
0.8594261939446521 0.4342451949553292 0
0.05291986933186477 0.904472132411642 0
0.5209578972105233 0.3776295355609616 0
0.6161590588945073 0.9492749663968298 0
0.02682834791146915 0.5458023769129311 0
0.3464956029818536 0.4214008109192094 0
0.4036766809949638 0.4010196733563689 0
0.9740034321626931 0.6606491718484524 0
0.9757894069377244 0.7468592769383655 0
0.8918093639120628 0.05325957429154421 0
0.4337914537985355 0.9473226982689306 0
0.543706220812043 0.02410675404034163 0
0.5136308510913586 0.9100792719257864 0
0.6198672653289093 0.8284385994374716 0
0.506755707726973 0.06464710000170948 0
0.5402662895232528 0.8974813396906317 0
0.05093781253077734 0.6218910685662646 0
0.445371663811221 0.4924661713195928 0
0.673769383576302 0.239413621304859 0
0.9751441838865937 0.0445383238922703 0
0.02802597883672064 0.04348674194447411 0
0.8276649643664952 0.8859219411357869 0
0.02470391454799004 0.9249760698854012 0
0.02779331608822744 0.9540702504709345 0
0.9763457681665906 0.2794117647058827 0
0.9493800699340171 0.8253378358154395 0
0.2186875978075953 0.428974076402498 0
0.2551452720111251 0.9472726766189101 0
0.5968485901668162 0.4065147681267316 0
0.3062597567360332 0.3941076342049817 0
0.6359298109011096 0.1743779426356991 0
0.9765242507000761 0.5735294117647067 0
0.5650188298563676 0.9422392181063961 0
0.07196597700971508 0.9759825449118336 0
0.590385874085157 0.5594970236559639 0
0.3414580548638451 0.02543449733057102 0
0.7853010041600561 0.103262101902732 0
0.8121414023503429 0.09034791034169282 0
0.7606804037627199 0.9212996571188926 0
0.5798566069798404 0.7041736542922958 0
0.1927619305226593 0.4131612169775231 0
0.02433740309663607 0.6628406212575124 0
0.02517781948381675 0.3061951631670981 0
0.1609110251823416 0.1270059977921577 0
0.6667674047915808 0.2821625150293745 0
0.9499035946950677 0.2442298240728383 0
0.08876416043011537 0.4609210345263494 0
0.165844698324659 0.02539193666370537 0
0.05172132638186999 0.285864663418783 0
0.5034482865836934 0.4349000449533117 0
0.7097091591784768 0.04883125963898133 0
0.3586984162065575 0.04936104346429343 0
0.7132367395241795 0.8975569371483361 0
0.9510025723600224 0.9070653675341332 0
0.6351771310567202 0.3814330786544656 0
0.9597449795643825 0.9789876057732647 0
0.04637890275015238 0.06015435638864652 0
0.02210413626545105 0.250250370670297 0
0.4069978872627456 0.07619528139662102 0
0.1749628431119619 0.9546645641900837 0
0.8382352941176471 0.02165621310900023 0
0.8546572349593853 0.9512818449932304 0
0.9302500885492333 0.4523014847080493 0
0.409303332704804 0.04865928020956323 0
0.4852980087779065 0.9785744136922174 0
0.0478724984973411 0.6784669256565529 0
0.3037504003170727 0.9493992008149563 0
0.6659697912644689 0.9489043410583662 0
0.05358179827725651 0.3427446351776678 0
0.9502720201244524 0.6451939810079288 0
0.5961358431114108 0.5031178186734308 0
0.5480040475042874 0.4734030278880503 0
0.557912498975261 0.07753024382493212 0
0.7837645665301639 0.0223810332886536 0
0.3512257485551811 0.9534666959581791 0
0.9317209177622876 0.4236228430191876 0
0.5431378869537437 0.9795209664159727 0
0.9468486286996773 0.2193077006382025 0
0.03731121666606085 0.8326336999997014 0
0.04809583710789933 0.1481490468172905 0
0.4501400002370758 0.05011581339377114 0
0.5738693072829483 0.3775959238574209 0
0.511592606275848 0.4023927447717774 0
0.6652492401120371 0.05050336447463966 0
0.5258435135992995 0.04602191076993234 0
0.0466059274222852 0.7072742012848305 0
0.8772171230948621 0.8228124667111523 0
0.188073568423036 0.05026008111768299 0
0.01913147541415777 0.3686383274708556 0
0.9523412729784779 0.4664318965304402 0
0.5755545961884472 0.6788764692650252 0
0.761566460987733 0.08865052297125037 0
0.7890355984625665 0.9519933898009876 0
0.6522403726517569 0.1578554716744698 0
0.9806936676050833 0.7212453876644511 0
0.6190529936499096 0.04602804313857567 0
0.7107153525413972 0.9520434002502689 0
0.5924428511508865 0.818746831834529 0
0.1867058695904988 0.1186394834433296 0
0.8691174853295415 0.8499672704467564 0
0.1271005479180528 0.9775611352562126 0
0.6418094882423027 0.2802555517812603 0
0.8919809841401728 0.6801353056841467 0
0.8652864503597393 0.4030180045864339 0
0.4212128549300748 0.4196526614653805 0
0.1357713576610123 0.181935598554684 0
0.9792191514377471 0.1886610059539811 0
0.04525783024085839 0.73620365903597 0
0.9284248971539109 0.6573870935136893 0
0.9528374434571127 0.7983181973026701 0
0.5883433172378596 0.9548552040353032 0
0.9536286809435794 0.4093293472640728 0
0.1170261903662452 0.2969949915111473 0
0.4105809213771165 0.9552299910781852 0
0.953899954149283 0.380786522209146 0
0.6666144453858733 0.3324442679688162 0
0.6156615362814156 0.5178727669584586 0
0.08592922657253144 0.04443497829274801 0
0.6433305570198714 0.8519888952811249 0
0.04955780442331931 0.3999872911883261 0
0.6000961956299991 0.7636253535314014 0
0.8855448450633299 0.4446905909027403 0
0.3865331068899577 0.04964164912799823 0
0.9141725620544368 0.04564277732066657 0
0.9425966591728933 0.302102434165602 0
0.9564201417357834 0.8823529411764701 0
0.1640622759356872 0.3949546326062313 0
0.2333081861952851 0.9550294550117229 0
0.04168853411605589 0.2626503972079408 0
0.04410731784033206 0.7659673279550882 0
0.8298009957040763 0.9535831841642437 0
0.6842691610059407 0.1807884820939269 0
0.6005376356736492 0.4785354384056579 0
0.1620304504473464 0.3619590948659183 0
0.9822821874869161 0.1617647058823531 0
0.9196689564712306 0.9784555885244863 0
0.8432896002427857 0.3839892095221802 0
0.9784690938950329 0.02153090610496727 0
0.02153090610496711 0.9784690938950327 0
0.02153090610496694 0.02153090610496666 0
0.3208437627653066 0.4139361909905659 0
0.8877645874789466 0.7962905020378452 0
0.01736967621958774 0.4264705882352933 0
0.6590085562174102 0.3794024942536103 0
0.9543868382640799 0.5280856612685975 0
0.6067572591058977 0.6465589009963619 0
0.1202314344684731 0.3373908584995798 0
0.5000000000000013 0.04270476276540519 0
0.7427442775348778 0.02128224208702106 0
0.9542210098077115 0.4914389040152503 0
0.8867949713568702 0.7102634318365739 0
0.5693200115971903 0.3529115930230162 0
0.04641671353762289 0.08031494366673486 0
0.7412108750130735 0.928169479699823 0
0.8975085083228378 0.7592651465164465 0
0.2176140713709124 0.04760265855309337 0
0.04802309279573619 0.1895740002858912 0
0.05399154175279408 0.9566643412388331 0
0.04214537460041279 0.7941176470588233 0
0.741216650364753 0.0755683109032681 0
0.3585245040104993 0.3955555939611423 0
0.9803730004376896 0.9811041314799441 0
0.6453856621799522 0.956763097110532 0
0.6751556623255693 0.3591132971016776 0
0.6109577678883733 0.5583865450420263 0
0.9335278557631825 0.3654731605923522 0
0.7580191392972506 0.3560017187889214 0
0.9046551277646642 0.7318103016139713 0
0.1693821072945536 0.9792747709123555 0
0.6763770358901979 0.262413577897368 0
0.02091703597095596 0.8746308857525377 0
0.6062340625446615 0.6159045184823164 0
0.810367689179742 0.8718052572824264 0
0.8100555577247186 0.362631423811294 0
0.01776372835657419 0.8358353875147977 0
0.1117815400800874 0.04489059795419403 0
0.05882352941176505 0.04090148265610261 0
0.07938207352715421 0.2774320399637736 0
0.5853909862839431 0.6017961238697602 0
0.5828552122530026 0.1256944431683787 0
0.6216666689744503 0.1908999911098281 0
0.3247155690552315 0.9592349310261304 0
0.9580426760865023 0.5636005037203184 0
0.6674009241141314 0.8454571692282533 0
0.2481671203627265 0.04357349679474259 0
0.9342272424517114 0.3382331236908669 0
0.6448964816811732 0.04073643222813922 0
0.4181889369643749 0.1064550958602317 0
0.9287210638337119 0.114495248778549 0
0.2113832755955378 0.09344899782423011 0
0.2196515796814551 0.1095770506549084 0
0.2056171400725344 0.1111231032117914 0
0.9662178152173195 0.1502599383732041 0
0.9486161951190595 0.1531948217738718 0
0.9545993483751316 0.1378818734125096 0
0.9437327803266224 0.1287483678652667 0
0.9613344004248824 0.125813484464599 0
0.8747936269410583 0.01528571510327092 0
0.8600877445881172 0.01528571510327092 0
0.9466820460258392 0.7123829176940433 0
0.9538886210730111 0.6974275415121558 0
0.9638394655438458 0.7090955953978271 0
0.234704305009468 0.1045391441487184 0
0.2289381694864646 0.1222132495362797 0
0.04127747799917492 0.4645520377523662 0
0.04556565734960716 0.4504331900866868 0
0.05990998660376101 0.4600537834257826 0
0.5526530269688972 0.9487893936939422 0
0.5672030790067939 0.9573271381903263 0
0.5548372761193233 0.9638773137778724 0
0.9548507681125524 0.9597341654383765 0
0.9414348927065238 0.9489218726471613 0
0.9581159119239194 0.945132523541123 0
0.5606674174203289 0.3717470153481732 0
0.5577601184476062 0.3878599553502265 0
0.5445582285849868 0.3820110468409788 0
0.5714239687733387 0.3928953996085456 0
0.5553147799379965 0.4031594311013512 0
0.4493022518602839 0.9848120277210953 0
0.4640081342132252 0.9848120277210953 0
0.08919119882986026 0.9606577845151708 0
0.08924175145945384 0.9432144037283068 0
0.102177823006023 0.9549750039566899 0
0.9432967686120632 0.76488626951665 0
0.9588200571198798 0.7644893597042184 0
0.9544074668190597 0.7782698888396149 0
0.5562626075554818 0.9759680123451147 0
0.5417125555175851 0.9674302678487305 0
0.827204567374388 0.05442741648105831 0
0.8128114514583709 0.04474822973173248 0
0.8259970866580614 0.03806764645263061 0
0.9419585500518273 0.6865474460347311 0
0.9591159695698339 0.6832601237385147 0
0.4489841770129961 0.4417468128923637 0
0.4358469871924338 0.4519448973999324 0
0.4359247555534773 0.4346963925283079 0
0.283460192371404 0.4256891442390229 0
0.2721073390334403 0.4137984481487919 0
0.285374440971994 0.4082356009486366 0
0.5018006018594622 0.4499581856888863 0
0.5172547784193726 0.4433930962201448 0
0.5156070936951413 0.4584512369557194 0
0.1069208078634992 0.2056070581886744 0
0.1257547496869527 0.1996029307094766 0
0.1201983107952047 0.2147148365075209 0
0.5274851200244572 0.4673173436546449 0
0.5120309434645469 0.4738824331233865 0
0.5938890843423942 0.1594327415072714 0
0.59297486125988 0.1429522436066735 0
0.6062592981371574 0.1518390812385956 0
0.0630089494114166 0.222176336378907 0
0.06458964283397062 0.2052383996039513 0
0.07656149519999467 0.2153451930123527 0
0.05429015735940024 0.179419698209521 0
0.038771541618563 0.1775226131661283 0
0.04503860618222705 0.1673683110897581 0
0.2673218425204199 0.9582002589526107 0
0.2679525073443183 0.9416752886227393 0
0.2801290778536131 0.9526028709564399 0
0.788256216704648 0.9375335574880365 0
0.7759952084974777 0.9490758761332537 0
0.7752158267395592 0.9346160438203026 0
0.03880791377464454 0.156810136431828 0
0.05432652951548178 0.1587072214752207 0
0.9731975825240269 0.08800962852002803 0
0.9579551679073766 0.09661956014348805 0
0.9569901353708248 0.08168801219292765 0
0.04391614586309533 0.5105415922793796 0
0.02908901259068442 0.5020579785789007 0
0.04353768035590799 0.495751787702549 0
0.7618176111475545 0.9337290097922062 0
0.7740786193547247 0.922186691146989 0
0.7454174711427117 0.8888622708568583 0
0.731145218897808 0.8855594822605359 0
0.03370540534967759 0.4411159145131076 0
0.05233791395426368 0.436617660186524 0
0.4969070461020533 0.4082194668551656 0
0.5075204464297708 0.4186463948625446 0
0.492834886255976 0.4244731169459328 0
0.6769601342277485 0.2967623811670078 0
0.680232932495801 0.2815814939899385 0
0.6904256619319687 0.2961813601275717 0
0.6614501778373985 0.2949427394222166 0
0.6716429072735662 0.3095426055598498 0
0.7270358409048014 0.9001407394310263 0
0.7173461175171862 0.8829756799778455 0
0.6202664305229209 0.3805541620602425 0
0.631226219083748 0.3942207878956995 0
0.6163155185499486 0.3933418713014764 0
0.963313978173392 0.2782663987578682 0
0.973259619848422 0.2924470156850855 0
0.9602278298552235 0.2913016497370711 0
0.9563850653515733 0.3037923504149451 0
0.9464394236765434 0.2896117334877278 0
0.09753874440945098 0.4995427404991372 0
0.096588716046902 0.514291349686347 0
0.08409087512929353 0.5056562427894015 0
0.9173573308044846 0.9626792878976477 0
0.9085648764487098 0.9759881924048217 0
0.9062532507819637 0.9602118917779831 0
0.4390880690047794 0.04045100468339258 0
0.4396360161002367 0.05757376754008003 0
0.4285840848679403 0.04790895882970148 0
0.04216617716841292 0.4807204025467661 0
0.05699331044082384 0.4892040162472449 0
0.5199010832409571 0.4128273220483867 0
0.5158289233948797 0.4290809721391539 0
0.4986090240282137 0.9458889601234219 0
0.5124212336111708 0.9557256881388537 0
0.499264530325091 0.9621807564215418 0
0.05752431687666254 0.1112025949416565 0
0.04172337520870062 0.1134188581123359 0
0.04595867257804354 0.1000864238440393 0
0.114041899236354 0.2280418734672183 0
0.8249196324298458 0.02502233640615248 0
0.8393127483458627 0.03470152315547836 0
0.01473373904893582 0.5084238915778651 0
0.01473373904893582 0.5231297739308063 0
0.1544437864512471 0.3494591042108944 0
0.1446399670421854 0.3617974110002226 0
0.1370533030460861 0.3492974203451988 0
0.8516662051143886 0.8534870718004167 0
0.86291427578452 0.8637075736517963 0
0.8454629955693671 0.8672273750054567 0
0.9617493829253039 0.7489825086598095 0
0.9728600811323004 0.7623661279827745 0
0.4192176823341008 0.05684550094797602 0
0.4186697352386435 0.03972273809128862 0
0.08975327879715 0.2095631101120579 0
0.08817258537459599 0.2265010468870136 0
0.97429592777314 0.8531814517422478 0
0.9602512794005084 0.8623650041547359 0
0.9600185425790728 0.8478993970734546 0
0.1537530560446477 0.3709201441698324 0
0.1363625726394867 0.3707584603041368 0
0.4414630688304857 0.9716742399116073 0
0.4333372875584362 0.986862212190512 0
0.07648116319215426 0.4534279851432263 0
0.07219298384172207 0.4675468328089057 0
0.5933968918719283 0.7088684356907378 0
0.591170532356847 0.6917166974023314 0
0.6047108172489349 0.6964114788007735 0
0.2922550714972921 0.9427385507207624 0
0.2916244066733937 0.9592635210506338 0
0.6182135512117667 0.1415557711120619 0
0.6191277742942809 0.1580362690126598 0
0.6784132502748581 0.371912301403422 0
0.6902446584081747 0.3600442591084609 0
0.6935022463574634 0.3728432634102054 0
0.5586371525843541 0.5068954716708798 0
0.5612353330463801 0.4900970373699906 0
0.5732404355641594 0.4977405526884257 0
0.6120619486387959 0.4067616326318325 0
0.6011021600779688 0.3930950067963755 0
0.6213289873193262 0.4778368081820217 0
0.6348142797509873 0.4747635904190338 0
0.6323386808946234 0.4899087437984077 0
0.6764996213779593 0.05614271934704762 0
0.6774561813403039 0.04044546900810897 0
0.6887065626062261 0.04608482388051693 0
0.9423853821732022 0.07195161098965097 0
0.9576277967898525 0.06334167936619095 0
0.7776405859141253 0.3295298701660609 0
0.7887332529303117 0.3404368384652622 0
0.7756722446470851 0.3461732905190041 0
0.1252971864896647 0.01458795263246238 0
0.1174778792343257 0.0268442630237069 0
0.1098277515681907 0.01225631039124453 0
0.5885021098831635 0.7968425342826518 0
0.5752038439563758 0.7857528872289095 0
0.5900437079733549 0.7822461361886104 0
0.2572487094492372 0.4226992837896957 0
0.2591629580498273 0.4052457404993094 0
0.8572044879607006 0.8146097477987189 0
0.843765757321198 0.8159352119757713 0
0.8506720268847874 0.8027315326276792 0
0.8527348034116466 0.0261138216577711 0
0.8455882352941176 0.01082810655450012 0
0.9656383834471653 0.9674662110528015 0
0.9489573642297697 0.9712555601588398 0
0.588420818838283 0.7673909213331347 0
0.6017190847650709 0.7784805683868771 0
0.08690253196097897 0.4759143340642705 0
0.07033135537258567 0.4825401323468268 0
0.1140993209785331 0.9453246056203806 0
0.1140487683489395 0.9627679864072446 0
0.8597078518633263 0.8388903487967838 0
0.8422565716481735 0.8424101501504441 0
0.01435527354174854 0.4936340870010345 0
0.9623759565695971 0.2492851598697783 0
0.9622161296448215 0.232409029683478 0
0.9746884915193508 0.237464365480418 0
0.5925581962602527 0.1146727950769091 0
0.5768523506833267 0.1148485803791034 0
0.5865553346905767 0.1038269322876338 0
0.8911363631381967 0.9607393852920353 0
0.8999288174939716 0.9474304807848611 0
0.9483761116973726 0.2317687623555204 0
0.9606886466471263 0.2199479679661602 0
0.9261998716879 0.5498367583366744 0
0.9137601302880702 0.5596666393533323 0
0.9112447538042697 0.5430080584071473 0
0.9342041461167425 0.54028441495715 0
0.936719522600543 0.5569429959033351 0
0.5947126936404137 0.7260876755057472 0
0.6106755738468108 0.7282144137439067 0
0.5984510907232081 0.7407388721604741 0
0.8023917747137335 0.3317607472711642 0
0.8004234334466932 0.3484041676241074 0
0.0880982773525476 0.2656264364687759 0
0.07233854498869408 0.2681917833223776 0
0.08105474881408747 0.2563861798273799 0
0.9755970433053585 0.2668761301863005 0
0.9625652533121599 0.265730764238286 0
0.07013790911383733 0.245617328234145 0
0.08589764147769086 0.2430519813805433 0
0.5779925426041974 0.09375056559578587 0
0.5936983881811234 0.09357478029359156 0
0.2499825454624904 0.1020596893044989 0
0.2654537173791433 0.09799429629812573 0
0.2594620667311304 0.1131099500237164 0
0.02319418568819032 0.8858448546409747 0
0.03560638152039175 0.8751394670944395 0
0.03788353123762611 0.8863534359828764 0
0.9500928914376305 0.260675428441346 0
0.05160779820084616 0.8900600904239917 0
0.03919560236864472 0.9007654779705269 0
0.9623152237184759 0.1098105776939723 0
0.9461077765652738 0.1034889613668719 0
0.883209421767802 0.02858762664813419 0
0.890768736003214 0.01330191154486327 0
0.0388118919399274 0.9147241011485217 0
0.02508762497670736 0.9110174467074064 0
0.1656352184202664 0.410034704680265 0
0.1784121032291732 0.4040579247918772 0
0.1799850457137525 0.419137996865911 0
0.6821200771163265 0.3496357623039401 0
0.6972090731989319 0.3505667243107234 0
0.4384361159002056 0.1110615066931726 0
0.4495687510907135 0.09874898445668179 0
0.4523910600307012 0.1171575840257973 0
0.4220002103314949 0.4322735692506285 0
0.4351374001520573 0.4220754847430599 0
0.1725295559333755 0.346016253375424 0
0.1649428919372762 0.3335162627204001 0
0.08842354826859877 0.3075445337095232 0
0.0883830410188427 0.2900231333533098 0
0.1008690288464372 0.2982995049700464 0
0.3142478789914901 0.05237442513886947 0
0.3049796046024746 0.03954057160610375 0
0.3202598564282849 0.03842155942447872 0
0.7001440294804205 0.2112953314758567 0
0.6852908422771695 0.2168127050295163 0
0.6869958092200804 0.2024036752380949 0
0.03783652491610723 0.9286573631101032 0
0.05194450230804459 0.9184053943732237 0
0.13638726191742 0.1602016701684257 0
0.125391948213644 0.1486386406694066 0
0.1412250360172134 0.1463355334150134 0
0.9068504494711696 0.4849108920722671 0
0.9177204023866441 0.475252521761844 0
0.9221176575951067 0.4917836342010682 0
0.4720176428932255 0.0257395572062748 0
0.4815807320396325 0.03937913062605314 0
0.468304257285798 0.03964735242690326 0
0.2901406721850318 0.3952262695316937 0
0.3014935255229955 0.4071169656219247 0
0.1967895927376469 0.1497130960640821 0
0.1990958644002432 0.1351324561253602 0
0.2115791724958553 0.1418317959811916 0
0.9352790806570059 0.03936494987412964 0
0.9417122555526307 0.0250102362620539 0
0.9494562184878548 0.03925056455083853 0
0.1112106610324839 0.4929681492320198 0
0.09871282011487542 0.4843330423350742 0
0.04012625702562478 0.554346560259165 0
0.041512347834959 0.539745688383598 0
0.05481025694911468 0.548289871729832 0
0.6401085110478011 0.4609822778179549 0
0.2406959556574809 0.08942349042312769 0
0.627495979640206 0.8147675379696708 0
0.6116046196145261 0.8108871913399122 0
0.6192333339258226 0.7972161298721114 0
0.5777056015841437 0.6915250617786605 0
0.5890195269611503 0.6790681048886962 0
0.6065734978960963 0.5260404216309232 0
0.6236897696211989 0.5310090514319399 0
0.6146017312358796 0.5391767061044045 0
0.6996861408735238 0.03960941659027983 0
0.6987295809111791 0.05530666692921848 0
0.1767151938730316 0.390206834211536 0
0.1910650211665176 0.3993101263971819 0
0.6213378854246778 0.5512659404737238 0
0.6042216136995751 0.5462973106727071 0
0.6780695995154389 0.9595361284519568 0
0.6781314552881005 0.944204976511511 0
0.6902312635390704 0.9548367639051017 0
0.6481710114442528 0.2689065116691709 0
0.6334047441211513 0.2651277758906301 0
0.6397662673231015 0.2537787357785408 0
0.5853589487248823 0.3920553459920763 0
0.5829136102152725 0.407354821743201 0
0.5896125186360348 0.3786355846617201 0
0.08704662369307226 0.9742004648276937 0
0.07411055214650308 0.9624398645993106 0
0.2161484225810905 0.3857768690148819 0
0.2038076955637173 0.3925313275983638 0
0.2017088388277493 0.3787045772333588 0
0.9590836137394119 0.04907180102759229 0
0.9736883669370344 0.05880820223086897 0
0.9504607250763089 0.9894938028866324 0
0.939673109741696 0.9817617572722075 0
0.3930304502381849 0.3879825673805929 0
0.3900539826066202 0.4060030574183255 0
0.3794077518498413 0.3929659514425495 0
0.6029203320176448 0.3399545472441632 0
0.5854678499415791 0.3363186645987817 0
0.5967955040552981 0.3256496475941657 0
0.9476769820702291 0.8412103926506911 0
0.9617216304428607 0.8320268402382029 0
0.9304227135297329 0.9892277942622432 0
0.9289193526831937 0.9709895515344507 0
0.4991873743429773 0.9752959490645955 0
0.4853751647600203 0.9654592210491637 0
0.6951907736262335 0.3868717791619132 0
0.7070221817595502 0.3750037368669522 0
0.6301019555248288 0.2794000281355338 0
0.4615882859240386 0.4512864329533959 0
0.4616660542850822 0.4340379280817714 0
0.1760441741080007 0.3606767312985316 0
0.1865432795940297 0.3447338898080372 0
0.6450555412548858 0.3443163051259687 0
0.6357404804277038 0.3563124299990378 0
0.6315740339544671 0.3436404690639805 0
0.04001365222182535 0.3409620876808321 0
0.04917802276690025 0.3565590309541341 0
0.03560987671146909 0.3547764834572984 0
0.9588909512332041 0.9303954094926008 0
0.9723068266392327 0.9412077022838159 0
0.4713630209551201 0.974099234567204 0
0.4779431220360116 0.9892872068461087 0
0.6429553698842789 0.7890850141911637 0
0.6293080373541859 0.7866266137303541 0
0.6371387132869624 0.7746151514196478 0
0.6182036415131527 0.7024108209646891 0
0.6159772819980713 0.6852590826762828 0
0.9266077270164477 0.9552132509076119 0
0.4640036733346404 0.05170136962022637 0
0.4544405841882334 0.03806179620044803 0
0.613416677328506 0.7827462671005954 0
0.03195286133535091 0.369505877100728 0
0.02278849079027601 0.353908933827426 0
0.1630463631915168 0.3784568637360748 0
0.1756992811288612 0.3737090653413795 0
0.272441761443537 0.0446730019473941 0
0.2878729980564989 0.04139204162326426 0
0.283536390552718 0.05677439764462433 0
0.455442800074471 0.4085549616973913 0
0.4404392572759837 0.4106297683295086 0
0.446820111976415 0.3946864220061606 0
0.8004248588487807 0.05471541783767403 0
0.7992173781324541 0.03835564780924633 0
0.8706639403095759 0.8121092675808895 0
0.8637576707459866 0.8253129469289817 0
0.03828722222385228 0.09130881534072677 0
0.05408816389181414 0.08909255217004741 0
0.5564639393628118 0.1022474483738531 0
0.5626709673541964 0.1176943055688704 0
0.5482854176033576 0.1159390363528955 0
0.6061550582398979 0.8235927156360003 0
0.5978924125255146 0.8060413075384409 0
0.07170285856008074 0.4975715175026096 0
0.0707528301975317 0.5123201266898196 0
0.4872115401656778 0.4542969372836323 0
0.4857595741803726 0.4717087087089525 0
0.4728181972108194 0.4609893195681238 0
0.52602647569786 0.9473867305611111 0
0.5266819819947374 0.9636785268592308 0
0.3500782355352013 0.0373977703974322 0
0.3441132735119289 0.05030822821076897 0
0.3354930928405727 0.03834495514390773 0
0.9259102984603114 0.6160941492305588 0
0.9136138189869233 0.6255658492202679 0
0.9134445593783558 0.6093070654459374 0
0.3900717269722016 0.9611859287809675 0
0.3824143752575799 0.9747483574023466 0
0.3754734479246498 0.960803379257306 0
0.03735713269280883 0.2817985985297969 0
0.03844957293284335 0.2960299132929405 0
0.02408537924378223 0.2919638484039545 0
0.9199338792071895 0.43031749353483 0
0.9309855031557605 0.4379621638636184 0
0.9191984646006623 0.4446568143792607 0
0.3674778941143879 0.4032710177207122 0
0.3704543617459527 0.3852505276829796 0
0.5313044134113937 0.3878767612019969 0
0.5342117123841165 0.3717638211999436 0
0.1400030688426058 0.01458795263246238 0
0.1089273559814632 0.2888865480624901 0
0.1089678632312192 0.3064079484187036 0
0.5718030193634837 0.0656144515412892 0
0.557056821676016 0.06360178042549192 0
0.5709473420642388 0.05168598814184899 0
0.2126317314250743 0.9614936228395536 0
0.2059232270315342 0.9754358936350758 0
0.1985944956549522 0.9614170457303768 0
0.3002025463207272 0.3811948156219997 0
0.2840834617697258 0.3823134509487117 0
0.2280806921679734 0.3774982626045938 0
0.2254425459402712 0.3630630726617963 0
0.2394736722631222 0.3686112166165132 0
0.3641704463178136 0.03685341287145877 0
0.3555502656464574 0.02489013980459753 0
0.9655167886350366 0.03471708741551655 0
0.2301795489039415 0.3913250129695989 0
0.8924255860593553 0.480605800700907 0
0.8968228412678179 0.4971369131401313 0
0.5324138172801295 0.110909680924491 0
0.5386208452715141 0.1263565381195083 0
0.2516172003638191 0.9612419773059747 0
0.2637937708731139 0.9721695596396753 0
0.88555686517655 0.563120180714061 0
0.8991429810196753 0.5694601794132734 0
0.8858948337917854 0.5797424207035293 0
0.9422639238212613 0.4315789952589894 0
0.9415285092147341 0.4459183161034203 0
0.580291696445147 0.5683903908297562 0
0.5963190472972314 0.5719195898234076 0
0.5862248696572213 0.5808129569971999 0
0.3714869851924466 0.08688481608073317 0
0.3861252070304704 0.08721650786843915 0
0.38025519839358 0.1001582580021003 0
0.03757337352252665 0.217343762122754 0
0.0247934312797673 0.2073134818687219 0
0.03825715480263314 0.2020392627164735 0
0.05101787763093502 0.3015235314614127 0
0.03774612418190837 0.3116887813355702 0
0.9267321549797085 0.6897744472246488 0
0.9319595034765313 0.6756070294510078 0
0.2369914132341169 0.0332889103503764 0
0.2328905958668194 0.04558807767391798 0
0.2217148887382099 0.03530349122955179 0
0.2696231476167661 0.3793248038817384 0
0.0265517583552235 0.5605145690808071 0
0.03984966746937912 0.569058752427041 0
0.6275685404565065 0.3304649372152293 0
0.6182534796293245 0.3424610620882984 0
0.6079532720062797 0.3160126083825055 0
0.1897130047895154 0.3724267017739928 0
0.2938849754932937 0.02743917590887346 0
0.8799410647908089 0.7566472351871703 0
0.8684051714786887 0.7609913362759867 0
0.8700614606873355 0.7447075208415344 0
0.5076140960591479 0.1170917835173981 0
0.5109004334393185 0.1314008076579444 0
0.4957652845501802 0.1271654084842387 0
0.503068644272639 0.102380395975238 0
0.5182037931617771 0.1066157951489437 0
0.7122424042042581 0.06304226274628055 0
0.7228880156032649 0.04923563269014897 0
0.7254212606290462 0.06344663579744825 0
0.2055046049198589 0.406382418178705 0
0.4269013719622965 0.09955400149214438 0
0.4125934121135603 0.09132518862842631 0
0.4213058471114818 0.08442409426033903 0
0.5715240475350025 0.08051432871333786 0
0.5854145679232252 0.06859853642969493 0
0.1776071042251202 0.1098033100923423 0
0.1738084473864202 0.1228227406177437 0
0.1647096820210415 0.1139865672667564 0
0.5296354152305589 0.4375740234059869 0
0.03675015267780501 0.1907914913741663 0
0.04953009492056437 0.2008217716281984 0
0.2313427147322445 0.4370548566605956 0
0.2314959631366097 0.4215603262713556 0
0.2441510800612589 0.4296411065294532 0
0.0393139557571392 0.1292103740284715 0
0.02774831145852019 0.1180942029308543 0
0.5811724087483258 0.7213928941073051 0
0.9697269066994972 0.1771169463442738 0
0.9668700757749968 0.1921555787340741 0
0.957377831036747 0.1806115191243667 0
0.466945636426575 0.1196487126805307 0
0.2930905612789369 0.06736202626685017 0
0.308761631632678 0.06542681690355978 0
0.3028845657459351 0.0792954058499154 0
0.3240418834584883 0.06430780472193476 0
0.6782058915113851 0.1943547654428407 0
0.693059078714636 0.1888373918891811 0
0.9712584247240817 0.1636687963084598 0
0.9807506694623316 0.1752128559181671 0
0.872351340380537 0.5040282646841346 0
0.8865192636262588 0.5079026420873075 0
0.876472626150792 0.519099085002671 0
0.5938216033966245 0.5930691399303059 0
0.5777942525445401 0.5895399409366543 0
0.9382761230088091 0.607834254319722 0
0.9384453826173766 0.6240930380940526 0
0.9009441270380729 0.5122077334586675 0
0.9390356667340897 0.5306319193295435 0
0.9495553176467327 0.5377381568962041 0
0.3121371706836726 0.091025979659209 0
0.2964661003299315 0.09296118902249939 0
0.9473336101835345 0.5193952278307269 0
0.9319824386535442 0.5219414858916729 0
0.4601363199387333 0.4686982043787161 0
0.02782184791425907 0.4710998092076703 0
0.7521544122545121 0.02823805645589816 0
0.7537250799439096 0.01064112104351056 0
0.7631352146635437 0.0175969354123876 0
0.1769591333738475 0.03782600889069421 0
0.172982814107374 0.05121453416751076 0
0.1618683790581855 0.03878046194052193 0
0.7742352244415527 0.0111905166443268 0
0.7726645567521551 0.0287874520567144 0
0.8835435047217286 0.5484916376646114 0
0.2491302843542595 0.03152347265671507 0
0.23795457722565 0.02123888621234887 0
0.06308264070914243 0.1939906282616441 0
0.9758698540980505 0.7076928034401953 0
0.9686632790508786 0.7226481796220829 0
0.02814791300467046 0.5313250800343312 0
0.01341417395573458 0.5376070708094062 0
0.6628527757025362 0.9623459148000455 0
0.6749525839535062 0.9729777021936361 0
0.1439958536910008 0.1699170807343583 0
0.1281627658874315 0.1722201879887514 0
0.0258116628251055 0.3226873516755472 0
0.03837996752319711 0.3281809698440194 0
0.6624052709513665 0.03726943476554734 0
0.6746122121796334 0.02721153929901665 0
0.4180649596130716 0.07061350154150492 0
0.4323729194618078 0.07884231440522299 0
0.9140980989033055 0.5762888793428006 0
0.6696874365872112 0.3954526481829248 0
0.6843637022354216 0.3968597078021162 0
0.6723803005984862 0.4076010502798746 0
0.8170741692746142 0.3962296628170056 0
0.8297833835125334 0.3954001144769828 0
0.8256526479912206 0.4081785615590405 0
0.4297236809022841 0.1179626010612599 0
0.5941001436538229 0.1305265132531882 0
0.603803127661073 0.1195048651617185 0
0.2002956568744753 0.1229453197428997 0
0.192027352788558 0.1068172669122213 0
0.5473180487854311 0.4863274921202475 0
0.5619213317652364 0.4771725731377934 0
0.1529326161771069 0.324951273654587 0
0.738641761196403 0.06260415832229238 0
0.7279961497973962 0.07641078837842397 0
0.1855060771162668 0.1308266198257902 0
0.2581361371512413 0.05181442738174835 0
0.2624727446550222 0.03643207136038829 0
0.4089894719034527 0.4658896936836325 0
0.4078045606503365 0.4806172972665779 0
0.3956211382650319 0.4723322769017951 0
0.05290675738191686 0.5776091053318821 0
0.03933225871151552 0.5837771141535243 0
0.05194811357862827 0.3299635173408551 0
0.02749860150063177 0.1787401042544035 0
0.9629496179334409 0.6088895839237628 0
0.9514905853514997 0.6014261536540526 0
0.9636289961190663 0.5944825943945996 0
0.585987229568798 0.4920299685304836 0
0.583389049106772 0.5088284028313729 0
0.6339807750809076 0.4202685942204657 0
0.6424896710305257 0.4066012438988084 0
0.6491951390006576 0.4198613409823406 0
0.9285978028233334 0.04962402774179042 0
0.9208538398881093 0.03538369945300579 0
0.4515410398075503 0.3815707545558772 0
0.436537497009063 0.3836455611879945 0
0.6096955120683057 0.4857586999835267 0
0.6121711109246696 0.4706135466041529 0
0.2715938457513486 0.08408732539605701 0
0.2810733670199886 0.09513758611527451 0
0.9003145147699392 0.6024305924191941 0
0.9126109942433273 0.592958892429485 0
0.04696077956898553 0.8236026177084221 0
0.03146386822560232 0.8217772685759305 0
0.04111343112852706 0.8127461862846512 0
0.6537517700837612 0.3320443060798638 0
0.6579182165569979 0.3447162670149211 0
0.4265147120540013 0.4082069450518293 0
0.06934970527280648 0.1838363261852739 0
0.5872572361063416 0.02516261123555141 0
0.5937696450499195 0.03926420508930467 0
0.5791811308081286 0.03959706540389307 0
0.1223644271179436 0.03703325160955939 0
0.1068949921964696 0.03470160936834155 0
0.5643809940444559 0.09076648070738014 0
0.5499954442936169 0.08901121149140517 0
0.6811273615049762 0.1675291737425839 0
0.6726016588942089 0.1802087516750048 0
0.6694598593932443 0.1669494433236618 0
0.5799738347221739 0.164266069463282 0
0.5932582715994512 0.1731529070952041 0
0.2527262141686543 0.06282385596731888 0
0.2620396750251297 0.07349969677383117 0
0.2466607352540278 0.07626819477239588 0
0.8361559916729483 0.8285782245630211 0
0.4583689475183675 0.4854336311565184 0
0.4471390362315868 0.4757307445417905 0
0.3740005980184791 0.1124405524047887 0
0.3886388198565028 0.1127722441924947 0
0.8878283300761459 0.6108162871797336 0
0.8869947649411174 0.5944681141632812 0
0.7987212032551996 0.09680500612221243 0
0.8110106654196902 0.1044021077953776 0
0.7975904663245468 0.1108592035758972 0
0.257095461044872 0.4381938141789357 0
0.6206947701678862 0.7169653973605632 0
0.9043570462722927 0.6794846681625362 0
0.8968087254745039 0.6660828010680276 0
0.9091847876066237 0.6654321635464171 0
0.04283191292816024 0.5252683915049982 0
0.9613840993919945 0.7880955881649268 0
0.9458608108841779 0.7884924979773582 0
0.7990559208036599 0.9613823760017575 0
0.7995338157644691 0.9456766160966561 0
0.8095541381055625 0.9550656022974261 0
0.646440583003498 0.3938135346575745 0
0.9537643175464312 0.3950579347366093 0
0.9651729408538199 0.3883645574472691 0
0.9650373042509681 0.4026359699747324 0
0.6861042230569059 0.2325589912860686 0
0.6729560027965658 0.2236673350483067 0
0.7734337325738945 0.09595631243699121 0
0.7743213027578992 0.08239965918402309 0
0.7861885743440609 0.08970544864976393 0
0.8772180676559119 0.9611938300582892 0
0.8835425009439041 0.9739752410514111 0
0.03699771403558494 0.3991659219904748 0
0.04501773318882674 0.4136438379006354 0
0.03245764280109237 0.4128224687027842 0
0.1726086549121882 0.1350098770002042 0
0.9662111487171992 0.7354551242590401 0
0.9521711247047786 0.737578355980484 0
0.2634359086465553 0.0243820472223607 0
0.9389555011944345 0.5934272647905589 0
0.09530971768889795 0.1944512043140136 0
0.02892366908696092 0.426885486424119 0
0.02090364993371918 0.4124075705139584 0
0.3070475882806922 0.9628453175824372 0
0.2949215946370131 0.9727096378181147 0
0.7005042359265646 0.9457745061074625 0
0.700442380153903 0.9611056580479082 0
0.1455703737478895 0.130889250854076 0
0.1565656874516654 0.1424522803530951 0
0.06065502712820869 0.2363680107080699 0
0.04868317476218459 0.2262612172996685 0
0.6565872647171169 0.1687422464652762 0
0.6651129673278843 0.1560626685328553 0
0.09010529756191765 0.2791050722888033 0
0.09882150138731105 0.2672994687938056 0
0.03911052060718834 0.5986409768254859 0
0.02605343069465066 0.5900906239206448 0
0.1280292214924527 0.2941421412414136 0
0.1218728099336014 0.2808151042817165 0
0.6708850538557214 0.3457787825352469 0
0.662188825026846 0.3580507815813518 0
0.3262248184515573 0.02551110161114201 0
0.1137739755488194 0.2727066608330593 0
0.950684814405962 0.2074789260761848 0
0.964524832353411 0.2081191934041424 0
0.715513433942692 0.911507151617052 0
0.7293125353233139 0.9140909538997424 0
0.2193055931218887 0.9512521149732888 0
0.2266343244984707 0.9652709628779877 0
0.6553064155830549 0.4332786763617012 0
0.663815311532673 0.4196113260400439 0
0.1836674730307182 0.1564701721616614 0
0.6322454146133647 0.4481101730533228 0
0.6485493394854758 0.44640079606863 0
0.6072550832798022 0.7532454819650175 0
0.5912922030734051 0.7511187437268579 0
0.1237404590527487 0.3495132928170534 0
0.1335442784618105 0.3371749860277252 0
0.6287180520920027 0.3685348362957576 0
0.6138073515582033 0.3676559197015345 0
0.2903259719577261 0.1068681599245681 0
0.9150306819813729 0.6547086949827989 0
0.9225790027791617 0.6681105620773073 0
0.03388094719277834 0.8025192421054914 0
0.0493778585361615 0.8043445912379831 0
0.218467438562327 0.4142888478911925 0
0.2312758038913413 0.40687509776005 0
0.03938122568622593 0.9432044534028698 0
0.02624861531810874 0.9395231601781678 0
0.9768739080161613 0.2046246206240495 0
0.943354251831632 0.3872891948223552 0
0.9432186152287804 0.4015606073498186 0
0.05166358057741527 0.607109267812315 0
0.03838475256055041 0.6134227775794356 0
0.4332722790499892 0.483320442684004 0
0.4350396514703549 0.4665850159062018 0
0.848894028086896 0.4207971040871734 0
0.8447498029147901 0.4336369281873653 0
0.8342176370570339 0.4201888373192096 0
0.1918082865110885 0.03739267284968761 0
0.1806938514619 0.02495860062269883 0
0.2999320205865434 0.1182048828963879 0
0.2845392872766005 0.120381279989163 0
0.8199165143852241 0.9464715132782842 0
0.8194386194244148 0.9621772731833855 0
0.6095501176825473 0.9619018154957025 0
0.6235754147594896 0.9625272282853387 0
0.6169664735475296 0.9751540773842113 0
0.4199511726475745 0.4891012392079297 0
0.4065828390091538 0.4955438224260923 0
0.5675485465299295 0.140965898711631 0
0.5673308221349243 0.1566563038150324 0
0.5542747211997369 0.1470762986513141 0
0.6489456988531098 0.8025767366533023 0
0.2065785379850267 0.03606396156739278 0
0.2028438198969742 0.04893136983538815 0
0.6307723605372297 0.9530190317536809 0
0.638188716402212 0.9662712936421898 0
0.6244331672506807 0.7316165940152901 0
0.4219802300108361 0.4595345955421459 0
0.4097968076255314 0.4512495751773632 0
0.9472506959553503 0.5010718492040533 0
0.9631408977346405 0.5023088742658435 0
0.9561705838822793 0.5119418194546465 0
0.02570895693391229 0.8644914423668364 0
0.04039830248334808 0.8650000237087382 0
0.761607330573758 0.07593900160272699 0
0.7743621723439242 0.06968813781549971 0
0.5279443165787887 0.8892730310467974 0
0.5269485703073057 0.903780305808209 0
0.5146265973628416 0.8955719971643747 0
0.2116612333391922 0.3577688413649823 0
0.2580667030624274 0.3896956557088582 0
0.2536682630451632 0.372675554732191 0
0.7723920254802611 0.3565409888035634 0
0.7612993584640746 0.3456340205043621 0
0.3819450503596473 0.06179235753753509 0
0.3967654970763516 0.0629184652623096 0
0.3921774405460413 0.07506917367184651 0
0.7315172134783584 0.02318781046299861 0
0.7394055747814654 0.03546112391416889 0
0.7281785107249461 0.03736669229014644 0
0.0377580023345615 0.6279100841632291 0
0.02520494236433457 0.6194417931764 0
0.9654744031651795 0.8749999999999996 0
0.9511970179711123 0.8697179453312065 0
0.8621407202105024 0.9628557654054477 0
0.869734582404795 0.9496199096460719 0
0.4780013211956094 0.1088507230664995 0
0.4814232624009753 0.1236543739577236 0
0.8637493648825544 0.7750023012510379 0
0.5249113984143695 0.1360566142540787 0
0.8515068790123694 0.446759047894294 0
0.8653637619737785 0.4491811155244061 0
0.8574444470414957 0.461694968463371 0
0.2427571973801395 0.05458292538031306 0
0.396855860508194 0.9512354708570561 0
0.4037967878411242 0.9651804490020967 0
0.6583562955838429 0.3927982424571468 0
0.6703396972207785 0.3820568999793883 0
0.6069258255156055 0.3531300790929144 0
0.9865409329742587 0.9338235294117643 0
0.9865409329742587 0.9191176470588232 0
0.3595209223826046 0.9639162519184321 0
0.3671782740972263 0.950353823297053 0
0.7987544340065506 0.9312167837837051 0
0.8518241562944395 0.4051835089027258 0
0.8623563221521957 0.4186315997708815 0
0.8947227809004769 0.5379057009148245 0
0.8794612732177656 0.5335593991556308 0
0.4433886529559369 0.02839698749006947 0
0.240413210424947 0.1314996581781875 0
0.2253604850969341 0.1365375646843776 0
0.8682870022648592 0.4898336739020938 0
0.9782415372714038 0.7340523323014083 0
0.4296447791635867 0.9605235613249772 0
0.4456097434654345 0.9584733768555607 0
0.8322472525193564 0.3837202126285641 0
0.8408257312359627 0.3956691113705989 0
0.8005475383513816 0.068628397578478 0
0.7869534650254647 0.06223581565599184 0
0.9605946653556716 0.6665146000547713 0
0.9725247363768554 0.6773946955321959 0
0.9632238119628247 0.520632252892517 0
0.5240157245454903 0.3634217448719532 0
0.5372695397190834 0.3575560305109351 0
0.6279442017771958 0.7459586161644942 0
0.52522028974116 0.9328978570602775 0
0.5394810381247266 0.9408506957806546 0
0.2432080734782243 0.398596491349762 0
0.2106793553523242 0.02376479424385125 0
0.2546078012069879 0.1274353200625097 0
0.2700789731236408 0.1233699270561365 0
0.5518468410121971 0.9343005201931085 0
0.5646974780256877 0.9280013361346549 0
0.551525489181517 0.9200626382213672 0
0.5945869097396502 0.6507023560131243 0
0.6046208584198757 0.6629093207543645 0
0.5924505090536282 0.667052775771127 0
0.564434933120661 0.03758439428809579 0
0.8538122576398623 0.03915913170424923 0
0.5278683654936206 0.09619829338233088 0
0.4887640562559774 0.09836231894373459 0
0.4993537533586066 0.08788633057528017 0
0.4660956162034244 0.3790796259011436 0
0.3979182197973808 0.0491504646687807 0
0.4081506099837748 0.06242728080309212 0
0.6117937881934341 0.7678910522451198 0
0.973181791766985 0.1189440832412152 0
0.9174660999418658 0.5173100909509903 0
0.9071625223003066 0.5280758198981667 0
0.5100047595704391 0.3680775514680877 0
0.5060391203053836 0.3814907260210856 0
0.4950859826652993 0.3719387419282117 0
0.0524803385185092 0.9445014987868191 0
0.04089242892051076 0.9553672958548838 0
0.3145605636359929 0.1161915224415666 0
0.6678785282311698 0.8561089277415845 0
0.6823306187943339 0.8485578635547244 0
0.6828082229113722 0.8592096220680556 0
0.7996087734392043 0.08324835286924431 0
0.6726935795826736 0.8374000956037428 0
0.8895529311611468 0.7498142831345822 0
0.8878966419525 0.7660980985690347 0
0.6470928436370651 0.3804177864540379 0
0.9618136591498563 0.817701956433258 0
0.9741552196586998 0.8243909608560216 0
0.3592353927396884 0.1126589929835351 0
0.3208904044121473 0.1028988430465271 0
0.3273088698281509 0.08923305987394314 0
0.8880467706548923 0.6255814924585241 0
0.03521945123931874 0.2315354364519169 0
0.3297322627804714 0.1143986026563006 0
0.9272281435117221 0.5831653523695438 0
0.7410229086492484 0.9154470107067698 0
0.7295005016871389 0.9268134228927954 0
0.6431761667855933 0.1405002645446631 0
0.6311127455204022 0.1323799135590748 0
0.6432068849371053 0.1251272192176117 0
0.0516415785486285 0.03157271369897635 0
0.04342475412424285 0.04219411230028836 0
0.03624280326110629 0.0328653433431621 0
0.4065411785979893 0.103472522825019 0
0.4009456537471746 0.08834261559321366 0
0.6182442693632787 0.1261827257850106 0
0.5686738289238724 0.1285401683581457 0
0.5817299298590597 0.138120173521864 0
0.05260121608095869 0.05052791952237456 0
0.03720244079343649 0.05182054916656031 0
0.5789855782809249 0.666861140147456 0
0.2776593246659751 0.07064298659098001 0
0.6257425362744254 0.4327135314716865 0
0.6190370683042936 0.4194534343881543 0
0.985765893664974 0.9485606434602866 0
0.9744368669005998 0.9114984653603014 0
0.9878959339263411 0.904145524183831 0
0.5395326588796696 0.4626445876875141 0
0.5359565086490751 0.4780757838551812 0
0.951383236557944 0.5554955781220645 0
0.9433789621291013 0.5650479215015889 0
0.6104493719990211 0.03542889702976937 0
0.602373266700808 0.04986335119811097 0
0.05581213446460531 0.2497022091549065 0
0.08488887580853199 0.1836963376452564 0
0.1020564048748812 0.1797402857218729 0
0.580456344750558 0.3517675786358977 0
0.5743315167882113 0.3374626789859002 0
0.8824908552869044 0.8095514843744988 0
0.8954889186888206 0.8056197432994912 0
0.8902151864967784 0.8188807256361448 0
0.183424417186687 0.9650119403579913 0
0.1901329215802271 0.9510696695624692 0
0.5394705708456397 0.9119215809852264 0
0.5261528516296925 0.9182205471028037 0
0.9551063198118137 0.5753098339226039 0
0.9404426058544127 0.5767572517038744 0
0.9163516414059701 0.4603406321705461 0
0.9316188495299073 0.4672133742993472 0
0.02178454953100417 0.3834914401317395 0
0.03460593545219731 0.384358989761612 0
0.5766810735471137 0.9485472110708497 0
0.5788653226975398 0.9636351311547799 0
0.5958299720194206 0.6208616589642794 0
0.6064956608252796 0.6312317097393392 0
0.5960915703000387 0.6361888502213021 0
0.6665383893996532 0.1937750350239186 0
0.7984102346939951 0.3598558413147497 0
0.8006724243481977 0.3758318382149761 0
0.7890271013174743 0.3730562557184318 0
0.8156302312603229 0.373041319773121 0
0.8062470978838021 0.386241734176803 0
0.9870813075302893 0.110294117647059 0
0.9870813075302893 0.09558823529411786 0
0.9487289593365513 0.6587870046345095 0
0.9621377261435728 0.6529215764281906 0
0.5984742039465236 0.3651494048573993 0
0.5839212209337912 0.6403323052380645 0
0.7742394928413234 0.05577515807469574 0
0.9772415779801538 0.1483558479470974 0
0.7374984951287367 0.9391087552378974 0
0.7520828467727312 0.9371639210826714 0
0.7483704668883945 0.9481031966207458 0
0.5236354800324189 0.08136371514535135 0
0.5378455041507713 0.08565760092089864 0
0.9257640433913106 0.5060733994521739 0
0.474286430281577 0.09435665766654167 0
0.04716602583993168 0.3851803589594632 0
0.9378053978512805 0.6648835608873898 0
0.6173017078367506 0.4472950132210115 0
0.9861004842366958 0.1262970244176858 0
0.9861162749937376 0.08065668734355741 0
0.4416104833065964 0.8457074338393646 0
0.4549948761331164 0.8394278961524596 0
0.4537673508671524 0.854093688201407 0
0.4899660446973002 0.8791141685189039 0
0.5034681686879298 0.8727674351411449 0
0.502120219643695 0.8874114557807222 0
0.08791340459149644 0.6326266888172807 0
0.07592272284968271 0.624284861809127 0
0.08902637953727222 0.6179812705909279 0
0.8421880153029968 0.8816849089963116 0
0.8309399446328654 0.871464407144932 0
0.0760963924587898 0.1691254075931333 0
0.4561969962573921 0.8247517435623628 0
0.4683538638179481 0.8331379979244052 0
0.1478932247547159 0.5191259599636431 0
0.1357088866291331 0.5105769938366234 0
0.1490399638772659 0.5043197195535123 0
0.901081818043751 0.7455377240652089 0
0.9126867415881209 0.7436118682421202 0
0.9091134318672077 0.7573392906933578 0
0.962946518050632 0.6235573090637149 0
0.9750849288181984 0.6166137498042619 0
0.4765727044073211 0.8854372955857959 0
0.4779206534515559 0.8707932749462185 0
0.3688895436914894 0.7955424884222149 0
0.3822450745388293 0.7892514405815917 0
0.3810293956034639 0.8039161251477498 0
0.1246201812447957 0.4867646022472247 0
0.1234461055393713 0.5019743004112877 0
0.3203586805915847 0.3950221549795302 0
0.3148310893701767 0.383208176076821 0
0.3289300132257282 0.3841226968513695 0
0.9643471071186006 0.5802742879447981 0
0.9758061397005418 0.5877377182145083 0
0.3834399766794202 0.7745732895049486 0
0.3955798285913947 0.7829469262304835 0
0.1339268286203915 0.6953619993461087 0
0.1218231969601158 0.6869827463801097 0
0.1350621388766688 0.6807213776251992 0
0.110817286959827 0.6640071433953717 0
0.1097693717532664 0.6785402261985142 0
0.09762815149670023 0.6702052449346854 0
0.8986522175675123 0.707145723126396 0
0.8893879777485215 0.6951993687603604 0
0.9012452239591636 0.6920816600501823 0
0.9366339963067851 0.4964150291417508 0
0.7922804852323149 0.3088131507004786 0
0.7789763238392808 0.3149528116617405 0
0.7805552148742436 0.2999725442499001 0
0.4602235060495557 0.09015575312247653 0
0.4709862411099237 0.07966734899971167 0
0.7616063735669646 0.04921067552948943 0
0.7741976662485051 0.04175835336998157 0
0.0845613737615945 0.6762612353910127 0
0.08560928896815506 0.6617281525878702 0
0.08674290730358386 0.6473012210835113 0
0.09984656399117336 0.6409976298653123 0
0.4658395284276247 0.8624652762638063 0
0.4792328687176037 0.8561421491969143 0
0.9136212860912835 0.6914310225285718 0
0.2343909266943109 0.7182685760299097 0
0.2355642783549315 0.703580713373934 0
0.2477001226075373 0.7119540597721726 0
0.4524551356011046 0.8687448139507112 0
0.624212019566408 0.2920451801430235 0
0.6158440871033283 0.3041427711608518 0
0.50472080184005 0.8581752281609832 0
0.5168749767864448 0.8664725154228016 0
0.4052631758302326 0.8206249595255231 0
0.4173569855000607 0.8289645251540849 0
0.4039962842975755 0.8352695529702235 0
0.1222993664168213 0.5167805408214186 0
0.7203492187192473 0.3688473253081009 0
0.7757000643577769 0.3668998441595811 0
0.2210682660588933 0.7245709170118571 0
0.2332041103114991 0.7329442634100956 0
0.4402923654148831 0.705275342110854 0
0.4414844389682183 0.6905833393809742 0
0.4536176857092344 0.6989577870841239 0
0.1535938991515173 0.9255371569643577 0
0.1670374217768614 0.9193915915112639 0
0.1657342868562892 0.9338220338332841 0
0.1682171796063523 0.9047989973596203 0
0.1803575673111242 0.9130838742285468 0
0.1929190003477137 0.5966933963524523 0
0.1917568269932318 0.6113933340981358 0
0.1796191270170696 0.6030233782093407 0
0.6088689304977636 0.4593478762909092 0
0.6023660521588243 0.4439512347092728 0
0.5131065899920872 0.7555066129686699 0
0.5143189375630473 0.7408289146629997 0
0.5264469799774343 0.7491990010900225 0
0.1086340614969891 0.6931808479194235 0
0.8281143449240105 0.843174947566654 0
0.8184773057123502 0.8543327155176358 0
0.259835392632961 0.7203250285219938 0
0.2610087442935816 0.7056371658660181 0
0.831085604650151 0.3046130906544662 0
0.8190977614791848 0.2961443119328675 0
0.8325106752179962 0.2900166398812375 0
0.7659153155560542 0.3206892637154824 0
0.4673953316550537 0.06437668515116407 0
0.481458255887075 0.0685775896952292 0
0.4065044017417608 0.8059725045082555 0
0.3931437005392756 0.8122775323243941 0
0.1560832043210457 0.896480680985135 0
0.1694033498553084 0.8901729637024178 0
0.1448582204870359 0.3147016590485348 0
0.134870291846833 0.3038745876577229 0
0.1705657416976938 0.8755381890147141 0
0.1826997169830004 0.8838565053891995 0
0.720832707186126 0.3536544305117084 0
0.7358482714145933 0.3615265347045651 0
0.8254334057163815 0.3492159938544467 0
0.8279482979522568 0.3337332185004437 0
0.8392997484385234 0.3432211359248811 0
0.2621814346648325 0.6909447363485232 0
0.274316704690256 0.6993157050983443 0
0.1674955313719693 0.5946702612224745 0
0.1553735354588329 0.5863238503038382 0
0.1686593044584153 0.579977029545021 0
0.6044160395504331 0.1827899463068643 0
0.678938205302322 0.916505053191716 0
0.6669611944843535 0.9083547613707732 0
0.6798100044596043 0.9021430585541287 0
0.8057660335893087 0.3022868229973672 0
0.8071911041571538 0.2876903722241385 0
0.8158773230707272 0.3252344195680528 0
0.8297436657928692 0.3192395616384872 0
0.2816670775133773 0.7663829755329277 0
0.2695480921431639 0.7580217436685566 0
0.2828754186162811 0.751718765160119 0
0.6910400672946524 0.9248994811698638 0
0.6781912573194017 0.9311111839865083 0
0.4997779752264447 0.7618188507304702 0
0.5119060176408317 0.7701889371574928 0
0.6430812836043387 0.3066344098056492 0
0.6485110228324327 0.319683654002985 0
0.635459355553555 0.3185950999935756 0
0.4269693459081054 0.7115900155216516 0
0.4391025926491215 0.7199644632248012 0
0.2062298117380877 0.590371900707799 0
0.1940921117619255 0.5820019448190039 0
0.3319340735616544 0.9239310938616949 0
0.3184923740804247 0.929936036618822 0
0.3205030638884635 0.9168454653821767 0
0.8431565795316806 0.3131118895868572 0
0.9138580124388569 0.642191614728399 0
0.9013922733569013 0.6354045309437775 0
0.1556142298100263 0.1724775645803657 0
0.1676245055701954 0.1639125755145523 0
0.1420844112501293 0.5926641370726243 0
0.1432481843365753 0.5779709053951708 0
0.3392909502494655 0.06325257735475814 0
0.3338047028906534 0.0763049691194484 0
0.3425579366191281 0.08817783250676653 0
0.3573353731185934 0.08753815398333309 0
0.350839540056091 0.1004662447378278 0
0.257428867868386 0.749662590031748 0
0.2453140367188105 0.7413047845979481 0
0.2586416020964922 0.7349997278619481 0
0.2092859999098613 0.8712473052075134 0
0.1959971808255112 0.8775533382838981 0
0.1971509279097358 0.8629156976251109 0
0.3325342018107013 0.7704673385476825 0
0.3204232234855281 0.7621115919839248 0
0.333741051498033 0.7558000964796432 0
0.06669291958518947 0.1572900125909128 0
0.08223209012091498 0.1571500240508952 0
0.8868772621328059 0.466248407863263 0
0.8768496539294544 0.4784744289311271 0
0.7047885718193885 0.9178753582304198 0
0.7040416238364682 0.932481489025212 0
0.293788513661852 0.7747420247237857 0
0.2804611871887349 0.7810450032322234 0
0.1948347889831259 0.8921881129716019 0
0.3797881696919357 0.8185685801650173 0
0.7499512266311998 0.2161846742997245 0
0.7367551785101778 0.2223356352409175 0
0.7380729795019966 0.2077192080441697 0
0.1557672572710769 0.7414654799600801 0
0.1436489733864209 0.7331204581161515 0
0.1569292009970991 0.7268140824354856 0
0.6539077182285638 0.9144657687633211 0
0.6547795173858462 0.9001037741257337 0
0.7078858058483488 0.874654713783562 0
0.6957882148305206 0.8662867813204822 0
0.3632053817554838 0.07459640384967192 0
0.276665336095321 0.6699350934380004 0
0.2633562519662658 0.67625695086833 0
0.2645321930000799 0.661568768725481 0
0.7146670667968604 0.1907808812046051 0
0.7031957182675755 0.1823737473665605 0
0.7160137886411045 0.1762683268867305 0
0.7488157095010997 0.04241693828304594 0
0.748857536093918 0.05643374298776016 0
0.3444579562402231 0.1132986715069686 0
0.888290964106826 0.6422072579666552 0
0.3083632049704311 0.9084355816697872 0
0.3218049044516608 0.9024306389126602 0
0.4294640512699819 0.8373253801946012 0
0.428236526004018 0.8519911722435486 0
0.1304048473319068 0.7393920663232745 0
0.131566791057929 0.7247406687986799 0
0.1663333580174873 0.6093701989681579 0
0.09670326576070593 0.3604605818278218 0
0.1125799292286194 0.3539888746387747 0
0.1113728201691108 0.3681074343235741 0
0.2562205267654822 0.7643268004045566 0
0.2214035900760871 0.8796004916934153 0
0.2225573371603117 0.864962851034628 0
0.44302767442065 0.07024908307101774 0
0.4462685619190602 0.08405967578985185 0
0.07517843585102058 0.3140609507594293 0
0.08766442367861504 0.322337322376166 0
0.2500482915695913 0.6825784116360039 0
0.01149646950187388 0.2712192079968758 0
0.01149646950187388 0.2859250903498171 0
0.3229860741659511 0.8877601773067595 0
0.3351259330839835 0.8961700610191489 0
0.07318740454167216 0.3434939047348501 0
0.08616484304062572 0.3375978807845473 0
0.08493293632126098 0.3522380460933253 0
0.8041871425543459 0.3172670904092076 0
0.6536611104131348 0.9281237560475135 0
0.6414794333146273 0.919872768802474 0
0.8566623558536183 0.7892398101655398 0
0.1312806876892481 0.04400876187571162 0
0.1454196869737558 0.04067244624113164 0
0.1437530605072042 0.05550530285191846 0
0.8627386783383098 0.4754762810644498 0
0.9874241592220632 0.2448173066568887 0
0.9872643322972876 0.2279411764705884 0
0.4033909901246459 0.1134291020648699 0
0.09940995545820386 0.3310814637346412 0
0.1241133631559108 0.6576794398166912 0
0.1119721428993446 0.6493444585528625 0
0.9869488532220868 0.3305242833564929 0
0.9720355889872135 0.3215007108062838 0
0.9850867357651267 0.3145058392144974 0
0.1327494019081408 0.7100462143462881 0
0.1459883438246937 0.7037848455913776 0
0.05756439624777021 0.3788597729138241 0
0.05836487253942568 0.3642537483871143 0
0.0711550215306519 0.3727400945703379 0
0.8876341062344507 0.6569594282347982 0
0.2358498231259066 0.8586489035578557 0
0.2237322329596808 0.8502957170719538 0
0.1163931575576605 0.435069218052225 0
0.1295404219171127 0.4289694100450194 0
0.1284980796743043 0.4434623085470483 0
0.2020537318068887 0.3656722431905108 0
0.1392280990083614 0.06889947998646251 0
0.1533670982928692 0.06556316435188253 0
0.06630451561265654 0.5715740942922816 0
0.06578710685479294 0.5862924560187648 0
0.1996653993009584 0.3514909659056163 0
0.7952080433164528 0.2792241420107415 0
0.781890404576186 0.2853685399529926 0
0.7832390716253612 0.2707597986750959 0
0.8735724952138505 0.7303654986923294 0
0.628203677225007 0.9261490541294786 0
0.628450285040436 0.9124910668452862 0
0.1273264714595407 0.4581472063075086 0
0.1404737358189929 0.452047398300303 0
0.6640288088640207 0.8284388533620151 0
0.6564190432157713 0.8157958407747661 0
0.07367612956847813 0.6533572115398386 0
0.5407829987375976 0.1410859696824832 0
0.871197766553226 0.7871685595361246 0
0.7716353195784779 0.9875112073793615 0
0.786341201931419 0.9875112073793615 0
0.08178044968522669 0.3955947601722101 0
0.0829253509700969 0.3809626303048344 0
0.09435125541632716 0.3892112713799968 0
0.08372582726175237 0.3663566057781246 0
0.1592830838410328 0.6974516738222583 0
0.1581056571287822 0.7121358888224377 0
0.1362344146377551 0.6660369416138483 0
0.1373892705772727 0.6513742567713392 0
0.4669557805231952 0.6926477464110158 0
0.46576370696986 0.7073397491408957 0
0.3514471896250898 0.5354204769213964 0
0.3393235986578474 0.527071147988497 0
0.3526175432769889 0.520715904781109 0
0.1600505028592099 0.5275649959736676 0
0.1733561212791508 0.5212204525651536 0
0.172182322135512 0.5359167628582892 0
0.7564815595936811 0.9603459097227391 0
0.7707597876682019 0.9605903886121214 0
0.764286528729494 0.9747779358693407 0
0.1510272255482362 0.8001601101237724 0
0.1389126349143787 0.7918128681230322 0
0.1522216213270399 0.7855011170869397 0
0.2887970986672463 0.6783004448277928 0
0.2899730397010605 0.6636122626849439 0
0.1032556102625325 0.441160907418523 0
0.1042979525053409 0.4266680089164941 0
0.7357731463391071 0.9747857667796798 0
0.7426512091510158 0.9872667284899792 0
0.7284160548351497 0.9875190382897006 0
0.3438914616288622 0.9319537770673424 0
0.3459021514369011 0.918863205830697 0
0.7287039989971718 0.1700450257013441 0
0.717232650467887 0.1616378918632995 0
0.5876588314412245 0.4428080649306958 0
0.5960916087802117 0.4307552018607981 0
0.169837309648086 0.5652904323370816 0
0.157707006130425 0.5569459624465939 0
0.171007007233232 0.5506057761572909 0
0.1255758542084455 0.7981023582712559 0
0.1267702499872492 0.7834433652344232 0
0.623926317750379 0.06715887816516586 0
0.6361471239776487 0.07489092758933158 0
0.6215888395746257 0.07992173431461969 0
0.2183630646906112 0.5987370446390703 0
0.219536176104823 0.5840455931056219 0
0.4317153940175359 0.6528176710664495 0
0.4183933607848666 0.6591421321129679 0
0.4195782422327824 0.6444458874690457 0
0.942743293313528 0.725878248652065 0
0.9382815275216326 0.7394056330528344 0
0.1483380462980307 0.6744161945798471 0
0.2985722483244343 0.7160398301534202 0
0.3118804074302237 0.7097185632742766 0
0.3107012381890251 0.7244042570427878 0
0.5900129286116462 0.9160822944304107 0
0.5767641403069437 0.9219003563863533 0
0.5776249144997101 0.9079453922069709 0
0.4077826205063281 0.3873257095082175 0
0.1679062361189371 0.06302112741300231 0
0.1633812746200943 0.07641530454754636 0
0.3592003228732756 0.9125523068583846 0
0.3472429348060678 0.9045296236527371 0
0.7353153319860595 0.236946920300204 0
0.7234370848568562 0.2284814540446491 0
0.4223612338842724 0.9252517429881868 0
0.4101815328498528 0.9169827609622359 0
0.4235464858013069 0.9105800131660794 0
0.09218337967083495 0.4183015497650823 0
0.105320926965963 0.4122098603987842 0
0.242625588733041 0.6154657744112942 0
0.2304934327432234 0.6071019077308761 0
0.2438015850471641 0.6007746037173113 0
0.757357091503957 0.9872667284899792 0
0.06904974462893387 0.401959045902731 0
0.08047564907516414 0.4102076869778933 0
0.4714401769372338 0.9609840419241504 0
0.4587061303215406 0.9525791437730022 0
0.4727182741264409 0.9439391302549619 0
0.4172110965483966 0.6738382095079989 0
0.405073944763643 0.6654664259105951 0
0.9614828355833824 0.3305247952614826 0
0.9596207181264222 0.3145063511194871 0
0.05411130298660272 0.4219361786606795 0
0.06597155498653229 0.4312534542342588 0
0.4681374608587697 0.6779448659010667 0
0.4802834821193953 0.6863268279578384 0
0.5362174331101521 0.7871789304950225 0
0.5483414138647039 0.7955405312428127 0
0.5349738785591576 0.8015839888547517 0
0.8163028274547295 0.9853856811012637 0
0.8244686747967491 0.9731334227470079 0
0.8316952591067253 0.9877477416457441 0
0.401199395858778 0.5541934702164701 0
0.4023785105294345 0.5394873459231208 0
0.4145131195457651 0.5478570087230653 0
0.7938204999743841 0.9728968884806253 0
0.8015969451017884 0.9853856811012637 0
0.1104125284063195 0.07503373235046956 0
0.1151707716918372 0.06198292389467913 0
0.1248558179371786 0.07189242694228892 0
0.05728058069338388 0.5189622006286465 0
0.9850867357651267 0.2997999568615561 0
0.107616840877602 0.3829283165558328 0
0.1064719395927319 0.3975604464232084 0
0.1537811583401311 0.445721894613722 0
0.1526095501253675 0.4604067923741822 0
0.1258434321710687 0.47224537356436 0
0.1138677760263802 0.4636602838111054 0
0.06079079354306871 0.659110684729034 0
0.06192441187849751 0.6446837532246751 0
0.4633723677249004 0.7367073649844152 0
0.4512344142086592 0.728333032102322 0
0.4645635656721405 0.7220241226960969 0
0.3878763571153714 0.5605245455303656 0
0.400010966131702 0.5688942083303101 0
0.2479637022789971 0.8670051666860605 0
0.2491385980783662 0.8523380327233865 0
0.1604601858413024 0.6827743739180305 0
0.1725774991453908 0.6911254171490908 0
0.1819593055612223 0.573636843255718 0
0.1952701169515962 0.5673153476110646 0
0.5290774915357787 0.8747442269869214 0
0.5303301246878989 0.8601520200067598 0
0.06746276600962886 0.5568984360305536 0
0.08034311548250495 0.5655817867174362 0
0.1514356972151985 0.475096130260964 0
0.1647431197363368 0.468770626574383 0
0.06884885681896308 0.5422975641549866 0
0.9872643322972876 0.2132352941176472 0
0.07945267461454214 0.4246658354956032 0
0.444061966474122 0.8163797459725655 0
0.4574209541589538 0.8100898477445111 0
0.4900400146527479 0.7240844978251725 0
0.4779016604861013 0.7157140820229888 0
0.4912401559504675 0.7094001242699711 0
0.252400957645913 0.6532035693664152 0
0.2657100417749682 0.6468817119360857 0
0.6021633416848476 0.924402305391042 0
0.6030241158776142 0.9104473412116596 0
0.3108697280908733 0.8794011693393997 0
0.3241907567231961 0.8731405914458885 0
0.1745313634378831 0.5065298166089077 0
0.1866631827141852 0.5148815834935293 0
0.480494300030839 0.8415006326293824 0
0.4816964201551147 0.8268244800392855 0
0.2234312842158378 0.6952122728071608 0
0.2367404801290642 0.6888977565494236 0
0.6495014205872255 0.06872791349944452 0
0.6471639424114722 0.08149076964889834 0
0.3713155114933838 0.9209107693272435 0
0.3726562948625505 0.9065771871492835 0
0.4077151107279067 0.7913133671909622 0
0.4089100128684975 0.7766352161143192 0
0.06966859726259667 0.5270469259154382 0
0.0823211063231109 0.5356554902161598 0
0.5655685254042875 0.8994792449821704 0
0.57881731370899 0.8936611830262278 0
0.371306462823038 0.7662023481479463 0
0.3846412168756034 0.7598978337968381 0
0.9874241592220632 0.2595231890098298 0
0.1623967844145082 0.4981643250708483 0
0.1757038458495427 0.4918254559992241 0
0.1131426401872572 0.6346699262866318 0
0.5385504871329876 0.7575711798649865 0
0.5397628347039476 0.7428934815593162 0
0.2160140576992749 0.6281169648967854 0
0.2038836896466627 0.6197521018049796 0
0.2171870683764881 0.6134282153330533 0
0.2379152974304976 0.6742099710692305 0
0.225786623107823 0.6658468784515326 0
0.2390944345483501 0.6595275335381128 0
0.383951141560965 0.9310883001270347 0
0.3704951695716902 0.9370634198361357 0
0.4858417478849838 0.93770788107688 0
0.4731077012692906 0.9293029829257318 0
0.727792133534449 0.01254668941948811 0
0.7130862511815079 0.01254668941948811 0
0.6324829066908277 0.7606041864445965 0
0.1905838163160186 0.6260820836618679 0
0.3349469078027671 0.7411258184995687 0
0.3228197352338372 0.7327636700397648 0
0.3361365698637444 0.7264451386234481 0
0.2402722833232385 0.6448404767487173 0
0.06236687007051844 0.3230180694650572 0
0.06312599466050217 0.3082252807984144 0
0.06471252320975585 0.6009834553205698 0
0.07811028144049553 0.5949484442809693 0
0.1185865124272378 0.4059269055746203 0
0.3484241045203581 0.8898591620468365 0
0.3083122385796772 0.7537621734701878 0
0.296193741534865 0.7454027604732107 0
0.3095115761280478 0.7390849369189085 0
0.8085397712063289 0.2730816309462418 0
0.185877347889615 0.684807437801187 0
0.1870562419713908 0.6701284085584874 0
0.1991789887153454 0.6784877291148114 0
0.1234935043455155 0.3764566093667857 0
0.1616324616023886 0.6680899379066797 0
0.9338200567697412 0.846105544432469 0
0.9296259580252272 0.8601480150238743 0
0.9174721205885272 0.8491706099704005 0
0.21130379031177 0.6868480371700807 0
0.2124826843935459 0.6721690079273811 0
0.1768793665811056 0.4771333897702527 0
0.1890139456044805 0.4854988813083121 0
0.1847002458893454 0.6994847377054147 0
0.2136618215113985 0.6574865703962633 0
0.09020756580312511 0.6033005796996684 0
0.1021982475449389 0.611642406707822 0
0.1702239410134381 0.7204809106663663 0
0.9185197828244978 0.8886036789118829 0
0.9283492060799965 0.899555708778582 0
0.9143526676004388 0.902217191912604 0
0.2864477159423192 0.7076811355003741 0
0.2852685467011205 0.7223668292688853 0
0.171743413085957 0.8608715683027381 0
0.158447045958265 0.8671880266159565 0
0.4924255584370439 0.6947027967228246 0
0.4936072387726184 0.6799999162128756 0
0.3781250087760559 0.522756628844713 0
0.3659914478864207 0.514376586885634 0
0.3793753224182454 0.5080679820163385 0
0.269916266303972 0.9129298023344274 0
0.2578040527402762 0.9045744739966437 0
0.2710082351220603 0.8983894859328716 0
0.1964455244539228 0.5526255300883135 0
0.2085783306546261 0.5609906316515996 0
0.45599613218625 0.6695690125006647 0
0.4693238337824501 0.6632480940474873 0
0.184312625653173 0.5442612327487768 0
0.4876492204541743 0.7534437565209241 0
0.4864486481029187 0.768126080709747 0
0.8175666912533752 0.01419422985165242 0
0.802860808900434 0.01419422985165242 0
0.9744899304523873 0.3521048088049735 0
0.9869488532220868 0.3452301657094341 0
0.9875410772303005 0.3598158195661282 0
0.1502124462889254 0.4896153589438286 0
0.1143189343669393 0.6199953074712542 0
0.1264445132751105 0.6283421361588045 0
0.2721891024255296 0.8837208804349633 0
0.2600742493949106 0.8753642267233396 0
0.2733673302620757 0.869050949563215 0
0.01273860627993689 0.1842397853488678 0
0.01273860627993689 0.198945667701809 0
0.4610980649837236 0.9209613162107604 0
0.4478552071732371 0.927191613647922 0
0.4489690446462131 0.9126186977548687 0
0.1385657416912348 0.6366976429574627 0
0.1506867931730791 0.6450551447546198 0
0.2840747561646517 0.7370415286088396 0
0.1682633171815121 0.1504561595611417 0
0.9342138571622305 0.7532595876257613 0
0.9298012668614104 0.7670401167611578 0
0.1380788766779562 0.4812515247436279 0
0.1344698557228437 0.08195028844225294 0
0.2819400956816339 0.9214113574486119 0
0.2687359132998497 0.9275963455123841 0
0.2207109716956622 0.5693550947774143 0
0.2328442246481858 0.5777202387086856 0
0.1823443520086445 0.7288398418964456 0
0.1835208081403276 0.7141616482833977 0
0.2439148943466717 0.9248773081840311 0
0.2317307642388017 0.9166290708695648 0
0.2445279538143178 0.9108665530837334 0
0.3538678569191783 0.5060272579527345 0
0.1628098312187263 0.6534119896835546 0
0.174931970761998 0.6617701690217381 0
0.2843013159892254 0.8920762087727471 0
0.1799868721989203 0.75818909719428 0
0.1678699552990464 0.7498333056966844 0
0.181164401781629 0.7435148957770097 0
0.1850354110914375 0.854558547644801 0
0.1729167153520087 0.8462083852460435 0
0.07767928558220305 0.4393473170214477 0
0.1533997282047601 0.7708306911000771 0
0.1655143188386176 0.7791779331008173 0
0.704976635995205 0.0277404761902772 0
0.6977727377548739 0.01519378677078914 0
0.1776300240607943 0.7875323711767848 0
0.1788081309385144 0.7728619451899221 0
0.6144263560368938 0.6705741502650298 0
0.2876204063135699 0.6929887059828792 0
0.1439851397942014 0.8881792366604828 0
0.1318718480986777 0.8798248656151708 0
0.1451560828744781 0.8735002762826205 0
0.6189526758432373 0.7575111806787358 0
0.1463337542627413 0.8588336555706445 0
0.1342199479051471 0.8504803160250067 0
0.147510910988934 0.8441680663583427 0
0.5045639126036906 0.7030732125250083 0
0.1209314687243709 0.8567947562423055 0
0.1221086254505637 0.8421291670300037 0
0.218210352409824 0.9390573004523586 0
0.2056192925046203 0.9312637107578684 0
0.218526644865952 0.9228462362753723 0
0.04443523949963857 0.8497204166557788 0
0.05433266408611803 0.8603684413833819 0
0.9213314203868743 0.3046508001643334 0
0.9082490224593052 0.3112761148215821 0
0.90815648061747 0.2963036833814752 0
0.06627090213971798 0.8683582887786471 0
0.07030783915600858 0.8530786817256877 0
0.390286835075164 0.5311359156959715 0
0.4036005587621511 0.5247994542025667 0
0.8365208780105624 0.2461598679131705 0
0.8485111417071806 0.2546213872345359 0
0.8351865744809132 0.2607742032448583 0
0.6162804920987337 0.9041888616142809 0
0.6295562481883541 0.8979125762872763 0
0.2668881260053101 0.6321922658647716 0
0.2790193613594771 0.6405574652238375 0
0.1752735920590965 0.8168726260535911 0
0.1631586185817207 0.8085179530911304 0
0.1764511854382732 0.8022030320501405 0
0.0657760165248249 0.08325116763084489 0
0.08054028999122298 0.07975441240658199 0
0.07652388771240343 0.094373405449097 0
0.90696619859798 0.3260013027996246 0
0.8937912588285757 0.3176541860167664 0
0.07192015878246927 0.1082107380656924 0
0.08668443224886735 0.1047139828414295 0
0.6221388012284125 0.3174156930178934 0
0.1608028712745361 0.8378544764992808 0
0.1740948692800167 0.8315414558413436 0
0.1197542174758625 0.8714579148470862 0
0.1076428950212789 0.8631067658520831 0
0.1983242301757875 0.8482525145684163 0
0.4438565088397753 0.6611930781787285 0
0.4450413902876911 0.6464968335348065 0
0.3130596174639416 0.6950307081686815 0
0.3251886073285323 0.7033951350580491 0
0.192102577421097 0.7665435352702473 0
0.2911513880106504 0.6489225638363265 0
0.3032831505825758 0.657287915226119 0
0.3976610011518367 0.5983039191131558 0
0.385515643064346 0.5899304614686264 0
0.3988332854757861 0.5835987412887352 0
0.2456199226324061 0.8963262366821775 0
0.148689064916942 0.829501136953643 0
0.8551532240354283 0.3215788216134206 0
0.8564951628927102 0.3069523506293996 0
0.1873874361365691 0.8252265348003538 0
0.1897449975381701 0.7958870441392454 0
0.4368427443665798 0.9042718238466202 0
0.4246630433321601 0.8960028418206691 0
0.09435586049118949 0.8694192267889084 0
0.09553311173969797 0.8547560681841276 0
0.550761262181222 0.3515657015421043 0
0.8618392985947957 0.2484644413637425 0
0.8605049950651464 0.2630787766954303 0
0.3859534858896927 0.9002640085364819 0
0.3738382972695846 0.8919055460676231 0
0.2449783389981558 0.5860843684946984 0
0.2571104949879734 0.5944482351751166 0
0.7052267146880211 0.1531748790262752 0
0.7179169250440883 0.1469515778408887 0
0.1944612689085184 0.737195633394041 0
0.6533100626600541 0.01201775252822757 0
0.6457290181933846 0.02352090929425954 0
0.6394777790627428 0.01150315676603203 0
0.4782458245621916 0.4288118685406787 0
0.4656417156511491 0.4192722484796465 0
0.06513614565162018 0.8830240339649735 0
0.08111132072151067 0.8757342743072793 0
0.9633832280554154 0.3445846777745558 0
0.9509683571946241 0.3375903180877591 0
0.219139704333598 0.9088354811750746 0
0.09128214944816221 0.5886095803978634 0
0.09322110400309164 0.8840849719752348 0
0.9228971715740343 0.8745776381698334 0
0.9089006330944767 0.8772391213038553 0
0.3617221125224959 0.8835461368259887 0
0.3496051108004117 0.8751865741924004 0
0.3373189140268488 0.7117609763167893 0
0.3494460865957788 0.7201231247765931 0
0.2719502237825365 0.7286828339557936 0
0.1420496842463009 0.4227624917480334 0
0.1548310926818455 0.4166386298552615 0
0.1544267524693011 0.4312386386470708 0
0.1968206568845517 0.7078436689354939 0
0.07148428317909788 0.8384163463094305 0
0.08342252123269789 0.8464061937046957 0
0.8165478954453617 0.1854064941246893 0
0.8152135654853082 0.2000218077871151 0
0.8032222060743214 0.1915606715219184 0
0.6930515657320387 0.8956041775674202 0
0.6810745549140703 0.8874538857464773 0
0.1155001206327922 0.6053146165799947 0
0.1780532194912745 0.462444051883471 0
0.3603857227259478 0.7431670897615439 0
0.3615767380826996 0.7284897299227862 0
0.373698718375973 0.7368495326010782 0
0.3858274426031998 0.7452149691488841 0
0.397960956459582 0.7535859105058863 0
0.1922404047650628 0.9375756216575225 0
0.1925566972211908 0.9213645574805363 0
0.4100913395421831 0.7619540573320384 0
0.4222266216786951 0.7703204982925171 0
0.09088138140660745 0.9134099096829565 0
0.07880770313678404 0.9050621905033558 0
0.09205024250323623 0.8987477386732066 0
0.4720225703515804 0.4033289021562985 0
0.2866629376976402 0.8627370533419444 0
0.2745480846670212 0.8543803996303205 0
0.3769029605433393 0.5374445205652669 0
0.07694698466172317 0.9343107728999467 0
0.08993360883788593 0.9286279923414658 0
0.963975452063629 0.3591703316312499 0
0.3436557066854803 0.3852226280007015 0
0.9298728708278147 0.9406116090103585 0
0.314236309817618 0.680342447013595 0
0.31541566091699 0.6656533459955906 0
0.3275471684616222 0.6740181789344494 0
0.5604949454590469 0.4174711359415494 0
0.5751815091631705 0.4189034537209457 0
0.5666978243584884 0.4281797143028248 0
0.1397420358709169 0.6220230241420851 0
0.05748997178715942 0.8298301848737827 0
0.07060465386384873 0.8231576968527907 0
0.4331656096903466 0.7933597536147559 0
0.4343598976817415 0.7786852921264816 0
0.4464802123670786 0.7870433886664394 0
0.4989984511710635 0.9312528127941919 0
0.01475999522069493 0.1709709071408297 0
0.06361213128375776 0.9406179203107965 0
0.06430398866218978 0.9260315089239555 0
0.1031761482043381 0.9223135405113166 0
0.3374886033743946 0.8668271477666109 0
0.3253722572993168 0.8584681397992511 0
0.1882336115877284 0.6554504603353624 0
0.09670955576278728 0.8400937327678705 0
0.9392451077552483 0.8715125726319018 0
0.4866709146642511 0.3996990527098817 0
0.476471999087573 0.3889817659276265 0
0.1639863023326884 0.6387353758696781 0
0.4828740282522557 0.8121503492690452 0
0.4950144644651465 0.8205129839740222 0
0.4586111952713148 0.7954097645444939 0
0.4707462250545849 0.8037817621342913 0
0.9875410772303005 0.3745217019190695 0
0.2220633255120856 0.06675332175166881 0
0.2313824948010054 0.0787476496166154 0
0.2160985459155386 0.07990861740240063 0
0.1052947822729151 0.8924326911548356 0
0.7341381532759231 0.1124524932639041 0
0.7470783833568702 0.1068482246952512 0
0.745517999512737 0.1205573330641782 0
0.150930031151074 0.9536223393171261 0
0.1377697821963263 0.9601973337094049 0
0.1391305152761973 0.9465425936786566 0
0.6680159450129952 0.01201775252822757 0
0.0960078216698898 0.07800043976384696 0
0.1056928679152312 0.0879099428114567 0
0.1976208393562027 0.5379365167893118 0
0.4742215387422666 0.9147300670326785 0
0.5975307865495313 0.06294417207405012 0
0.59725181472105 0.07784404924609878 0
0.8501063025200345 0.09999033860738055 0
0.8382862023751005 0.09155612987070311 0
0.8513902380869993 0.08536736209510953 0
0.262432412029393 0.8460230773069606 0
0.2503185328763026 0.8376668141787557 0
0.127188694515557 0.9385496042742859 0
0.1153177491726406 0.9307566218237312 0
0.3968838822077385 0.9232950702012428 0
0.3960635402860449 0.9394477207101352 0
0.2116168830338701 0.8419386722042308 0
0.1995013662155717 0.8335815222239209 0
0.4921347363661069 0.539321582082271 0
0.4788009653130657 0.5456451296765288 0
0.4799951007921818 0.5309576475501868 0
0.2218863791979888 0.5546652772546633 0
0.3567716518033213 0.7871804330299108 0
0.3555559728679559 0.8018451175960688 0
0.7645883123977858 0.1954124714062026 0
0.752594021335339 0.1869522135336809 0
0.7659133061101062 0.1807964378369069 0
0.4807439605160951 0.3754497764547268 0
0.5059822331532853 0.8435337115934514 0
0.5071488566034278 0.8288759988816966 0
0.5192942333887075 0.8372225957308853 0
0.6996615771694839 0.08476548511769627 0
0.7116722450725788 0.09323841264565613 0
0.6965581730120231 0.1007506319097726 0
0.9861004842366958 0.1410029067706269 0
0.3980691341247729 0.9086233403791354 0
0.6830668554019328 0.01519378677078914 0
0.228141598327388 0.6364787596726369 0
0.2414481214249508 0.6301547955009394 0
0.8565429606572516 0.1669456306351392 0
0.8432102112572277 0.1731015384312794 0
0.8445475457971554 0.158479934632891 0
0.380838994270263 0.493373910271 0
0.3929725551598982 0.501753952230079 0
0.246785474442451 0.8816750975578089 0
0.9344410636869142 0.9237447262646055 0
0.919613897996838 0.930036104525056 0
0.1010690876759592 0.1018458600361521 0
0.09646535874602508 0.1156831926527475 0
0.9225413608234396 0.3863167853649785 0
0.9217589987746213 0.4005622342057271 0
0.9114918100840798 0.3930871521351412 0
0.8267945350583814 0.06902057655929617 0
0.8399801702580718 0.06233999328019429 0
0.3009281099193094 0.6866658752298227 0
0.6282743427789457 0.5041033345804488 0
0.2547562737288915 0.6238274914873746 0
0.5288455276133338 0.7198237598118774 0
0.5155189188327541 0.7261459214282534 0
0.5167051188976938 0.7114483784557787 0
0.4121563242191927 0.5772676659748397 0
0.6833199980008511 0.9850839579227737 0
0.6681031741879486 0.9878937442708624 0
0.8526484089003925 0.07083336055599887 0
0.8644685090453266 0.07926756929267631 0
0.08525995048231128 0.0668782019455948 0
0.1243864160898727 0.8127828323276212 0
0.1365576718834575 0.8211432939862849 0
0.1232258488377551 0.8274542651540412 0
0.2950909065464949 0.9147976112049796 0
0.2939105535423727 0.9294641543829361 0
0.9343557941550085 0.01256231079267256 0
0.9485329319858573 0.01244792546938139 0
0.1403489434703048 0.9319746098820072 0
0.9054746183561553 0.01330191154486327 0
0.6980258803537924 0.9850839579227737 0
0.7058536998948248 0.9726029962124743 0
0.7137101724822086 0.9875190382897006 0
0.9196499118020673 0.01256231079267256 0
0.9133598242758698 0.02586422233753577 0
0.6138718201309908 0.5935979824573379 0
0.6149717512803228 0.5788722889975858 0
0.6533972918350074 0.9878937442708624 0
0.4426701359160949 0.6758898500323078 0
0.42185256459781 0.385196487149172 0
0.4826470569931812 0.6569202953898534 0
0.4705057283206615 0.6485444419894515 0
0.5069323430140622 0.673671950928502 0
0.4947902666964136 0.6652959821635157 0
0.9861162749937376 0.06595080499061623 0
0.9632388143387984 0.01244792546938139 0
0.4500856021770663 0.8980415264094586 0
0.03657652073130163 0.9882623509652146 0
0.05128240308424281 0.9882623509652146 0
0.1162655217413621 0.915538539165222 0
0.01273566770271234 0.889705882352941 0
0.01273566770271234 0.9044117647058822 0
0.09518128224703837 0.986209192371777 0
0.1098871645999795 0.986209192371777 0
0.1154737944123889 0.0988791526227748 0
0.5528694589699232 0.7365546857240277 0
0.5407659518143699 0.7281825069490637 0
0.2461531345889951 0.5713938701664908 0
0.264193824511427 0.5063106648199475 0
0.2508753917732229 0.5126375273313791 0
0.2520561939396093 0.4979415339755326 0
0.9054714978105952 0.9330604219812946 0
0.9100396906696947 0.9161935392355417 0
0.985765893664974 0.9632665258132278 0
0.1427989695452452 0.9028052703176853 0
0.01280825989257195 0.8025192421054914 0
0.01280825989257195 0.8172251244584327 0
0.184178289748353 0.9876796582629495 0
0.1988841721012942 0.9876796582629495 0
0.4051191671571362 0.5102378941714308 0
0.4172108426114067 0.51858932439858 0
0.5042735713981026 0.5476790412153004 0
0.5054677068772186 0.5329915590889586 0
0.05164157854862839 0.01112197237092505 0
0.03693569619568715 0.01112197237092505 0
0.8685419353484265 0.1754121388966778 0
0.8698792698883542 0.1607905350982896 0
0.399251136531807 0.8939516992974749 0
0.5314400471415249 0.8455663209977782 0
0.5436425618908587 0.8538380325618982 0
0.2774998972423736 0.4999815128396595 0
0.2763190950759872 0.514677506195506 0
0.2680655933134004 0.6175032447751264 0
0.06778939943523743 0.7399412956598754 0
0.0803953455497779 0.7343347937571136 0
0.07933664255600342 0.7490380153182191 0
0.9236527107432481 0.781465884002324 0
0.9340618641713223 0.792685846820511 0
0.9188303966033271 0.7954849321707886 0
0.2923294722409924 0.6342331177650125 0
0.06021216020967241 0.7993878525391321 0
0.07506862468557729 0.7932724427379583 0
0.07146680694781515 0.808456125615969 0
0.01173723275662031 0.7721836632758636 0
0.01173723275662031 0.7868895456288049 0
0.7619424828751253 0.2246421819006655 0
0.763260283866944 0.2100257547039176 0
0.06987698482371918 0.7106661321895933 0
0.0825975456410612 0.7050859891504727 0
0.08156866324635392 0.7196579310596494 0
0.8724990208174034 0.2715459977698665 0
0.8591708639297883 0.2777029436406598 0
0.06527233719444875 0.7694243434410512 0
0.07805444153477903 0.7637364904822587 0
0.07659608228776482 0.778516316702329 0
0.3917559311194045 0.6717895377721976 0
0.3929381953558744 0.6570934603771666 0
0.7765795686417113 0.2038699790071436 0
0.3384981240605667 0.697073121211194 0
0.82987702562674 0.1792517364094586 0
0.8178856662157532 0.170790600144262 0
0.0936163622503659 0.5592606561193996 0
0.09245811185339359 0.5739363143811276 0
0.02454549264919226 0.795291140675473 0
0.767242957721036 0.1661786508742945 0
0.7792372487834828 0.1746389087468162 0
0.01243666470391835 0.7426470588235291 0
0.01243666470391835 0.7573529411764703 0
0.4583635712330312 0.6401692249991379 0
0.4462224564107918 0.6317938178868588 0
0.6315989111743904 0.8402137473592982 0
0.6309763015456986 0.8565508513706696 0
0.6192446557002176 0.8447757034488429 0
0.3750193035496382 0.877232958213187 0
0.2129214078714163 0.9877562353721263 0
0.2276272902243575 0.9877562353721263 0
0.09561019784281188 0.5293366616690914 0
0.09479045739917835 0.5445872999086397 0
0.2006800889946516 0.8189126924361684 0
0.07172418922573792 0.6819391666623071 0
0.08374305175428309 0.6904162590091223 0
0.01199745048911527 0.06571943454019202 0
0.01199745048911527 0.08042531689313315 0
0.01322275308319709 0.3313544759743509 0
0.01322275308319709 0.346060358327292 0
0.2999590513753519 0.8564240434437893 0
0.2987782969704065 0.8710945933766838 0
0.01219198541306826 0.713240295299802 0
0.01219198541306826 0.7279461776527433 0
0.5546467820254001 0.8768093836861535 0
0.5557659892403045 0.8622118139060169 0
0.5678801318284719 0.8705974660212905 0
0.3507866113765324 0.8605141225457631 0
0.2335093755164926 0.8879671766448984 0
0.31659400922658 0.6509636471469732 0
0.5430832690945279 0.543387778826137 0
0.5297510854879337 0.5497215537361774 0
0.5309387255158085 0.5350152433119475 0
0.8751644139920797 0.2423062712472254 0
0.8884922245571915 0.2361511590547529 0
0.8871609625178734 0.2507667186321645 0
0.1185832743955857 0.8861368752249486 0
0.6041300790255322 0.8958688506536496 0
0.57925783061868 0.4544125946483346 0
0.5729833872400675 0.4412165617998598 0
0.362759082245804 0.7138055676161275 0
0.3870184579599516 0.7305376093101263 0
0.4112775652697795 0.7472711926840843 0
0.3905731555994224 0.6864799367426279 0
0.3784374061916538 0.6781069712091994 0
0.2975736144131615 0.8857141792375548 0
0.02417389746053866 0.7648307220993931 0
0.7050930062235334 0.2912384286711294 0
0.7065080151383829 0.2766452866054552 0
0.7179025611618952 0.2868832423260821 0
0.01227380876726986 0.6838823433139106 0
0.01227380876726986 0.6985882256668519 0
0.1937364550506817 0.9067719633288926 0
0.8464011414596664 0.9877477416457441 0
0.2757280194649575 0.8397091810856898 0
0.5796168262816891 0.7548843115285913 0
0.5643058919530339 0.7612110747345742 0
0.5671772761881559 0.7449388971282974 0
0.8612826909661037 0.9872148429088325 0
0.8759885733190449 0.9872148429088325 0
0.8899068688013296 0.9867603981425785 0
0.9046127511542708 0.9867603981425785 0
0.1174124128957303 0.9007996419229203 0
0.1295540138640328 0.9092427232353348 0
0.9072164605705257 0.1715727891414529 0
0.8938763469829505 0.1777261836146173 0
0.8952183581671044 0.1631036488866637 0
0.4355412243554272 0.7640041333442008 0
0.1444187139343678 0.5632914799877142 0
0.145588411519514 0.5486068238079235 0
0.2963927471096922 0.9003827847354631 0
0.2416916231817859 0.9876056389965197 0
0.256397505534727 0.9876056389965197 0
0.9882229637791784 0.3891477669309317 0
0.9757640410094789 0.3813165276735299 0
0.5187912321339688 0.5266420561772545 0
0.5066523971019732 0.518284597044225 0
0.01475999522069493 0.1562650247878886 0
0.722133689017587 0.1039834721663548 0
0.720573305173454 0.1176925805352818 0
0.4598054832627098 0.7807353030562196 0
0.642598038314164 0.814315580623334 0
0.9327924488426932 0.7142101947663936 0
0.224909368999465 0.8356247247274585 0
0.2101275885376373 0.7015309939945911 0
0.2077613344058078 0.7308835919527599 0
0.2065813841787922 0.7455586458333241 0
0.02462865011698667 0.7352991188292138 0
0.4840642693646167 0.7974702660690279 0
0.5098011540153368 0.4889810356312937 0
0.521942446076293 0.4973418169774165 0
0.5078346302977671 0.5035743127863982 0
0.8832154467273927 0.1546319674400868 0
0.8712164720362179 0.1461654591785481 0
0.08546111833975362 0.8170422870516169 0
0.1894100096738925 0.6407665360836624 0
0.2015342808832854 0.6491247756204117 0
0.02742944122417423 0.1496784724466777 0
0.01266944600347936 0.1404722711882008 0
0.129214342107829 0.7540505827041464 0
0.1171321597793371 0.745670793386675 0
0.08033861939175435 0.01127438223625638 0
0.06563273703881312 0.01127438223625638 0
0.5083264647005687 0.8142018681114562 0
0.511664549329897 0.6148538666909643 0
0.524992586899626 0.6085243161789299 0
0.5238102637093197 0.6232267212658437 0
0.1665625667756757 0.43959803272095 0
0.2721021476913277 0.9845639206431557 0
0.2868080300442689 0.9845639206431557 0
0.1498496321690596 0.814829704127223 0
0.1099373696569788 0.8337687053713398 0
0.02446579418033812 0.7059461680254778 0
0.141652078390877 0.917544167559987 0
0.5352705099302189 0.4910002480873784 0
0.5333039862126491 0.5055935252424828 0
0.5719263978803406 0.6442489148378665 0
0.5734310584407292 0.6297354090460443 0
0.05845078617567673 0.02239635460718142 0
0.5468310951333144 0.4124356916832303 0
0.2340247957590847 0.975361874368646 0
0.5178905213842702 0.6967510509086323 0
0.9882229637791784 0.403853649283873 0
0.9002102674141959 0.9052415093688425 0
0.943541903503506 0.184765585344293 0
0.9463987344280064 0.1697269529544927 0
0.2148382195975626 0.6428026461445633 0
0.1122440311627431 0.8044133294390121 0
0.4103596243255988 0.4370429298695079 0
0.3973688662182154 0.4433980280109945 0
0.01507886545504078 0.09526899056618299 0
0.01507886545504078 0.1099748729191242 0
0.557456582112268 0.5216102276956109 0
0.5695253293260866 0.5298173571271134 0
0.5563396563362212 0.5368885978334095 0
0.8547426559551821 0.9749625845545766 0
0.452132341153811 0.5582825217226491 0
0.4509506978308808 0.5729876923888685 0
0.4388047517398539 0.5646076231124316 0
0.8530584412163991 0.05624020047776102 0
0.6247718967098017 0.01150315676603203 0
0.5840638573064552 0.5243735316463514 0
0.5829469315304083 0.5396519017841499 0
0.3022312116515674 0.988145717174959 0
0.3169370940045085 0.988145717174959 0
0.3684269450497967 0.4849889963780081 0
0.3820241777914495 0.4786749665917485 0
0.739377082396704 0.1931218539138758 0
0.7407020761090244 0.1785058203445802 0
0.4945111050410169 0.5099238156981022 0
0.532123415740563 0.5203082812672141 0
0.1467194256110771 0.5338222702567786 0
0.5848859454230113 0.4684731080833535 0
0.5702105012218541 0.4668816049525175 0
0.08785072902590757 0.7875845897791659 0
0.5551520163083464 0.5515949082576393 0
0.01228909606917283 0.6257880792918611 0
0.01228909606917283 0.6404939616448023 0
0.4097991140923881 0.6066733151691543 0
0.4231203123468302 0.6003450788505071 0
0.4219407828759416 0.6150461950863967 0
0.4776094440659143 0.5603358276038495 0
0.4654698084919892 0.5519718930717653 0
0.5454514795944887 0.5139667123771758 0
0.0906603876493195 0.758129988579497 0
0.5582968235359439 0.4397842440204635 0
0.09311590636711992 0.7287546507179931 0
0.726181034275682 0.1992728148550689 0
0.713362963902153 0.205378235334899 0
0.3311031198720347 0.9885897517283879 0
0.3458090022249758 0.9885897517283879 0
0.6390252970769416 0.9878897450869237 0
0.6453637653825378 0.9757834893577861 0
0.475510706259515 0.7450747210391955 0
0.4621815547960337 0.7513836304454206 0
0.2070339188931924 0.9004687962235914 0
0.2202380382660422 0.8942516308177839 0
0.9247860257709799 0.7415594802973422 0
0.6999575874053036 0.3210038482010542 0
0.7018202079554809 0.3064193158481986 0
0.7146249316968682 0.3160609167446118 0
0.6861487538764048 0.0770298893006342 0
0.7012628259369604 0.06951767003651771 0
0.890178829889654 0.8945598584427852 0
0.8858658529589098 0.9085362057657229 0
0.4702520324045062 0.4932513115287376 0
0.4835297847311625 0.4868073112168597 0
0.4824155859101545 0.5016575317521532 0
0.4716867944437622 0.633841426341504 0
0.6243194147240003 0.9878897450869237 0
0.7090479828187355 0.3458103351063558 0
0.7245470355140814 0.33848954450282 0
0.9037984508159074 0.3409574601590601 0
0.9024575697607651 0.3556006835307892 0
0.8911675539121081 0.3470225973665379 0
0.4979231276860209 0.4801149289323681 0
0.5326066705916674 0.8309086082860235 0
0.02707631594415605 0.08745901334166889 0
0.2405578119454842 0.7999689071044587 0
0.2538512822993468 0.7936556021447939 0
0.252674961129372 0.8083250240589629 0
0.4545599097074178 0.529000868589544 0
0.4533238624009623 0.5435918237953283 0
0.4412224423692396 0.5353114972404278 0
0.09512186921524945 0.01225631039124453 0
0.4812333527143606 0.5163678160099801 0
0.1999733647979099 0.5085558161223972 0
0.1987981226391776 0.523246452078643 0
0.2023264327581077 0.4791712514390765 0
0.2011509120265448 0.4938633176680479 0
0.495972161234625 0.6505923301054799 0
0.09543473017691778 0.6994080578791784 0
0.4678995816613195 0.5226913636042378 0
0.2908131066270815 0.4936502184238357 0
0.2786878360625213 0.4852833770482772 0
0.3603786363403079 0.9871829039393425 0
0.375084518693249 0.9871829039393425 0
0.4254785566460162 0.5709379633975329 0
0.4243008759901002 0.5856424963559579 0
0.8418724404868362 0.1877174324117068 0
0.09782677914997873 0.8254188308919079 0
0.2089481507886196 0.716207904572574 0
0.4290753619460583 0.5269357132321797 0
0.4278393146396028 0.541526668437964 0
0.326553131422346 0.8437956603737483 0
0.3132552847711476 0.850109104053026 0
0.5478218283362873 0.4523536195022382 0
0.5415362654547083 0.4393167720052031 0
0.1045553962160232 0.5822884497998266 0
0.1772831470204617 0.6324077683768186 0
0.3565319140684372 0.6319866260853483 0
0.3698472382839122 0.625661277056839 0
0.3686675053032353 0.6403539344352928 0
0.5419521518793096 0.713484963976589 0
0.582730992593437 0.3641097440531 0
0.3408585091617126 0.6676954620451199 0
0.3396791580623405 0.6823845630631244 0
0.4364425447736537 0.5940153762732002 0
0.4266601999689463 0.5562327927313134 0
0.2514969188014194 0.8229950938904788 0
0.2382031048503926 0.8293100493069046 0
0.8814781272889817 0.9221902160735651 0
0.8714466897644397 0.9115085651475078 0
0.01266944600347936 0.1257663888352598 0
0.4258452944242906 0.8813290212065285 0
0.4125490358590177 0.8876372105259877 0
0.8991593004053313 0.2592332936226226 0
0.8858314898402195 0.2653884058150951 0
0.2030374168288139 0.7895719516368811 0
0.2018585782062928 0.8042426125102369 0
0.8631705606341138 0.2338488817863309 0
0.3896827977408008 0.9875654534630041 0
0.404388680093742 0.9875654534630041 0
0.1923498945363905 0.07089377857306012 0
0.2020641063066179 0.08145466995928352 0
0.1876346242163897 0.0844341589948896 0
0.3742273446404985 0.426002442455468 0
0.3871814835682796 0.4200889120917106 0
0.3849775439905016 0.4351049130668965 0
0.3156185951918983 0.8207711621643424 0
0.3289171449423113 0.8144554213262658 0
0.3277347086445898 0.8291208837894466 0
0.2139725082852954 0.812597599933804 0
0.5568759116939306 0.8476261148970352 0
0.7552475116260882 0.1577160220865323 0
0.7685714542994646 0.1515584929964416 0
0.4305939703410434 0.5123741532010437 0
0.1014058279547055 0.7812806595630917 0
0.09987837035251801 0.7960367855987209 0
0.2704217721135822 0.5881228399846142 0
0.2692450181625905 0.6028130752072272 0
0.1409152849135897 0.6073422996623593 0
0.1530365133297141 0.6156978064610175 0
0.9285175291741438 0.08029454343977072 0
0.9269259830293737 0.09429211717258323 0
0.9136957914493431 0.08428871679596628 0
0.08716403147212393 0.1429553090683063 0
0.09656750434572425 0.1547907040705268 0
0.1069054537700669 0.5529418275723311 0
0.9291551905931715 0.06194821061303402 0
0.3708177668168518 0.4556542480647053 0
0.3844147272904342 0.4493115583747519 0
0.3832090890445656 0.4639473630088032 0
0.3543535615755634 0.8165061579698715 0
0.3422356696873953 0.8081441025775673 0
0.1651601089748145 0.6240509234478837 0
0.01313758439948892 0.5670251453302234 0
0.01313758439948892 0.5817310276831646 0
0.2425459701100939 0.4600055151091942 0
0.2558646912559721 0.4536739645431866 0
0.2544128297091723 0.4685438427336875 0
0.3011399254983812 0.8417515640182865 0
0.4186314052054951 0.986862212190512 0
0.579988741611112 0.8789882599924457 0
0.5920451307065346 0.8874544072172461 0
0.2496945354697173 0.5273287177499073 0
0.2375569048978996 0.5189595869054924 0
0.09868893223394515 0.8107172596550862 0
0.3236753322130019 0.5628174420407992 0
0.3224967712113144 0.5775083843682078 0
0.3103622658550224 0.5691467675132084 0
0.6912640010579156 0.1610655292199634 0
0.691948275634117 0.1463792151975527 0
0.3674861813996981 0.6550479278512855 0
0.3663053402370334 0.6697392092062822 0
0.3541713399250956 0.6613705648187984 0
0.4557981616295966 0.5144110370493372 0
0.90093539501002 0.08996798381725718 0
0.8996633453006888 0.1045147431144253 0
0.8884944950061358 0.09619643640290371 0
0.2260877549245818 0.8209530044391815 0
0.498337975025634 0.6211833505290006 0
0.4995202982159404 0.606480945442087 0
0.7539464296088834 0.3122444408344858 0
0.7526106916837279 0.3268214993388062 0
0.9878089968891366 0.4338233697057953 0
0.9878089968891366 0.4191174873528541 0
0.9162263999650481 0.8108269397750565 0
0.9254528846822213 0.8209165171839854 0
0.912439734615868 0.8250385619700662 0
0.8965555603149681 0.1484785729669223 0
0.4474033092432578 0.6170920840594699 0
0.4340811282979178 0.6234196925951384 0
0.9136813193987311 0.3641886248088519 0
0.9010504224949319 0.3702537620163298 0
0.9205606393247225 0.1654156367939591 0
0.9192186281405686 0.1800381715219128 0
0.3518094647606571 0.6907504043218646 0
0.6322888737684493 0.2257397008392606 0
0.6355916623647717 0.2400119530841641 0
0.5681803932985784 0.7302279225180449 0
0.1063059445335554 0.7225450325131658 0
0.1051326268369794 0.7372218952106302 0
0.8777466122870934 0.0731916224296506 0
0.8764884414737002 0.08772562396876127 0
0.2970496421780422 0.5754728817797062 0
0.295870000070767 0.5901626949286709 0
0.2837359373954744 0.5817978668677601 0
0.264790389155282 0.816681788930814 0
0.31777328649461 0.6362737456075486 0
0.3299057968290242 0.6446391763770203 0
0.08722519448935662 0.02353069262750085 0
0.1090580671229694 0.523223159378827 0
0.4207599300434757 0.6297479289137856 0
0.5226274435511833 0.6379334921747767 0
0.5214440159503166 0.6526393647254087 0
0.5092987985387241 0.6442621443285101 0
0.3941195192594117 0.6423994669611739 0
0.3808015056151731 0.6487225788227764 0
0.5401104104302155 0.4250046479242122 0
0.5349302449091651 0.4106929430840141 0
0.01346657437251053 0.4480539575007523 0
0.01346657437251053 0.4627598398536935 0
0.3065013987303908 0.4579155129198263 0
0.3053139466162327 0.4726184334804483 0
0.2931884975613874 0.4642491620718314 0
0.6058146068074295 0.08792041593794675 0
0.6180354130346992 0.09565246536211247 0
0.3519697037172161 0.8458465555991981 0
0.3640862111432332 0.8542059820249877 0
0.9878959339263411 0.8894396418308897 0
0.5359554811209123 0.6316039416627424 0
0.4971555888354916 0.6358864575548477 0
0.5499917746727404 0.6112642790898261 0
0.5621407417268554 0.6196417030358445 0
0.5492872683331637 0.6252745946998277 0
0.4149106904592759 0.8582862542553161 0
0.4270571224958903 0.8666683079000794 0
0.5189894982393205 0.6820408090009801 0
0.5311307045333237 0.6904159749317504 0
0.3420393503243773 0.6530041806901234 0
0.2798662981511398 0.4705821874000667 0
0.2665530887664319 0.4769134818158905 0
0.5741355647803059 0.6157250934360426 0
0.5481044481750272 0.6399813656087608 0
0.8192174195853453 0.1561704191080035 0
0.805888289403967 0.1623251768232342 0
0.3245108021118378 0.9767354689033469 0
0.7685862431831521 0.2915082009142545 0
0.339851681172759 0.8374799195356717 0
0.8618789168873608 0.1084344734606827 0
0.8752163917643689 0.1022723832659294 0
0.8738849704197964 0.1169052858948252 0
0.6097464045858313 0.01241487546048153 0
0.5950405222328902 0.01241487546048153 0
0.4004333876239375 0.8792778786833342 0
0.01435527354174854 0.4789282046480934 0
0.7575171188991005 0.1290244643521023 0
0.7445768888181534 0.1346287329207552 0
0.4074378968108062 0.636072389960304 0
0.3301195562347038 0.7997943809524632 0
0.2955516219927516 0.4348362692750385 0
0.308502924830755 0.42911791703728 0
0.3073272525135489 0.4438278892734508 0
0.866480496282183 0.04765249898005375 0
0.2813768704390091 0.6111778495846241 0
0.412463377664761 0.7325910912467655 0
0.4245937607473623 0.7409592380729175 0
0.7504556687561853 0.3407999810639877 0
0.7384867828090145 0.3323551581829912 0
0.8844973587048612 0.2800125727603246 0
0.6881186777855 0.3257602374054218 0
0.7009234015268873 0.335401838301835 0
0.5065383699540235 0.9860087422184868 0
0.5212442523069647 0.9860087422184868 0
0.3757440208144555 0.552159829731355 0
0.3635821945153473 0.5437805428800965 0
0.976031960668315 0.4112064307543732 0
0.90252694115479 0.07597041008444466 0
0.5641054287844919 0.9862075291371284 0
0.5788113111374331 0.9862075291371284 0
0.01221881182392531 0.3903487469845467 0
0.01221881182392531 0.4050546293374878 0
0.2982282031797298 0.5607819394522976 0
0.2109310214399275 0.5316107494181797 0
0.4852569345210675 0.7828014269267836 0
0.4973847377187383 0.7911700140615374 0
0.395301207070105 0.6277015084059137 0
0.4754149990548825 0.9000732947380942 0
0.4874246353404495 0.9084149614530656 0
0.7739218043617404 0.233091333607608 0
0.7872372390816734 0.2269403715663085 0
0.7859075033325443 0.241548442869058 0
0.227266244136223 0.8062829245132501 0
0.7252370931750478 0.08799832537427849 0
0.2532343676205538 0.4832450323818981 0
0.2399159348823497 0.4895718948933297 0
0.1793595347041753 0.4480851574493472 0
0.1914957815489441 0.4564479206452169 0
0.5955882352941169 0.9872643322972876 0
0.610294117647058 0.9872643322972876 0
0.7312952183317327 0.2807394884484427 0
0.7298802094168833 0.2953326305141168 0
0.4497658944073796 0.5876879487603363 0
0.4485853307641096 0.6023905312548854 0
0.3432186275924073 0.6383142791506988 0
0.3443983605730842 0.6236216217722451 0
0.1412970301767906 0.7624628653634726 0
0.1280243426242208 0.7687415924268732 0
0.9135681662820355 0.2384284111452263 0
0.925303027746418 0.2468671902975785 0
0.9122236345473678 0.2530503855920442 0
0.1166692469693317 0.5906364539902598 0
0.1287899337913321 0.598989354753692 0
0.353246462094696 0.9757726556677304 0
0.1061747299350251 0.126705529467704 0
0.09179007450793319 0.1295736522729813 0
0.4630934838213366 0.5813628473705537 0
0.2769069986283058 0.8250406663697064 0
0.2890226712659339 0.8333979886930665 0
0.2716014142208574 0.5734330268356496 0
0.6725328720649886 0.08380272997041199 0
0.6741341208324652 0.06855491488923343 0
0.4391711299690327 0.875033939194761 0
0.1440265065998602 0.0928598624953797 0
0.1296542255286773 0.09585280945120611 0
0.5811079488260166 0.864390690212309 0
0.8458802881670722 0.1438559702629335 0
0.8325475387670483 0.1500118780590737 0
0.5201725261631157 0.6673368749516202 0
0.9872643322972878 0.8749999999999997 0
0.9872643322972878 0.8602941176470587 0
0.9227781000157756 0.1488835056133382 0
0.9347802675858186 0.1573488879937981 0
0.4607266588769837 0.6107646565466058 0
0.2284425653061978 0.7916135025990811 0
0.8725500722090225 0.131537133804962 0
0.8592138953699838 0.1376957014631647 0
0.5428391785253855 0.6987582287993525 0
0.5547596027264217 0.7071169759365387 0
0.7419209379358068 0.1638753853211491 0
0.3194527015683942 0.4521971606820677 0
0.7102181504351237 0.2343985501856068 0
0.7116579969592421 0.2197872651263204 0
0.5698926434280219 0.6592793553805805 0
0.5594024809349598 0.6486824591885603 0
0.7579462850864048 0.2684515992617734 0
0.7565971497359075 0.2830465366269122 0
0.7446220019372181 0.2745939392713386 0
0.7898977366434106 0.1977163404468864 0
0.7885697081125688 0.2123296237446013 0
0.4293448156217435 0.6822074050590379 0
0.3664715841200205 0.8248727940333979 0
0.3531512809394598 0.8311717790148964 0
0.2810537502652979 0.4558792668394447 0
0.1205398682432772 0.1237937868817323 0
0.1158645840051853 0.1376842465019661 0
0.6952322536190985 0.2673946943000837 0
0.7080418085574601 0.2630395079550364 0
0.2780850409562585 0.8103705965381905 0
0.7925617182143936 0.1684832398218483 0
0.791232066603464 0.1831010267844607 0
0.8218595714156623 0.2669302725415659 0
0.8098765105749615 0.2584640423281689 0
0.3639415307152774 0.699118166324782 0
0.3760721822021983 0.7074847714709751 0
0.3023189046617295 0.8270830493023031 0
0.303501340959451 0.8124175868391224 0
0.8085499856312983 0.1330806505180191 0
0.8218801048130013 0.1269221094690892 0
0.8205501619552621 0.1415464547380459 0
0.8615084843529475 0.9013590150785402 0
0.8571207586830193 0.9150130253863824 0
0.3964814716809481 0.6130050353490454 0
0.2266005801907886 0.4959020421428882 0
0.2254230329621538 0.5105945405972375 0
0.2132858519515372 0.5022281862531616 0
0.9108941618697138 0.2676720727749748 0
0.3733814853323574 0.5815672251791479 0
0.3612491490314415 0.5732025093801374 0
0.3745555910873795 0.5668605678451951 0
0.8519468097555127 0.8911556760871255 0
0.8662727408369333 0.8876512158482508 0
0.2036348804753942 0.4646400673750627 0
0.2157718468974585 0.4730045037347985 0
0.7938934715839858 0.1538630587855898 0
0.3710275028947554 0.6109648039999708 0
0.3831630941295535 0.6193321123499154 0
0.2186938983083689 0.7539160710460674 0
0.2053938328110796 0.7602281124873486 0
0.07745466028312392 0.1319329722533498 0
0.1732143756529518 0.08742020217501062 0
0.158675237826884 0.08996223911389084 0
0.9875577537287027 0.4628304517389104 0
0.9875577537287027 0.4481245693859692 0
0.1146875619182877 0.7750310825750969 0
0.8472138883398768 0.1292276448893473 0
0.5439381553804359 0.6840479868917002 0
0.8858875470860306 0.1253750436102086 0
0.3761987963947135 0.8625633196449269 0
0.3883149811418022 0.8709227288865613 0
0.6168712424721029 0.02391803222651356 0
0.1545897276883683 0.7561396813773502 0
0.4728691806339047 0.6191383193156569 0
0.485011337721535 0.6275135363059705 0
0.1178452093745631 0.5759631879735239 0
0.554777168653343 0.5825044578698882 0
0.5665213834357845 0.5914575727146956 0
0.5511010332839906 0.5966782725810355 0
0.6426246551647462 0.8918970986297616 0
0.655678131420536 0.8857860912372137 0
0.6832176598983957 0.1069161417951786 0
0.6952283278014904 0.1153890693231384 0
0.9870315954758522 0.8458285105657773 0
0.9870315954758522 0.8311226282128362 0
0.6976025547878426 0.2397466384584715 0
0.7093816426854567 0.2484408273768002 0
0.6304548622230439 0.8835948933987563 0
0.8005554070833727 0.2207867330060513 0
0.2935091702415095 0.6195436403185669 0
0.3056411968926828 0.627908738931056 0
0.4112553794168848 0.974427665653516 0
0.2277787538717331 0.4812055405492537 0
0.7552619600339652 0.2976505409238197 0
0.7419573361616389 0.3037827765471435 0
0.5337793580762796 0.8162552363108362 0
0.5459251718290971 0.8245989615777292 0
0.2007126787701589 0.01226263229084612 0
0.1860067964172176 0.01226263229084612 0
0.5220985773481612 0.01208825405108344 0
0.5073926949952202 0.01208825405108344 0
0.5804520079910993 0.01274773577506993 0
0.5657461256381582 0.01274773577506993 0
0.8112096244183862 0.2438550823756257 0
0.7978898242090526 0.2500064407803017 0
0.6053015069276542 0.8811959276198675 0
0.3651225647170513 0.6844296081767123 0
0.2042150915506737 0.7749009604829907 0
0.2163286722187964 0.7832565288539822 0
0.73264435368223 0.2661445510833039 0
0.1299447621296571 0.4143694012532101 0
0.9145697992934153 0.7698392021114354 0
0.2230648933756733 0.5399757957264345 0
0.2351975344167095 0.5483402588522492 0
0.106094868554183 0.1657450982379672 0
0.1165157104345489 0.1764999649067245 0
0.9371203420959718 0.2693050987771251 0
0.9357605333626162 0.2833997007670401 0
0.9225986872783947 0.2755837667343114 0
0.5447992039355075 0.6697093163776862 0
0.5565076779275695 0.6780515702452882 0
0.7592816029501633 0.2538492034082787 0
0.7712567507488528 0.2623018007638523 0
0.7432494345142355 0.1492552274432962 0
0.6324765547369049 0.1023303259854045 0
0.6458310274058365 0.09613221686721596 0
0.6444979363408458 0.1108087591138349 0
0.8993387741780833 0.8666511241715862 0
0.8949613854285468 0.8806771649136357 0
0.7845743894891197 0.2561574028216012 0
0.5460706937227084 0.6550118061514747 0
0.5335011711755749 0.6610082227978868 0
0.8338498351122806 0.2753917918629312 0
0.4740512021547564 0.6044367665110724 0
0.2689623206439504 0.4467321418034291 0
0.8806169709732607 0.8839718613105161 0
0.1800051288333453 0.433601901482696 0
0.7206574042047412 0.2576914196821718 0
0.7339841878102266 0.2515458705050677 0
0.9871236241828476 0.8167977444078913 0
0.9871236241828476 0.8020918620549501 0
0.9182562144466369 0.3345793889638759 0
0.318952984495127 0.621584268161103 0
0.3773818887353972 0.847895752698362 0
0.1250304452894054 0.1097887266759016 0
0.5818515972297181 0.8500129000576684 0
0.5939602070123583 0.8584036940288235 0
0.3080022998732673 0.5985284856626137 0
0.2946885950906996 0.6048534707506676 0
0.2305549118762832 0.01150216195300513 0
0.2158490295233421 0.01150216195300513 0
0.4016128804690129 0.8646082401150741 0
0.4027922839771406 0.8499311044585434 0
0.9107742617210394 0.1125765133019442 0
0.8983333617171552 0.1188049658875908 0
0.2049411956882951 0.4502811729409389 0
0.7285646789918013 0.309926530424783 0
0.2290872015890196 0.4666743564852399 0
0.2305390631358194 0.4518044782947389 0
0.4926470588235305 0.01273566770271234 0
0.4779411764705893 0.01273566770271234 0
0.8513006824797176 0.3516986069691607 0
0.8538155747155929 0.3362158316151577 0
0.8969984635063811 0.1334368137977275 0
0.9090013749460928 0.1419084952443044 0
0.2822845200541979 0.4403991164751938 0
0.5030825298211687 0.5623757384830648 0
0.5018949454007157 0.5770742071590835 0
0.4897530164665378 0.5687075328846317 0
0.7267020584416239 0.3245110627776385 0
0.9849653776634382 0.7859953130430035 0
0.9849653776634382 0.7712894306900624 0
0.257399665349367 0.009736724259343743 0
0.2426937829964259 0.009736724259343743 0
0.9878288612943984 0.4916049036911174 0
0.9878288612943984 0.4768990213381761 0
0.4027046274563845 0.6948483699660039 0
0.3893861025286337 0.7011658034030056 0
0.8526265097938484 0.9281397606885736 0
0.842688304382356 0.9179902106196061 0
0.9095343531363582 0.2817666747648898 0
0.9058172465369738 0.7996069769568694 0
0.9860303928307848 0.5212953046111599 0
0.9860303928307848 0.5065894222582189 0
0.3248470359313292 0.5481157726572921 0
0.3369815412876211 0.5564773895122915 0
0.2242421766586482 0.5252857310157657 0
0.2296202400280576 0.7769425114451909 0
0.6685790604450796 0.1274010747058721 0
0.656561357606037 0.1189291100994232 0
0.6698701118488203 0.1130826146020953 0
0.7697241139315439 0.1371907421784465 0
0.7817195600264918 0.1456533709662088 0
0.7742244481379592 0.8822149772750832 0
0.7599521958930557 0.8855177658714057 0
0.285448008003071 0.01464532296301702 0
0.2707421256501297 0.01464532296301702 0
0.9863929421832212 0.5519055598917717 0
0.9863929421832212 0.5371996775388306 0
0.9158670574873671 0.2096045123669842 0
0.9276449420482487 0.2180351461549449 0
0.9148696749202044 0.2238145820627999 0
0.8992967250264206 0.3992119576909336 0
0.9000790870752388 0.384966508850185 0
0.9080168801444558 0.8389724937888938 0
0.9038227813999418 0.8530149643802991 0
0.4346063041803596 0.01539309798650701 0
0.4199004218274184 0.01539309798650701 0
0.5576956997938104 0.8334184604243019 0
0.5698191271432562 0.8417922417684206 0
0.4646647017167548 0.01300388950356246 0
0.4499588193638136 0.01300388950356246 0
0.9855230202955089 0.7000112860785581 0
0.9855230202955089 0.685305403725617 0
0.1026599205916772 0.7665788867555418 0
0.2739579357335456 0.5440569408972059 0
0.2860933333885268 0.55242020510846 0
0.2727801818477684 0.5587447895075413 0
0.6503579296878732 0.2437906888627048 0
0.4307309428026391 0.8226807867499009 0
0.9232210032071887 0.1338417464441435 0
0.317260496901988 0.0127938529458565 0
0.3025546145490467 0.0127938529458565 0
0.3479424404228567 0.5795441128049444 0
0.3491165461778787 0.5648374554709916 0
0.404482120394793 0.01267272073590769 0
0.3897762380418517 0.01267272073590769 0
0.8272033259391228 0.2084793409405643 0
0.8138776365680825 0.2146335183377934 0
0.795046131216065 0.1394953079675947 0
0.9751602662236289 0.8820867006544191 0
0.7706652246261276 0.1231193423218695 0
0.6167023219697085 0.1103290076087314 0
0.9875409144676948 0.6391701492368131 0
0.9875409144676948 0.624464266883872 0
0.7072399150896701 0.1238560622207985 0
0.7192443793480062 0.1323250833183478 0
0.1310957747564261 0.3997199872776342 0
0.9875440143505037 0.60979654174392 0
0.9875440143505037 0.5950906593909788 0
0.3759977088027705 0.01217289113931208 0
0.3612918264498293 0.01217289113931208 0
0.5861642523139037 0.973471861434416 0
0.3882036540591604 0.7158532046943511 0
0.4003323782863871 0.724218641242157 0
0.7312503151278721 0.140788096155372 0
0.4136485737639698 0.7179066866309902 0
0.6799366883459372 0.1379122222998926 0
0.666627934103154 0.1437587177972204 0
0.8487748811754621 0.1146232412362763 0
0.5285600439109999 0.5644182510039417 0
0.5164155003322805 0.5560457154897523 0
0.1039421216129016 0.7518804115915022 0
0.9753667506178393 0.4407714685035282 0
0.824531853903096 0.2377018677073678 0
0.8378564211293635 0.2315490516970453 0
0.7963760740738043 0.1248709626986381 0
0.6180042506590888 0.8753615892582426 0
0.6310726576354809 0.8693461116007279 0
0.671199957059353 0.09844417718872955 0
0.6591853240154133 0.08996920277732878 0
0.6059193023400913 0.8669471458218392 0
0.8653208930126745 0.3592836316768538 0
0.8508050667356051 0.3662889359865773 0
0.5140356656377749 0.5854469371807837 0
0.5007061522831441 0.5917787315823505 0
0.231991376083393 0.7476071255798955 0
0.8578317040355038 0.2923277916589661 0
0.8458376782832469 0.28386057058453 0
0.8710552963758259 0.8737685223191014 0
0.132606593347978 0.3855793425363956 0
0.9094281443436764 0.4221723725131811 0
0.8972717535531927 0.4283554719159231 0
0.8985530572447777 0.4135157003786319 0
0.8888553374372727 0.3763785675721222 0
0.1195052758536267 0.716317822553411 0
0.8327678438916338 0.9087882822461129 0
0.8282735950024629 0.921915017548304 0
0.9236203326665794 0.702371439112295 0
0.1347202993595656 0.1207674437101636 0
0.2594660165658762 0.5650697626243953 0
0.8354412739725504 0.1207835100360451 0
0.8125451675371873 0.2292442661595006 0
0.1117669553394492 0.2592280250130319 0
0.1117669553394489 0.244592807960748 0
0.8234410976485866 0.1123177058160183 0
0.3260165334243583 0.5334186761557017 0
0.3271868870762573 0.5187141040154143 0
0.6938994019760427 0.1300215721062045 0
0.334629142014937 0.5858727495668665 0
0.3213160756569575 0.5922020750392757 0
0.8964519552087892 0.2883919894221386 0
0.883119486185973 0.2945495813769099 0
0.2618289032689139 0.5356940917360405 0
0.2485104163935906 0.5420161513101538 0
0.5826713853295979 0.8358052455849352 0
0.1538596076327177 0.103864760122844 0
0.8671541580766224 0.3300562926577001 0
0.4764218596454613 0.5750342962798682 0
0.8241130442797784 0.935238394157061 0
0.8141925837890562 0.9260364657835678 0
0.7606127471259962 0.239250253203415 0
0.5588683872784227 0.8187650884491147 0
0.1829285874231793 0.09798109356123408 0
0.3313272273889921 0.7851309481278643 0
0.344645055401497 0.7788194526235828 0
0.9639612186688201 0.4473039078412466 0
0.964212461829254 0.4330027081610728 0
0.8778215908068764 0.3531795616988521 0
0.8791624718620187 0.338536338327123 0
0.2473319022159061 0.5567056328383826 0
0.8773259750627639 0.3677698907162687 0
0.4148383465297313 0.703217565517043 0
0.5560465739358951 0.5676889236269577 0
0.5406262237841011 0.5729096234932974 0
0.8817829450431794 0.3091741403473434 0
0.8805001211818542 0.3238993283253859 0
0.6066629507437928 0.8525693556671986 0
0.4873795779788811 0.5981082154203869 0
0.7473022814635482 0.2454000517013361 0
0.3467617448684998 0.5942378034760123 0
0.372209201008408 0.5962724030035687 0
0.8987903954272826 0.8288829163799649 0
0.8698283485392515 0.3007947236855295 0
0.488840033383041 0.7387674910599187 0
0.3591798664212137 0.7578413677416184 0
0.3470578861279403 0.7494815650633264 0
0.8898835337340119 0.8564530079900796 0
0.4752370562219601 0.589734552651336 0
0.3579786262250305 0.7725168234497288 0
0.3201346706768901 0.6068928508612723 0
0.3322667602788172 0.615257857537765 0
0.975386615023101 0.4691412377829678 0
0.9196815799542682 0.7158667700703165 0
0.5000397538187495 0.02482392175379577 0
0.8029149847292351 0.9178934071749481 0
0.5382475598902989 0.6023111642450186 0
0.1334311334150199 0.540167787797899 0
0.8871403342359367 0.4053950570936757 0
0.2751420548096723 0.5293695073369593 0
0.6568905235522677 0.2046337536451689 0
0.6591629733731864 0.2189724774800413 0
0.6439108749086249 0.2156851823334557 0
0.9720890018462858 0.7939695280391299 0
0.1074885553837672 0.707850578060774 0
0.4379113947018815 0.7346477055131195 0
0.41602539960052 0.6885316988566652 0
0.3502882498962059 0.5501357860874845 0
0.1387827267650769 0.3267094989498183 0
0.973859254125183 0.4981943259493351 0
0.668094562994922 0.8803767264940509 0
0.6813361242673565 0.8738378455073423 0
0.3455800467548471 0.6089302044724144 0
0.9724233350140059 0.5290832174441072 0
0.3588933451627667 0.6026015677104924 0
0.2884481275406189 0.5230403553566714 0
0.8925280951318955 0.1923343292331444 0
0.8805299927284741 0.1838651889783552 0
0.5374098004110863 0.7725060861393881 0
0.5240422651055401 0.7785495437513271 0
0.4126178363398575 0.0280658187224147 0
0.6512862909350916 0.190487739877333 0
0.383421005668151 0.02484561187521972 0
0.5107136503398975 0.7848617815131274 0
0.5021785288474072 0.732453533306901 0
0.1439648430503973 0.3940218382149854 0
0.8405294495729728 0.2023254133520295 0
0.839193520655747 0.2169371239027078 0
0.5261018455108761 0.5939383096701393 0
0.6559397007738221 0.8721700509980788 0
0.4319549007042008 0.808018890932049 0
0.4198345860188636 0.7996607943920913 0
0.8511825447632134 0.2253951241085105 0
0.299405957065507 0.5460940908419621 0
0.4367255823069 0.7493278069504383 0
0.2308038247156803 0.76227659223392 0
0.5272906386284478 0.5792337852468724 0
0.4925754250547703 0.8498286313117946 0
0.6300164239475307 0.2114009770043882 0
0.2913921368832459 0.8040667632000822 0
0.3046918274134147 0.7977548760621216 0
0.4731281797487971 0.7744263327172375 0
0.2550369420778595 0.7789927196158275 0
0.2671540912617474 0.7873488365703316 0
0.2429177178030817 0.7706335659790189 0
0.1190157389723556 0.5612837625660674 0
0.1311295897256642 0.5696317667565004 0
0.7553696670357672 0.8993800367282641 0
0.5693029611775884 0.5611897426342302 0
0.8763546396430707 0.3824826375501239 0
0.2792755274102222 0.7957078857611898 0
0.9017902817211541 0.2299977773572656 0
0.5631652052311327 0.7761459810089757 0
0.5507256551375996 0.7662005666086819 0
0.7888524612935174 0.8800447489182559 0
0.7845324049416694 0.893865303385984 0
0.3785858890558322 0.8332342012100422 0
0.451243307529505 0.8834055272571603 0
0.8087567763044842 0.9022040821019837 0
0.7933186265219785 0.907384400102121 0
0.9172583870008916 0.1950102001642678 0
0.9044831198728474 0.2007896360721229 0
0.9415816623638289 0.1997376139866481 0
0.9306025657550884 0.1888530478167741 0
0.8538626352034604 0.1961752153738502 0
0.8645076601604974 0.2192369539919934 0
0.4633696078091383 0.8917524011654088 0
0.5095209851834467 0.7995306206553716 0
0.3071053888923453 0.768429415538227 0
0.8671936834973715 0.1900202845152049 0
0.8658506925835081 0.2046282654555276 0
0.7786906133664203 0.9095546284589484 0
0.4488588583099464 0.7576926007844027 0
0.09908942507484608 0.2372698984802485 0
0.8778387084544084 0.2130820231333481 0
0.5013564748380459 0.3938723306264935 0
0.3058994985677029 0.7830914432375227 0
0.318008702643908 0.7914422668765628 0
0.521655377321728 0.8078936355630461 0
0.3906984743073125 0.8415915388299815 0
0.460997196844561 0.766059956839183 0
0.3307499863535642 0.4746434282762099 0
0.3295526943692716 0.4893392807465667 0
0.3174295558009435 0.4809806367988 0
0.3574085276987622 0.4620166549417203 0
0.3586141659446309 0.447380850307669 0
0.120189834121168 0.5466104063553076 0
0.3041166546319401 0.4873142859508052 0
0.3550574432252512 0.491345006140618 0
0.3562426267464377 0.4766460624613665 0
0.301752494824851 0.5167049931989185 0
0.3005754545585361 0.5313969943403718 0
0.3127103243497391 0.5397587286842094 0
0.8911367656183711 0.2069286414358608 0
0.8897937331953604 0.2215373299723266 0
0.1213208482127313 0.5318258528041628 0
0.5603800525899469 0.8051474374627464 0
0.5721505805546603 0.8139669363093192 0
0.3150560428297096 0.5103690607258879 0
0.3283631080631987 0.5040215325586832 0
0.3440390258742168 0.4683726647043303 0
0.6072855603724846 0.8362322516558273 0
0.3029287158117924 0.5020124217421875 0
0.5616236071409414 0.7907423791030173 0
0.3416835386158193 0.497684324036093 0
0.1110268099053919 0.1515503832553783 0
0.1005744485840118 0.4693397427971531 0
0.3327417410890468 0.4459263971101882 0
0.3319158873058887 0.4600140207565636 0
0.7276620536338205 0.9625430536776864 0
0.7418972079496866 0.9622907438779651 0
0.01291584629516174 0.6113007727080676 0
0.01291584629516174 0.5965948903551264 0
0.6433092438395752 0.9451469265985992 0
0.6286959421968528 0.9414028612417481 0
0.0120548249998304 0.2142501671080893 0
0.0120548249998304 0.2289560494610304 0
0.8954969473710103 0.03993169869063534 0
0.8795218383088546 0.04191550224904306 0
0.7509456393878967 0.9247345684093577 0
0.5616885042009624 0.3450724446341497 0
0.06305881837731719 0.1349248291293139 0
0.06768486141312646 0.1215431723339889 0
0.8903546101668282 0.9335879154953468 0
0.06644821678263879 0.897436075952624 0
0.06527935568601001 0.912098246962374 0
0.8120687564774167 0.3511797501206517 0
0.9458323119477422 0.3128164348701439 0
0.9029648757490454 0.7717650579345241 0
0.8933530093787075 0.7785980099871121 0
0.962676924529921 0.6382377279760714 0
0.9745426305490414 0.6459653233963332 0
0.6156667939226614 0.9340211592845603 0
0.6026556066566935 0.9396561125033114 0
0.5968106513110938 0.5186629474884092 0
0.359259504022287 0.4312096271749317 0
0.361463443600065 0.4161936261997458 0
0.9511087566955649 0.8118280165590548 0
0.9635423459114041 0.8041921371768733 0
0.1473897337800378 0.1844960824006914 0
0.04998844419193271 0.6361641474900677 0
0.03680863399571682 0.642183163087032 0
0.875935446972358 0.9365602748771317 0
0.512698289202826 0.9247565818832602 0
0.549953682594407 0.0368900355331967 0
0.5581874713382969 0.02480111279524072 0
0.01341417395573458 0.5523129531623474 0
0.7149996543001579 0.03696231923897875 0
0.5523212078591302 0.9056223969267726 0
0.8759376725016182 0.7988482852442359 0
0.4320505574088064 0.4982469678435185 0
0.06287378021734213 0.6304106743008722 0
0.501124473372212 0.9019187305421339 0
0.8472591707040651 0.9633886641423594 0
0.434758820317131 0.9330858467304805 0
0.4213938673656769 0.9394885945266369 0
0.1547689687888181 0.387417913039989 0
0.4468878406546415 0.9414284651863721 0
0.8980929153270998 0.7902777356952234 0
0.8830246815305544 0.784610776329734 0
0.9878947034688622 0.7557825796456534 0
0.8787680218853913 0.0589965710225549 0
0.9870017160813466 0.6685598800418735 0
0.9870017160813466 0.6538539976889324 0
0.8907879543137649 0.06745462569863991 0
0.9035483507530879 0.06177535867734896 0
0.4999310130595961 0.9165755028367182 0
0.5365589927589631 0.01205337702017084 0
0.5292458054012411 0.02414163107125422 0
0.5512648751119044 0.01205337702017084 0
0.333387079166703 0.4297551739774509 0
0.3458502649041975 0.4375720340519468 0
0.06398675516311791 0.6157652560745195 0
0.5413994644802428 0.8829525356307557 0
0.5535136070684101 0.8913381877460295 0
0.488859224889909 0.4392387965480577 0
0.4572547486973597 0.5002838516918119 0
0.443915076743458 0.5065933566771181 0
0.01389665804411372 0.9476233605295848 0
0.01389665804411372 0.9623292428825261 0
0.9875720919432969 0.05168092665201751 0
0.9875720919432969 0.03697504429907639 0
0.01401298941836032 0.0364492533251784 0
0.01401298941836032 0.05115513567811958 0
0.5281073134308959 0.9757692254264732 0
0.4177466250864458 0.3988904509973234 0
0.8374237588190111 0.8953927082266009 0
0.8134126912318614 0.8888085080824717 0
0.823009049439118 0.8993175151552988 0
0.8130801672625202 0.0757279550509265 0
0.01235195727399502 0.9183703878838769 0
0.9881728840832953 0.2867647058823533 0
0.1564517609270355 0.01269596833185271 0
0.1493960062402294 0.02728392096431509 0
0.9881728840832953 0.2720588235294121 0
0.9355231446335291 0.8302329875972173 0
0.495902436534459 0.07425767677274314 0
0.5102070245511205 0.07827575380424656 0
0.2559286779666565 0.9331937335085549 0
0.2431314883911403 0.9389562512943863 0
0.2057448472847201 0.4355315513067956 0
0.2178839462111702 0.4437236980366414 0
0.01045851798547798 0.8637860311115628 0
0.01525043894843431 0.8536465877258615 0
0.8542880253012625 0.3935036070543071 0
0.8540574387556737 0.3789315851082253 0
0.8650558638141506 0.3884459826403522 0
0.589116489114714 0.4180634001044763 0
0.6599763541529228 0.2347187637365936 0
0.9882621253500381 0.5661764705882362 0
0.9746550675332593 0.5592585010682424 0
0.9882621253500381 0.5808823529411773 0
0.05785362688321782 0.9762536234211314 0
0.06539475321074006 0.9879912724559168 0
0.08010063556368119 0.9879912724559168 0
0.6266784166881723 0.5165487372789802 0
0.5201841632082712 0.06773506134281426 0
0.6038237098323138 0.4192065698830534 0
0.8939990196630184 0.4565351852678916 0
0.8968458428577106 0.4408513674766063 0
0.9053000174573991 0.4526959618417576 0
0.3324937333142758 0.01271724866528551 0
0.347199615667217 0.01271724866528551 0
0.5793971388175984 0.552296375460438 0
0.8258557701462041 0.08364053185006248 0
0.03668823947486205 0.6566389238356914 0
0.02445779761749084 0.6483848605088529 0
0.5958125244143023 0.6088503211760383 0
0.6042431415269837 0.600123337236584 0
0.8245718345792393 0.09826350836233344 0
0.7840866119093136 0.1172738610254729 0
0.8828063649001197 0.6710119328509173 0
0.8758415584070167 0.411358402183904 0
0.8729114301994731 0.4269719973683516 0
0.6467009698483484 0.8397617900129613 0
0.6349693240028674 0.8279866420911346 0
0.2274806728842323 0.05659750625948845 0
0.7652923977744156 0.908667594430852 0
0.4008041819566233 0.415105528029754 0
0.5033778538634871 0.05367593138355731 0
0.5129217567996505 0.04436333676766879 0
0.5162996106631362 0.05533450538582091 0
0.5668645915300929 0.7130086827030355 0
0.8761713038925578 0.7153155047342574 0
0.884196162678163 0.725313425794646 0
0.01216870154831806 0.669655604746403 0
0.02444251031558786 0.6770673598250201 0
0.01216870154831806 0.6549497223934617 0
0.01258890974190841 0.3001564051129606 0
0.01258890974190841 0.3148622874659017 0
0.2322129454832204 0.9428346404907927 0
0.9878947034688622 0.7410766972927124 0
0.4150387484910314 0.1164116751000826 0
0.02310689313255593 0.2364341759726496 0
0.01105206813272552 0.2427722441586778 0
0.1500609507940177 0.1168841906482453 0
0.872485519503991 0.4394678929290347 0
0.8784230875331174 0.4544038134981117 0
0.9395944481050426 0.1155876138479526 0
0.9352343922939432 0.1023965962974683 0
0.9328593960552918 0.1276560027958631 0
0.6165627567229158 0.6542237305070271 0
0.6066049941988395 0.5713643505164389 0
0.6193245249698566 0.5658944835231733 0
0.1927820136422521 0.4276251215943081 0
0.1020574878724837 0.4552415755403016 0
0.08996228282016416 0.4468403664045708 0
0.936931045353409 0.2528594944086173 0
0.6158627411486687 0.6093791637030704 0
0.1711576432799766 0.01269596833185271 0
0.03610495079698861 0.6706537734570326 0
0.03621005801594041 0.6848805120245403 0
0.3538760929440941 0.06230539260828261 0
0.3556891564671619 0.3850320871042333 0
0.7025118774008761 0.9039251437617037 0
0.4097886011549674 0.9434422409312643 0
0.6641509591112524 0.2484855464309703 0
0.8065536878526034 0.8617319075818105 0
0.7944560968347745 0.8700998400448907 0
0.7037764278553422 0.8892359709540525 0
0.9417594468320389 0.8965037816559971 0
0.9375923316079799 0.9101172946567182 0
0.03421669437221386 0.2453516311495642 0
0.5297280661444346 0.05842246672692569 0
0.8047640536384848 0.8817501661557915 0
0.01105206813272552 0.2574781265116189 0
0.02254853763459941 0.2639914521555539 0
0.492311527079589 0.05896701292419554 0
0.1370796857237323 0.9887805676281063 0
0.1383349229946279 0.9724191073020436 0
0.1483140608003074 0.9836385396739372 0
0.6335059191349999 0.1610654507609126 0
0.6215516660603906 0.1713487608874463 0
0.2057247641651273 0.4210676466900105 0
0.1770703262967976 0.941170516285137 0
0.8957250495607672 0.7210368667252727 0
0.8931262408820599 0.7360868606833446 0
0.9147299498242749 0.05796696019191017 0
0.8308823529411765 0.01082810655450012 0
0.1636268036714534 0.9473160817382308 0
0.1622660705915825 0.9609708217689791 0
0.6852677153072388 0.2466012684772619 0
0.3168368920353442 0.9432104329566482 0
0.3054058823621533 0.93612480447713 0
0.6660295932957701 0.9358105485333633 0
0.6536013083818336 0.9412175485725163 0
0.6383966081386232 0.03187137288010167 0
0.6319747376655414 0.04338223768335747 0
0.6254748641229915 0.03451717833531986 0
0.4926490043889527 0.9892872068461087 0
0.1241243022081298 0.1862153754726571 0
0.1374018051398352 0.1953231537915036 0
0.8348310510764105 0.964539333727866 0
0.8422291153317308 0.9524325145787371 0
0.06046222717760696 0.1467318379329826 0
0.02601043990747554 0.05805104080654655 0
0.06400055476914668 0.33579918730187 0
0.05772701492564858 0.7162561376918002 0
0.05875589732035585 0.7016841957826236 0
0.06276864804978194 0.350439352610648 0
0.0593891828578838 0.6872805579684848 0
0.06020750486519522 0.6731255343503753 0
0.5562932169609052 0.4631120597027745 0
0.354542644029645 0.9401762924972619 0
0.01235195727399502 0.9330762702368182 0
0.9212151828987746 0.4154777219975387 0
0.1254698827717395 0.3269253714216729 0
0.1105704852823332 0.3266058819129199 0
0.1158089335855996 0.3161403948350129 0
0.5457625588324152 0.07417663325442558 0
0.5449068815331704 0.06024816985498538 0
0.5362748258298125 0.9897604832079864 0
0.5509807081827537 0.9897604832079864 0
0.9393098099827093 0.8160213654022076 0
0.0221514124823044 0.4407010163242818 0
0.07765981698407926 0.28835010102828 0
0.4032514338060181 0.03700236084068931 0
0.4535316585574891 0.06279112892470884 0
0.04784040888423469 0.8388612671650619 0
0.1594757026828783 0.973275925130115 0
0.1582204654119826 0.9896373854561777 0
0.6416905419172876 0.05143225183400846 0
0.6287687979016559 0.05407805728922671 0
0.6518669211327195 0.0563157179572587 0
0.662883739566543 0.06291556001682541 0
0.8608580995269485 0.9382222102242902 0
0.7852976760265139 0.03535193460192076 0
0.7976842686361041 0.02538474649597922 0
0.9377454766575444 0.2115663885486659 0
0.9320103107008014 0.3108628328850211 0
0.9352459634756504 0.3215768335895631 0
0.9651666074292501 0.9894938028866324 0
0.7161266722823191 0.963540738414835 0
0.6387841179944078 0.1878622005671412 0
0.6484319838417932 0.1770034819458909 0
0.1829969904345992 0.06206667436317459 0
0.9272522276113948 0.6448700132592893 0
0.5770854921376237 0.9361382383580945 0
0.8857923320253662 0.8328146574549724 0
0.009565737707078914 0.3607897519707216 0
0.009565737707078914 0.3754956343236627 0
0.9639994977836372 0.4748208519563369 0
0.9637283902179417 0.4607522823570711 0
0.5830525485085355 0.80954805857874 0
0.5664616613355441 0.6712946844981497 0
0.7838001776332906 0.9635079022798554 0
0.9478513044389566 0.9206927991420206 0
0.9620422191542699 0.9167679778847135 0
0.9633972201063523 0.9017958550097211 0
0.05705296633493517 0.7307208665673699 0
0.04593187883157179 0.7217389301604002 0
0.9649393661982542 0.4873243556987419 0
0.6142105134986329 0.05910886401451482 0
0.6421995593924215 0.3692106723577457 0
0.6359195522838819 0.29290070378875 0
0.6489712195627595 0.2939892577981594 0
0.9903468338025416 0.713563870302814 0
0.1223738033707912 0.9887805676281063 0
0.8772585059208474 0.8600282191140616 0
0.3205611590584295 0.4260228640131291 0
0.3336696828735801 0.4176685009548877 0
0.9896095757188735 0.1972716794475789 0
0.09396883544269163 0.03447379953761853 0
0.07918558561919647 0.03349187138263038 0
0.8765852261886594 0.3970546594962057 0
0.6006718209867652 0.5589417843489951 0
0.5939356667979669 0.5468525499796759 0
0.5815408831970112 0.8231657095651082 0
0.05995617483115789 0.3936667051426869 0
0.964491054304942 0.3737384924354068 0
0.9532178054119073 0.424432247381432 0
0.9646233373609263 0.4178998080437136 0
0.05865137422109534 0.4082796319483702 0
0.06382944341143715 0.2925664127557848 0
0.6434269131096537 0.8647841555111833 0
0.6558433446840398 0.8593747907680204 0
0.6058986896964131 0.5104952928159446 0
0.7613271781747664 0.3663605741449391 0
0.1532581501972663 0.4015585577812277 0
0.6944058005588802 0.1743248375713065 0
0.7718796168768701 0.1091075831991286 0
0.9319177688589662 0.2958904014449142 0
0.991141093743458 0.1544117647058825 0
0.3525100534961765 0.4084782024401759 0
0.5972354552467432 0.4672697680924143 0
0.9157168311767917 0.9892277942622432 0
0.9892345469475164 0.01076545305248366 0
0.9745286645945751 0.01076545305248366 0
0.9892345469475164 0.02547133540542484 0
0.01076545305248355 0.9892345469475163 0
0.0254713354054249 0.9892345469475163 0
0.01076545305248355 0.9745286645945752 0
0.01076545305248344 0.01076545305248333 0
0.01076545305248344 0.02547133540542468 0
0.02547133540542468 0.01076545305248333 0
0.9204126545691425 0.1063907696536639 0
0.1090709046443438 0.3418664403213011 0
0.008684838109793869 0.4338235294117638 0
0.008684838109793869 0.4191176470588227 0
0.9190826709856088 0.1206809924268293 0
0.7390191975909686 0.01064112104351056 0
0.1206978006513919 0.05186610822034626 0
0.02169012407085902 0.8233781123334786 0
0.008881864178287069 0.8296823996397517 0
0.7507576730240717 0.9120120994163047 0
0.01045851798547798 0.8784919134645041 0
0.1729263477649238 0.9896373854561777 0
0.7471754495893612 0.351167679348547 0
0.7466919611224825 0.3663605741449395 0
0.9167544119475231 0.7297579136691932 0
0.5741181171751877 0.6037137556478016 0
0.3276506836062214 0.4049364333723223 0
0.3404766037144949 0.408668743336644 0
0.4124447679625193 0.4103361674108748 0
0.6768836545248947 0.3219032576367286 0
0.6613736981345447 0.3200836158919375 0
0.567751618176169 0.698281947525799 0
0.5162752517431857 0.3900111401663695 0
0.05599426334116064 0.7454240881284754 0
0.5715946594400693 0.3652537584402185 0
0.6116626134278225 0.1940801522921817 0
0.6200305458909028 0.2061777433100106 0
0.7384575937424046 0.08715584789912267 0
0.03520580725792666 0.07646514166767693 0
0.5410223289880354 0.04784761389799203 0
0.6316525470310783 0.1961232248042057 0
0.9444682315199194 0.8841475684771655 0
0.8234202069636833 0.3606676675450891 0
0.8289948804992876 0.371077563506916 0
0.04845578717521459 0.6644520760352117 0
0.04723921295981315 0.6928705634706918 0
0.4095722689241788 0.4244220220842598 0
0.09885538332630944 0.04466278812347102 0
0.9903468338025416 0.7282697526557551 0
0.7889411067944938 0.0111905166443268 0
0.3464910542288178 0.3957461348576105 0
0.04886640925475733 0.9665945215846312 0
0.06297875938125458 0.9663234430753334 0
0.05541900714089748 0.7603059225880344 0
0.04468257404059522 0.751085493495529 0
0.03671736455742902 0.1410173828321402 0
0.9382755770880769 0.2382375199617994 0
0.1265354071197512 0.9653393616635739 0
0.1146139091472411 0.9749897599998832 0
0.526621767944056 0.4002583658074048 0
0.3680277050179472 0.06165205470568269 0
0.05069242830760951 0.1363420380136218 0
0.9410384967442571 0.8025115461458229 0
0.008881864178287069 0.8443882819926929 0
0.02413230312672143 0.8450936932479663 0
0.9505416136451634 0.6305135620955722 0
0.6850377480451095 0.2717070254239352 0
0.6865715414641868 0.2581012467735164 0
0.6537553394270267 0.1455515209388349 0
0.6416612000103236 0.152804215280298 0
0.6778494686464784 0.3363012477375094 0
0.3449512882672725 0.9653230997074775 0
0.7600123452907085 0.1018017937333878 0
0.05396064789388333 0.7750857488081048 0
0.6542884465169417 0.2812090334053174 0
0.5656006127804725 0.6856333550121637 0
0.8464256452262852 0.9411993954575139 0
0.3316961985172977 0.9682072172414532 0
0.3379706588052063 0.9563508134921548 0
0.9367480940903816 0.2257764582444816 0
0.8400372282227169 0.3713465604005322 0
0.9229010139480402 0.3721574319433724 0
0.9331682026385819 0.3796325140139583 0
0.06430797410770472 0.05476682862221621 0
0.07237637799214824 0.04266823047442531 0
0.07786082268808792 0.05653357644053891 0
0.05297967627392369 0.7891609083599723 0
0.04312634622037242 0.7800424875069557 0
0.8859707557588119 0.4321946953420571 0
0.05808566077689842 0.06439326548848817 0
0.9525741014293565 0.4529835220146157 0
0.9412956807638556 0.4593666906192447 0
0.1238672607206256 0.3067274379274567 0
0.3273194764044235 0.9481282980622353 0
0.3405745661543984 0.9452441805282596 0
0.02753747251131755 0.8342345437572495 0
0.9322647336381344 0.408707355227376 0
0.31355175975067 0.4040219125977738 0
0.06512333451804259 0.9527807627628104 0
0.9381757890966657 0.6387734570064091 0
0.9426747993529336 0.4164760951416302 0
0.05810456617063364 0.07447355912753234 0
0.0655516999545121 0.2816483516912783 0
0.9901865002188448 0.990552065739972 0
0.9901865002188448 0.9758461833870307 0
0.9754806178659036 0.990552065739972 0
0.03390604728146474 0.8434928494904183 0
0.9537113570479029 0.8947091543553016 0
0.3918663208985949 0.03749354529990678 0
0.3780877916595137 0.03699371570331117 0
0.03518690186419143 0.06638484802863276 0
0.5935733532834732 0.831386367854356 0
0.9393484586391816 0.651290537260809 0
0.5347748672056712 0.03506433240513696 0
0.5203144517948693 0.03509920943604961 0
0.03557677247841246 0.6992841498386791 0
0.03549494912421086 0.7139362194716292 0
0.5073926949952203 0.03344063543378606 0
0.5887477358283697 0.9424462313225481 0
0.6022511880661835 0.9520650852160666 0
0.9066785464421973 0.0361233002051965 0
0.8786624325472912 0.7007609283383837 0
0.8812554389389424 0.68569686526217 0
0.035767296422474 0.9652974762006818 0
0.9532811413930947 0.4789354002728452 0
0.7142527404513008 0.9387503831680184 0
0.1974264725248274 0.05908718532756851 0
0.8339975255986307 0.9423500650430204 0
0.7222507338928986 0.9510457155131203 0
0.7257881218028022 0.9377526984308698 0
0.03482090053349746 0.7284009483471989 0
0.9635863613152611 0.5365366258201877 0
0.9587548406979141 0.5461891214477943 0
0.7486324990538946 0.09369695393311378 0
0.5956422468542235 0.9646919343149393 0
0.6715722203408894 0.2722880464633712 0
0.2406986574558991 0.9651203665023811 0
0.6440850917764332 0.1661167071550844 0
0.05850817141605197 0.2724080950498823 0
0.8817425131427059 0.8463920593227745 0
0.4926470588235306 0.03408804908541496 0
0.4889336732161032 0.04799584430604342 0
0.1721724752032577 0.9669696675512196 0
0.614420095097061 0.1796097851245108 0
0.9896095757188735 0.1825657970946377 0
0.03506557982434755 0.7431018295179848 0
0.6156443005699224 0.6241443689818612 0
0.6159058988505405 0.639471560238884 0
0.03189633519075347 0.2564503839391189 0
0.03234073655990177 0.2701914654243759 0
0.9654142802264724 0.5542940470460481 0
0.4180395129528773 0.9644772077296045 0
0.9029909629832498 0.04945117580610536 0
0.9426644417445296 0.4742785802105427 0
0.422186187587826 0.9512763446735579 0
0.2121967239987655 0.05775847404527368 0
0.8222913070394888 0.8644060652182517 0
0.9533843519079701 0.3662183614049891 0
0.617257462372189 0.5054273642599271 0
0.0933283543667548 0.05477960379780389 0
0.6606499697188919 0.269859993293228 0
0.03449032362408444 0.7579836639775439 0
0.991141093743458 0.1691176470588237 0
0.02466211109659727 0.9662696721829837 0
0.9768066388908133 0.03303461499861882 0
0.02477844247084382 0.03250882402472038 0
0.9416476035871513 0.3308817796327764 0
0.9278256023402105 0.3289281776476536 0
0.6553657405670015 0.848723032254689 0
0.5854084338890615 0.6138074616580014 0
0.05349177528314492 0.2608009619444612 0
0.04400889329751628 0.2515516444183861 0
0.9759523938838188 0.9685244739061412 0
0.9672834633932892 0.5685649577425126 0
0.7514324252622679 0.06939789556873588 0
0.2442267291032051 0.9511510658153165 0
0.9661060047942329 0.8894396418308896 0
0.03379089167678634 0.7728143860769372 0
0.6525607111602779 0.9662752928261285 0
0.5881881258499173 0.4797387783965972 0
0.9243081612138734 0.3575043534578318 0
0.1062545111205328 0.0550074136285269 0
0.04639780814388761 0.07023465002769069 0
0.9671792436392562 0.023213378521865 0
0.03263609143084384 0.977496897912731 0
0.03299526689522947 0.02188742542340838 0
0.3726157615482576 0.04950134629614583 0
0.3087855285376322 0.4170312440147168 0
0.6556777267222105 0.952833719084449 0
0.0328099200568267 0.7868895456288048 0
0.6550728608966052 0.04561989835138947 0
0.3142329846861521 0.9543170659205433 0
0.9436043101591464 0.4867820839529477 0
0.5583927695774499 0.3594048499309708 0
0.6287982399377799 0.1826389668727636 0
0.6074946157871866 0.4980498901174131 0
0.9246578545581379 0.3438843350070891 0
0.9338775491074469 0.3518531421416096 0
0.1806340492779828 0.9773170437191272 0
0.9075822957714093 0.7179191580150946 0
0.8190163267731185 0.8788635992091067 0
0.9437139049562328 0.3731298414007491 0
0.06563273703881328 0.03172512356430768 0
0.6587361533954784 0.8364959269865255 0
0.9435479960591843 0.3449416621458495 0
0.6522288917359346 0.03238596864229715 0
0.3175301726497716 0.9677631826880243 0
0.9431983027149198 0.3585616805965922 0
0.6750732097332499 0.2509135996011135 0
0.6654547852682005 0.2599855247272247 0
0.8731673042122018 0.8363898685789544 0
0.6670821092714898 0.3692578956776439 0
0.6541152719727663 0.3681953801573181 0
0.04670493024896294 0.2742575303133619 0
0.9700589900010361 0.9800458686266045 0
0.59833673939253 0.4908266285395443 0
0.7513915556762429 0.08210941693725926 0
$EndNodes
$Elements
1 2224 1 2224
2 1 9 2224
1 934 936 503 1439 1440 1441 
2 456 975 896 1442 1443 1444 
3 896 1016 456 1445 1446 1444 
4 198 1044 197 1447 1448 231 
5 955 956 504 1449 1450 1451 
6 936 1011 503 1452 1453 1440 
7 1027 1153 873 1454 1455 1456 
8 928 1282 1157 1457 1458 1459 
9 579 949 948 1460 1461 1462 
10 474 1331 967 1463 1464 1465 
11 967 1331 966 1464 1466 1467 
12 388 1022 387 1468 1469 421 
13 462 918 916 1470 1471 1472 
14 950 952 509 1473 1474 1475 
15 1157 1326 928 1476 1477 1459 
16 901 910 445 1478 1479 1480 
17 956 957 504 1481 1482 1450 
18 1009 1138 895 1483 1484 1485 
19 900 1179 986 1486 1487 1488 
20 1137 1299 1145 1489 1490 1491 
21 573 574 28 1492 1493 1494 
22 1137 1145 766 1491 1495 1496 
23 461 1033 902 1497 1498 1499 
24 575 923 596 1500 1501 1502 
25 880 1406 1105 1503 1504 1505 
26 1120 1277 871 1506 1507 1508 
27 608 1342 1073 1509 1510 1511 
28 1105 1329 880 1512 1513 1505 
29 511 1088 954 1514 1515 1516 
30 903 973 452 1517 1518 1519 
31 1073 1288 608 1520 1521 1511 
32 2 577 88 1522 1523 128 
33 873 1153 933 1455 1524 1525 
34 1008 1332 1299 1526 1527 1528 
35 1194 1294 619 1529 1530 1531 
36 908 1294 1194 1532 1529 1533 
37 577 1302 88 1534 1535 1523 
38 624 1304 921 1536 1537 1538 
39 898 1274 459 1539 1540 1541 
40 459 1374 898 1542 1543 1541 
41 1028 1049 849 1544 1545 1546 
42 904 1385 478 1547 1548 1549 
43 1185 1330 991 1550 1551 1552 
44 452 1027 903 1553 1554 1519 
45 1299 1332 968 1527 1555 1556 
46 926 927 454 1557 1558 1559 
47 892 1247 1117 1560 1561 1562 
48 27 573 28 1563 1494 68 
49 445 1310 901 1564 1565 1480 
50 252 973 251 1566 1567 285 
51 931 1383 875 1568 1569 1570 
52 468 1349 1152 1571 1572 1573 
53 952 1258 509 1574 1575 1474 
54 991 1313 1185 1576 1577 1552 
55 575 596 573 1502 1578 1579 
56 490 1168 909 1580 1581 1582 
57 875 1383 879 1569 1583 1584 
58 442 1022 388 1585 1468 1586 
59 873 1296 1027 1587 1588 1456 
60 999 1289 440 1589 1590 1591 
61 871 1316 1120 1592 1593 1508 
62 902 1042 461 1594 1595 1499 
63 976 1413 481 1596 1597 1598 
64 859 1125 969 1599 1600 1601 
65 921 1278 624 1602 1603 1538 
66 457 961 102 1604 1605 1606 
67 605 1333 1092 1607 1608 1609 
68 954 1000 511 1610 1611 1516 
69 974 1212 453 1612 1613 1614 
70 172 1068 463 1615 1616 1617 
71 960 1239 858 1618 1619 1620 
72 986 1179 985 1487 1621 1622 
73 475 914 124 1623 1624 1625 
74 1044 1310 197 1626 1627 1448 
75 579 1305 949 1628 1629 1460 
76 858 1370 960 1630 1631 1620 
77 1027 1296 1028 1588 1632 1633 
78 916 1023 462 1634 1635 1472 
79 914 1349 468 1636 1571 1637 
80 452 973 252 1518 1566 1638 
81 1090 1295 448 1639 1640 1641 
82 595 1429 1034 1642 1643 1644 
83 478 1248 904 1645 1646 1549 
84 1295 1327 448 1647 1648 1640 
85 995 1005 1004 1649 1650 1651 
86 995 1041 1005 1652 1653 1649 
87 854 999 998 1654 1655 1656 
88 453 1212 1001 1613 1657 1658 
89 506 1427 925 1659 1660 1661 
90 1090 1274 898 1662 1539 1663 
91 506 925 575 1661 1664 1665 
92 595 1034 603 1644 1666 1667 
93 1011 1012 518 1668 1669 1670 
94 477 1420 1100 1671 1672 1673 
95 898 1295 1090 1674 1639 1663 
96 1100 1251 477 1675 1676 1673 
97 954 1088 1016 1515 1677 1678 
98 471 1044 198 1679 1447 1680 
99 1251 1272 477 1681 1682 1676 
100 1118 1376 1290 1683 1684 1685 
101 481 1413 572 1597 1686 1687 
102 39 990 987 1688 1689 1690 
103 895 1354 1009 1691 1692 1485 
104 23 1383 931 1693 1568 1694 
105 1035 1036 584 1695 1696 1697 
106 1021 1032 505 1698 1699 1700 
107 1116 1204 611 1701 1702 1703 
108 919 1272 1251 1704 1681 1705 
109 473 1243 1141 1706 1707 1708 
110 994 1025 997 1709 1710 1711 
111 502 1174 989 1712 1713 1714 
112 986 1279 900 1715 1716 1488 
113 31 938 503 1717 1718 1719 
114 1000 1108 613 1720 1721 1722 
115 709 1049 1028 1723 1544 1724 
116 1084 1254 853 1725 1726 1727 
117 102 961 103 1605 1728 143 
118 936 1012 1011 1729 1668 1452 
119 959 1263 960 1730 1731 1732 
120 1289 1340 440 1733 1734 1590 
121 930 1366 100 1735 1736 1737 
122 1092 1300 605 1738 1739 1609 
123 1290 1376 971 1684 1740 1741 
124 100 1414 930 1742 1743 1737 
125 1107 1317 1057 1744 1745 1746 
126 576 1351 1 1747 1748 1749 
127 966 1331 1278 1466 1750 1751 
128 1278 1331 624 1750 1752 1603 
129 462 1283 918 1753 1754 1470 
130 970 972 971 1755 1756 1757 
131 1000 1269 511 1758 1759 1611 
132 949 1305 371 1629 1760 1761 
133 16 1256 929 1762 1763 1764 
134 621 622 9 1765 1766 1767 
135 909 1275 490 1768 1769 1582 
136 371 1385 949 1770 1771 1761 
137 454 1314 926 1772 1773 1559 
138 106 976 481 1774 1598 1775 
139 1 1351 7 1748 1776 47 
140 1010 1138 1009 1777 1483 1778 
141 460 1383 23 1779 1693 1780 
142 637 638 623 1781 1782 1783 
143 499 1318 1078 1784 1785 1786 
144 948 1052 579 1787 1788 1462 
145 1022 1314 387 1789 1790 1469 
146 92 959 449 1791 1792 1793 
147 95 999 440 1794 1591 1795 
148 949 1385 904 1771 1547 1796 
149 989 1330 502 1797 1798 1714 
150 959 960 449 1732 1799 1792 
151 1078 1338 499 1800 1801 1786 
152 1376 1383 971 1802 1803 1740 
153 1014 1183 1032 1804 1805 1806 
154 1007 1009 451 1807 1808 1809 
155 910 911 445 1810 1811 1479 
156 475 1336 914 1812 1813 1623 
157 1117 1402 892 1814 1815 1562 
158 982 1034 476 1816 1817 1818 
159 1263 1347 960 1819 1820 1731 
160 903 1028 849 1821 1546 1822 
161 1010 1137 782 1823 1824 1825 
162 927 928 454 1826 1827 1558 
163 1285 1301 1021 1828 1829 1830 
164 1006 1030 1029 1831 1832 1833 
165 1080 1136 488 1834 1835 1836 
166 520 1298 1292 1837 1838 1839 
167 640 1325 1312 1840 1841 1842 
168 929 1410 16 1843 1844 1764 
169 967 1252 474 1845 1846 1465 
170 173 1068 172 1847 1615 206 
171 584 1362 1035 1848 1849 1697 
172 1038 1322 1129 1850 1851 1852 
173 1026 1121 450 1853 1854 1855 
174 19 1279 986 1856 1715 1857 
175 446 970 21 1858 1859 1860 
176 508 1301 1285 1861 1828 1862 
177 613 1269 1000 1863 1758 1722 
178 446 972 970 1864 1755 1858 
179 993 1025 994 1865 1709 1866 
180 979 982 476 1867 1818 1868 
181 487 1277 1120 1869 1506 1870 
182 116 1004 523 1871 1872 1873 
183 1312 1325 1147 1841 1874 1875 
184 1217 1284 443 1876 1877 1878 
185 1017 1019 519 1879 1880 1881 
186 923 1246 494 1882 1883 1884 
187 1292 1298 1037 1838 1885 1886 
188 956 977 957 1887 1888 1481 
189 1173 1434 1405 1889 1890 1891 
190 19 986 20 1857 1892 60 
191 441 1254 1084 1893 1725 1894 
192 621 637 623 1895 1783 1896 
193 8 621 9 1897 1767 49 
194 971 1383 460 1803 1779 1898 
195 1032 1183 505 1805 1899 1699 
196 495 978 122 1900 1901 1902 
197 516 979 41 1903 1904 1905 
198 516 980 979 1906 1907 1903 
199 604 1300 992 1908 1909 1910 
200 972 1290 971 1911 1741 1756 
201 990 1437 1308 1912 1913 1914 
202 603 1322 1038 1915 1850 1916 
203 889 1348 1293 1917 1918 1919 
204 1145 1299 968 1490 1556 1920 
205 494 1406 923 1921 1922 1884 
206 826 1276 985 1923 1924 1925 
207 1117 1247 470 1561 1926 1927 
208 854 1289 999 1928 1589 1654 
209 975 1356 984 1929 1930 1931 
210 39 987 40 1690 1932 80 
211 1013 1032 1020 1933 1934 1935 
212 1020 1032 1021 1934 1698 1936 
213 611 1381 1116 1937 1938 1703 
214 975 1384 1356 1939 1940 1929 
215 114 993 517 1941 1942 1943 
216 443 1428 1217 1944 1945 1878 
217 1006 1249 1030 1946 1947 1831 
218 993 994 517 1866 1948 1942 
219 995 1394 1041 1949 1950 1652 
220 1020 1039 1013 1951 1952 1935 
221 996 1394 995 1953 1949 1954 
222 782 1138 1010 1955 1777 1825 
223 452 1153 1027 1956 1454 1553 
224 932 1398 194 1957 1958 1959 
225 1297 1337 891 1960 1961 1962 
226 194 1323 932 1963 1964 1959 
227 115 1004 116 1965 1871 156 
228 496 1434 1173 1966 1889 1967 
229 923 1406 596 1922 1968 1501 
230 504 1344 955 1969 1970 1451 
231 973 1254 251 1971 1972 1567 
232 507 1317 1107 1973 1744 1974 
233 473 1355 1243 1975 1976 1706 
234 499 1292 1037 1977 1886 1978 
235 1092 1333 1102 1608 1979 1980 
236 990 1308 991 1914 1981 1982 
237 1004 1005 523 1650 1983 1872 
238 493 976 105 1984 1985 1986 
239 110 1040 467 1987 1988 1989 
240 39 1437 990 1990 1912 1688 
241 902 1429 595 1991 1642 1992 
242 503 1348 934 1993 1994 1441 
243 1125 1321 969 1995 1996 1600 
244 23 931 24 1694 1997 64 
245 992 1409 604 1998 1999 1910 
246 938 1348 503 2000 1993 1718 
247 1014 1434 1183 2001 2002 1804 
248 807 1139 762 2003 2004 2005 
249 441 1084 1003 1894 2006 2007 
250 1037 1318 499 2008 1784 1978 
251 1105 1406 494 1504 1921 2009 
252 510 1249 1031 2010 2011 2012 
253 969 1320 859 2013 2014 1601 
254 920 921 493 2015 2016 2017 
255 1000 1373 1108 2018 2019 1720 
256 14 1007 451 2020 1809 2021 
257 457 1382 961 2022 2023 1604 
258 1012 1013 518 2024 2025 1669 
259 1006 1029 523 1833 2026 2027 
260 939 1328 444 2028 2029 2030 
261 637 1365 638 2031 2032 1781 
262 1009 1354 451 1692 2033 1808 
263 596 1406 880 1968 1503 2034 
264 497 1128 1038 2035 2036 2037 
265 1068 1425 463 2038 2039 1616 
266 1034 1322 603 2040 1915 1666 
267 982 1322 1034 2041 2040 1816 
268 1171 1381 620 2042 2043 2044 
269 44 1033 461 2045 1497 2046 
270 937 1014 1012 2047 2048 2049 
271 124 914 125 1624 2050 165 
272 782 1267 1138 2051 2052 1955 
273 37 1017 519 2053 1881 2054 
274 523 1029 117 2026 2055 2056 
275 1286 1287 585 2057 2058 2059 
276 985 1179 826 1621 2060 1925 
277 94 999 95 2061 1794 135 
278 977 1352 515 2062 2063 2064 
279 853 1254 973 1726 1971 2065 
280 509 1359 950 2066 2067 1475 
281 1074 1342 625 2068 2069 2070 
282 921 1304 493 1537 2071 2016 
283 1361 1364 1134 2072 2073 2074 
284 1204 1268 611 2075 2076 1702 
285 1286 1341 912 2077 2078 2079 
286 1119 1248 478 2080 1645 2081 
287 466 1369 933 2082 2083 2084 
288 1293 1348 938 1918 2000 2085 
289 955 1258 952 2086 1574 2087 
290 1183 1434 496 2002 1966 2088 
291 1031 1249 1006 2011 1946 2089 
292 573 596 574 1578 2090 1492 
293 933 1392 466 2091 2092 2084 
294 1120 1316 438 1593 2093 2094 
295 1057 1346 1107 2095 2096 1746 
296 1141 1293 473 2097 2098 1708 
297 575 924 923 2099 2100 1500 
298 620 1343 1171 2101 2102 2044 
299 584 1427 506 2103 1659 2104 
300 1003 1244 441 2105 2106 2007 
301 25 1362 26 2107 2108 66 
302 1365 1413 638 2109 2110 2032 
303 505 1285 1021 2111 1830 1700 
304 26 1362 584 2108 1848 2112 
305 448 1327 984 1648 2113 2114 
306 1058 1302 577 2115 1534 2116 
307 1026 1377 1121 2117 2118 1853 
308 104 920 493 2119 2017 2120 
309 30 938 31 2121 1717 71 
310 103 961 920 1728 2122 2123 
311 998 1370 854 2124 2125 1656 
312 875 1396 931 2126 2127 1570 
313 623 1304 624 2128 1536 2129 
314 1013 1039 518 1952 2130 2025 
315 515 1358 977 2131 2132 2064 
316 444 1408 939 2133 2134 2030 
317 985 1276 972 1924 2135 2136 
318 919 1273 1272 2137 2138 1704 
319 984 1356 448 1930 2139 2114 
320 618 1364 1361 2140 2072 2141 
321 1003 1266 1244 2142 2143 2105 
322 1138 1267 1139 2052 2144 2145 
323 467 1250 111 2146 2147 2148 
324 480 1337 1297 2149 1960 2150 
325 518 1039 34 2130 2151 2152 
326 625 1380 1074 2153 2154 2070 
327 469 1253 1156 2155 2156 2157 
328 762 1139 760 2004 2158 2159 
329 476 1033 43 2160 2161 2162 
330 91 959 92 2163 1791 132 
331 480 1405 1337 2164 2165 2149 
332 1253 1412 1156 2166 2167 2156 
333 998 999 94 1655 2061 2168 
334 895 1139 807 2169 2003 2170 
335 996 1399 1184 2171 2172 2173 
336 1100 1420 1101 1672 2174 2175 
337 912 1341 913 2078 2176 2177 
338 706 1265 1262 2178 2179 2180 
339 21 970 22 1859 2181 62 
340 20 986 446 1892 2182 2183 
341 453 1416 974 2184 2185 1614 
342 1019 1372 1308 2186 2187 2188 
343 455 1398 992 2189 2190 2191 
344 1244 1266 485 2143 2192 2193 
345 1168 1375 909 2194 2195 1581 
346 1119 1311 1248 2196 2197 2080 
347 40 987 516 1932 2198 2199 
348 122 978 123 1901 2200 163 
349 41 979 42 1904 2201 82 
350 112 1250 498 2202 2203 2204 
351 937 1434 1014 2205 2001 2047 
352 1080 1363 1136 2206 2207 1834 
353 493 1393 976 2208 2209 1984 
354 621 623 622 1896 2210 1765 
355 334 1052 333 2211 2212 367 
356 488 1324 1080 2213 2214 1836 
357 625 1342 608 2069 1509 2215 
358 467 1353 1250 2216 2217 2146 
359 517 1004 115 2218 1965 2219 
360 502 1330 1185 1798 1550 2220 
361 503 1011 32 1453 2221 2222 
362 113 993 114 2223 1941 154 
363 955 1344 1258 1970 2224 2086 
364 442 1260 1022 2225 2226 1585 
365 1040 1386 467 2227 2228 1988 
366 910 912 911 2229 2230 1810 
367 957 1257 504 2231 2232 1482 
368 1184 1394 996 2233 1953 2173 
369 474 1252 11 1846 2234 2235 
370 93 998 94 2236 2168 134 
371 927 1045 928 2237 2238 1826 
372 446 985 972 2239 2136 1864 
373 1173 1405 480 1891 2164 2240 
374 33 1011 518 2241 1670 2242 
375 1045 1282 928 2243 1457 2238 
376 797 1282 1045 2244 2243 2245 
377 1015 1395 440 2246 2247 2248 
378 1038 1129 497 1852 2249 2037 
379 901 1310 1044 1565 1626 2250 
380 980 982 979 2251 1867 1907 
381 516 981 980 2252 2253 1906 
382 13 1007 14 2254 2020 54 
383 1308 1372 1313 2187 2255 2256 
384 960 1370 449 1631 2257 1799 
385 1016 1088 456 1677 2258 1446 
386 994 995 517 2259 2260 1948 
387 12 1252 465 2261 2262 2263 
388 1027 1028 903 1633 1821 1554 
389 919 1407 1273 2264 2265 2137 
390 34 1039 35 2151 2266 75 
391 641 1433 89 2267 2268 2269 
392 912 1287 1286 2270 2057 2079 
393 89 1433 90 2268 2271 130 
394 495 1404 978 2272 2273 1900 
395 1304 1393 493 2274 2208 2071 
396 490 1275 1169 1769 2275 2276 
397 36 1017 37 2277 2053 77 
398 521 1039 1020 2278 1951 2279 
399 117 1029 118 2055 2280 158 
400 924 1246 923 2281 1882 2100 
401 35 1039 521 2266 2278 2282 
402 1005 1006 523 2283 2027 1983 
403 577 1403 1058 2284 2285 2116 
404 592 1042 593 2286 2287 2288 
405 614 1426 1270 2289 2290 2291 
406 1308 1437 519 1913 2292 2293 
407 593 1042 902 2287 1594 2294 
408 476 1429 1033 2295 2296 2160 
409 1270 1426 1306 2290 2297 2298 
410 440 1340 1015 1734 2299 2248 
411 1012 1014 1013 2048 2300 2024 
412 920 922 921 2301 2302 2015 
413 1019 1308 519 2188 2293 1880 
414 579 1052 334 1788 2211 2303 
415 333 1052 464 2212 2304 2305 
416 1145 1321 766 2306 2307 1495 
417 1041 1432 1005 2308 2309 1653 
418 1128 1345 1038 2310 2311 2036 
419 575 925 924 1664 2312 2099 
420 596 597 574 2313 2314 2090 
421 622 1401 9 2315 2316 1766 
422 1336 1391 905 2317 2318 2319 
423 450 1309 1026 2320 2321 1855 
424 1262 1265 1045 2179 2322 2323 
425 1005 1432 1031 2309 2324 2325 
426 1025 1312 997 2326 2327 1710 
427 466 1338 1078 2328 1800 2329 
428 1282 1360 1157 2330 2331 1458 
429 915 1421 1395 2332 2333 2334 
430 620 1381 611 2043 1937 2335 
431 453 1423 109 2336 2337 2338 
432 109 1423 1040 2337 2339 2340 
433 306 1088 305 2341 2342 339 
434 957 1319 1257 2343 2344 2231 
435 623 624 622 2129 2345 2210 
436 915 1395 1015 2334 2246 2346 
437 912 913 911 2177 2347 2230 
438 456 1384 975 2348 1939 1442 
439 1245 1403 1073 2349 2350 2351 
440 446 986 985 2182 1622 2239 
441 980 983 982 2352 2353 2251 
442 994 996 995 2354 1954 2259 
443 516 987 981 2198 2355 2252 
444 1078 1369 466 2356 2082 2329 
445 977 1358 957 2132 2357 1888 
446 1005 1031 1006 2325 2089 2283 
447 995 1004 517 1651 2218 2260 
448 1014 1032 1013 1806 1933 2300 
449 920 961 922 2122 2358 2301 
450 456 1088 306 2258 2341 2359 
451 305 1088 511 2342 1514 2360 
452 1047 1232 699 2361 2362 2363 
453 1046 1233 706 2364 2365 2366 
454 823 1064 844 2367 2368 2369 
455 1152 1271 468 2370 2371 1573 
456 596 880 597 2034 2372 2313 
457 1138 1139 895 2145 2169 1484 
458 699 1232 658 2362 2373 2374 
459 1095 1231 1177 2375 2376 2377 
460 1404 1417 951 2378 2379 2380 
461 1186 1249 510 2381 2010 2382 
462 1046 1234 1233 2383 2384 2364 
463 1051 1222 688 2385 2386 2387 
464 709 1177 1049 2388 2389 1723 
465 437 1279 18 2390 2391 2392 
466 1031 1281 510 2393 2394 2012 
467 688 1222 664 2386 2395 2396 
468 1093 1216 1066 2397 2398 2399 
469 825 1066 1050 2400 2401 2402 
470 958 1400 1352 2403 2404 2405 
471 994 997 996 1711 2406 2354 
472 1099 1212 1193 2407 2408 2409 
473 987 988 981 2410 2411 2355 
474 913 932 911 2412 2413 2347 
475 1050 1063 825 2414 2415 2402 
476 825 1064 823 2416 2367 2417 
477 1233 1234 699 2384 2418 2419 
478 958 1352 977 2405 2062 2420 
479 1062 1127 819 2421 2422 2423 
480 699 1234 1047 2418 2424 2363 
481 7 514 8 2425 2426 48 
482 706 1233 654 2365 2427 2428 
483 1227 1230 1048 2429 2430 2431 
484 1177 1231 1049 2376 2432 2389 
485 106 481 107 1775 2433 147 
486 108 453 109 2434 2338 149 
487 737 1127 1062 2435 2421 2436 
488 1076 1209 1086 2437 2438 2439 
489 105 976 106 1985 1774 146 
490 1024 1131 1060 2440 2441 2442 
491 1060 1131 1061 2441 2443 2444 
492 693 1122 1054 2445 2446 2447 
493 961 962 922 2448 2449 2358 
494 1059 1228 834 2450 2451 2452 
495 109 1040 110 2340 1987 150 
496 1066 1216 1050 2398 2453 2401 
497 125 468 126 2454 2455 166 
498 1055 1062 819 2456 2423 2457 
499 553 1053 551 2458 2459 2460 
500 1193 1212 974 2408 1612 2461 
501 988 989 981 2462 2463 2411 
502 688 1230 1227 2464 2429 2465 
503 1061 1131 740 2443 2466 2467 
504 24 482 25 2468 2469 65 
505 740 1098 1061 2470 2471 2467 
506 481 524 107 2472 2473 2433 
507 612 1001 580 2474 2475 2476 
508 819 1075 1055 2477 2478 2457 
509 693 1144 1071 2479 2480 2481 
510 44 461 45 2046 2482 85 
511 646 1056 642 2483 2484 2485 
512 1053 1099 551 2486 2487 2459 
513 1001 1053 580 2488 2489 2475 
514 862 1215 863 2490 2491 2492 
515 646 1057 1056 2493 2494 2483 
516 695 1228 1059 2495 2450 2496 
517 514 908 637 2497 2498 2499 
518 683 1209 1076 2500 2437 2501 
519 689 1122 693 2502 2445 2503 
520 818 1081 1069 2504 2505 2506 
521 580 1053 553 2489 2458 2507 
522 1029 1030 515 1832 2508 2509 
523 29 473 30 2510 2511 70 
524 1144 1149 1071 2512 2513 2480 
525 1020 1021 1018 1936 2514 2515 
526 521 1018 1017 2516 2517 2518 
527 863 1211 1062 2519 2520 2521 
528 727 1126 1098 2522 2523 2524 
529 1221 1238 679 2525 2526 2527 
530 880 881 597 2528 2529 2372 
531 498 1025 993 2530 1865 2531 
532 646 1058 1057 2532 2533 2493 
533 862 1218 1215 2534 2535 2490 
534 1098 1126 1061 2523 2536 2471 
535 110 467 111 1989 2148 151 
536 688 1227 1051 2465 2537 2387 
537 1114 1196 1182 2538 2539 2540 
538 717 1203 729 2541 2542 2543 
539 642 1056 644 2484 2544 2545 
540 88 483 89 2546 2547 129 
541 1018 1019 1017 2548 1879 2517 
542 677 1075 682 2549 2550 2551 
543 43 1033 44 2161 2045 84 
544 521 1020 1018 2279 2515 2516 
545 1115 1116 569 2552 2553 2554 
546 992 1398 932 2190 1957 2555 
547 913 992 932 2556 2555 2412 
548 104 493 105 2120 1986 145 
549 521 1017 36 2518 2277 2557 
550 118 1029 515 2280 2509 2558 
551 1069 1106 818 2559 2560 2506 
552 1048 1232 1047 2561 2361 2562 
553 729 1203 1070 2542 2563 2564 
554 1054 1144 693 2565 2479 2447 
555 800 876 875 2566 2567 2568 
556 863 1215 1211 2491 2569 2519 
557 1097 1126 727 2570 2522 2571 
558 990 991 988 1982 2572 2573 
559 878 1036 1035 2574 1695 2575 
560 682 1075 819 2550 2477 2576 
561 260 520 259 2577 2578 293 
562 818 1106 779 2560 2579 2580 
563 877 878 876 2581 2582 2583 
564 1053 1212 1099 2584 2407 2486 
565 644 1056 874 2544 2585 2586 
566 123 475 124 2587 1625 164 
567 1067 1068 891 2588 2589 2590 
568 987 990 988 1689 2573 2410 
569 498 993 113 2531 2223 2591 
570 114 517 115 1943 2219 155 
571 310 1090 448 2592 1641 2593 
572 37 519 38 2054 2594 78 
573 116 523 117 1873 2056 157 
574 878 1035 876 2575 2595 2582 
575 821 1066 825 2596 2400 2597 
576 313 1082 459 2598 2599 2600 
577 112 498 113 2204 2591 153 
578 729 1216 1093 2601 2397 2602 
579 1077 1078 877 2603 2604 2605 
580 31 503 32 1719 2222 72 
581 118 515 119 2558 2606 159 
582 728 1097 727 2607 2571 2608 
583 35 521 36 2282 2557 76 
584 32 1011 33 2221 2241 73 
585 707 708 705 2609 2610 2611 
586 970 971 460 1757 1898 2612 
587 888 1067 891 2613 2590 2614 
588 40 516 41 2199 1905 81 
589 1003 1084 845 2006 2615 2616 
590 22 460 23 2617 1780 63 
591 533 1099 531 2618 2619 2620 
592 121 495 122 2621 1902 162 
593 33 518 34 2242 2152 74 
594 644 874 647 2586 2622 2623 
595 704 707 705 2624 2611 2625 
596 90 458 91 2626 2627 131 
597 1063 1064 825 2628 2416 2415 
598 42 476 43 2629 2162 83 
599 123 978 475 2200 2630 2587 
600 377 522 376 2631 2632 410 
601 796 1077 800 2633 2634 2635 
602 800 1077 877 2634 2605 2636 
603 729 1093 715 2602 2637 2638 
604 816 1066 821 2639 2596 2640 
605 1076 1086 817 2439 2641 2642 
606 831 1214 838 2643 2644 2645 
607 698 1095 694 2646 2647 2648 
608 1072 1073 522 2649 2650 2651 
609 721 1163 730 2652 2653 2654 
610 674 1075 677 2655 2549 2656 
611 707 795 708 2657 2658 2609 
612 513 1072 378 2659 2660 2661 
613 1079 1081 818 2662 2504 2663 
614 546 1115 569 2664 2554 2665 
615 962 963 922 2666 2667 2449 
616 692 1071 698 2668 2669 2670 
617 730 1163 1091 2653 2671 2672 
618 602 1002 594 2673 2674 2675 
619 686 1122 689 2676 2502 2677 
620 747 1112 745 2678 2679 2680 
621 42 979 476 2201 1868 2629 
622 953 955 952 2681 2087 2682 
623 816 1093 1066 2683 2399 2639 
624 788 1104 670 2684 2685 2686 
625 648 1096 797 2687 2688 2689 
626 15 1256 16 2690 1762 56 
627 888 891 890 2614 2691 2692 
628 786 1079 818 2693 2663 2694 
629 1182 1196 558 2539 2695 2696 
630 839 1087 806 2697 2698 2699 
631 795 796 708 2700 2701 2658 
632 681 1089 686 2702 2703 2704 
633 377 1072 522 2705 2651 2631 
634 800 877 876 2636 2583 2566 
635 872 1077 796 2706 2633 2707 
636 926 1022 841 2708 2709 2710 
637 745 1112 865 2679 2711 2712 
638 1082 1083 459 2713 2714 2599 
639 873 933 872 1525 2715 2716 
640 817 1086 770 2641 2717 2718 
641 1235 1237 784 2719 2720 2721 
642 375 1074 491 2722 2723 2724 
643 751 1103 754 2725 2726 2727 
644 522 1074 376 2728 2729 2632 
645 886 1094 1067 2730 2731 2732 
646 853 973 903 2065 1517 2733 
647 313 459 312 2600 2734 346 
648 796 800 799 2635 2735 2736 
649 704 705 703 2625 2737 2738 
650 704 709 707 2739 2740 2624 
651 1063 1065 1064 2741 2742 2628 
652 866 1220 1076 2743 2744 2745 
653 764 1103 751 2746 2725 2747 
654 735 1097 728 2748 2607 2749 
655 715 1093 714 2637 2750 2751 
656 693 1071 692 2481 2668 2752 
657 689 693 692 2503 2752 2753 
658 652 706 654 2754 2428 2755 
659 845 1084 847 2615 2756 2757 
660 702 704 703 2758 2738 2759 
661 847 1084 853 2756 1727 2760 
662 310 448 309 2593 2761 343 
663 795 872 796 2762 2707 2700 
664 658 1232 660 2373 2763 2764 
665 832 866 817 2765 2766 2767 
666 677 682 680 2551 2768 2769 
667 647 1096 648 2770 2687 2771 
668 779 1106 739 2579 2772 2773 
669 694 1095 697 2647 2774 2775 
670 656 699 658 2776 2374 2777 
671 819 1127 711 2422 2778 2779 
672 1002 1150 594 2780 2781 2674 
673 103 920 104 2123 2119 144 
674 805 1079 786 2782 2693 2783 
675 662 688 664 2784 2396 2785 
676 847 853 849 2760 2786 2787 
677 648 797 650 2689 2788 2789 
678 664 1222 666 2395 2790 2791 
679 311 1090 310 2792 2592 344 
680 697 1095 702 2774 2793 2794 
681 821 825 823 2597 2417 2795 
682 837 1059 834 2796 2452 2797 
683 1089 1155 1122 2798 2799 2800 
684 682 711 710 2801 2802 2803 
685 805 1080 1079 2804 2805 2782 
686 842 926 841 2806 2710 2807 
687 193 455 192 2808 2809 226 
688 92 449 93 1793 2810 133 
689 1122 1155 1054 2799 2811 2446 
690 668 679 670 2812 2813 2814 
691 682 710 680 2803 2815 2768 
692 878 1037 1036 2816 2817 2574 
693 844 1003 845 2818 2616 2819 
694 796 799 708 2736 2820 2701 
695 786 818 779 2694 2580 2821 
696 679 862 788 2822 2823 2824 
697 20 446 21 2183 1860 61 
698 551 1099 533 2487 2618 2825 
699 713 714 712 2826 2827 2828 
700 800 875 799 2568 2829 2735 
701 714 1093 816 2750 2683 2830 
702 636 909 633 2831 2832 2833 
703 711 713 712 2834 2828 2835 
704 697 702 701 2794 2836 2837 
705 713 715 714 2838 2751 2826 
706 711 712 710 2835 2839 2802 
707 823 844 824 2369 2840 2841 
708 717 729 715 2543 2638 2842 
709 631 1133 634 2843 2844 2845 
710 866 1076 817 2745 2642 2766 
711 1055 1104 788 2846 2684 2847 
712 726 1098 740 2848 2470 2849 
713 776 817 770 2850 2718 2851 
714 761 831 763 2852 2853 2854 
715 803 851 783 2855 2856 2857 
716 689 692 690 2753 2858 2859 
717 770 1086 768 2717 2860 2861 
718 692 698 694 2670 2648 2862 
719 1223 1228 695 2863 2495 2864 
720 679 788 670 2824 2686 2813 
721 196 445 195 2865 2866 229 
722 484 1082 314 2867 2868 2869 
723 1095 1177 702 2377 2870 2793 
724 821 823 822 2795 2871 2872 
725 738 783 735 2873 2874 2875 
726 263 494 262 2876 2877 296 
727 840 841 839 2878 2879 2880 
728 816 821 820 2640 2881 2882 
729 862 863 788 2492 2883 2823 
730 473 938 30 2884 2121 2511 
731 951 952 950 2885 1473 2886 
732 704 1177 709 2887 2388 2739 
733 125 914 468 2050 1637 2454 
734 886 1067 888 2732 2613 2888 
735 803 871 851 2889 2890 2855 
736 686 689 687 2677 2891 2892 
737 716 717 715 2893 2842 2894 
738 851 855 852 2895 2896 2897 
739 831 838 763 2645 2898 2853 
740 714 816 815 2830 2899 2900 
741 738 803 783 2901 2857 2873 
742 718 719 717 2902 2903 2904 
743 724 1098 726 2905 2848 2906 
744 795 873 872 2907 2716 2762 
745 721 730 719 2654 2908 2909 
746 853 903 849 2733 1822 2786 
747 455 1092 192 2910 2911 2809 
748 314 1082 313 2868 2598 347 
749 720 721 719 2912 2909 2913 
750 95 440 96 1795 2914 136 
751 1075 1104 1055 2915 2846 2478 
752 740 1111 732 2916 2917 2918 
753 449 998 93 2919 2236 2810 
754 726 732 731 2920 2921 2922 
755 776 832 817 2923 2767 2850 
756 732 741 731 2924 2925 2921 
757 855 1026 856 2926 2927 2928 
758 1100 1101 860 2175 2929 2930 
759 586 1191 1189 2931 2932 2933 
760 802 1100 860 2934 2930 2935 
761 754 1103 761 2726 2936 2937 
762 539 1140 552 2938 2939 2940 
763 22 970 460 2181 2612 2617 
764 644 647 645 2623 2941 2942 
765 677 680 678 2769 2943 2944 
766 722 723 721 2945 2946 2947 
767 892 893 885 2948 2949 2950 
768 1189 1191 582 2932 2951 2952 
769 883 892 885 2953 2950 2954 
770 514 637 621 2499 1895 2955 
771 724 726 723 2906 2956 2957 
772 732 742 741 2958 2959 2924 
773 727 1098 724 2524 2905 2960 
774 768 1112 747 2961 2678 2962 
775 670 1104 671 2685 2963 2964 
776 718 720 719 2965 2913 2902 
777 674 677 675 2656 2966 2967 
778 749 1166 764 2968 2969 2970 
779 682 819 711 2576 2779 2801 
780 851 852 783 2897 2971 2856 
781 726 731 723 2922 2972 2956 
782 556 580 553 2973 2507 2974 
783 722 724 723 2975 2957 2945 
784 720 722 721 2976 2947 2912 
785 836 839 806 2977 2699 2978 
786 742 802 741 2979 2980 2959 
787 10 474 11 2981 2235 51 
788 552 1140 555 2939 2982 2983 
789 787 805 786 2984 2783 2985 
790 681 686 685 2704 2986 2987 
791 546 569 550 2665 2988 2989 
792 716 718 717 2990 2904 2893 
793 190 1102 472 2991 2992 2993 
794 1008 1010 1009 2994 1778 2995 
795 810 1100 802 2996 2934 2997 
796 1082 1085 1083 2998 2999 2713 
797 855 856 852 2928 3000 2896 
798 844 845 824 2819 3001 2840 
799 726 740 732 2849 2918 2920 
800 742 810 802 3002 2997 2979 
801 633 1133 631 3003 2843 3004 
802 780 786 779 3005 2821 3006 
803 668 670 669 2814 3007 3008 
804 863 1062 1055 2521 2456 3009 
805 705 1190 1118 3010 3011 3012 
806 713 716 715 3013 2894 2838 
807 802 860 804 2935 3014 3015 
808 538 1151 536 3016 3017 3018 
809 483 646 642 3019 2485 3020 
810 823 824 822 2841 3021 2871 
811 1089 1122 686 2800 2676 2703 
812 702 703 701 2759 3022 2836 
813 666 668 667 3023 3024 3025 
814 664 666 665 2791 3026 3027 
815 1026 1060 856 3028 3029 2927 
816 662 664 663 2785 3030 3031 
817 811 812 810 3032 3033 3034 
818 1008 1009 1007 2995 1807 3035 
819 736 738 735 3036 2875 3037 
820 761 1103 831 2936 3038 2852 
821 916 918 812 1471 3039 3040 
822 484 1085 1082 3041 2998 2867 
823 17 437 18 3042 2392 58 
824 948 949 904 1461 1796 3043 
825 671 674 673 3044 3045 3046 
826 965 966 963 3047 3048 3049 
827 821 822 820 2872 3050 2881 
828 860 939 804 3051 3052 3014 
829 660 662 661 3053 3054 3055 
830 842 927 926 3056 1557 2806 
831 263 1105 494 3057 2009 2876 
832 918 919 812 3058 3059 3039 
833 811 916 812 3060 3040 3032 
834 778 779 739 3061 2773 3062 
835 714 815 712 2900 3063 2827 
836 378 1072 377 2660 2705 411 
837 802 804 741 3015 3064 2980 
838 909 1133 633 3065 3003 2832 
839 465 1008 1007 3066 3035 3067 
840 816 820 815 2882 3068 2899 
841 656 658 657 2777 3069 3070 
842 658 660 659 2764 3071 3072 
843 315 484 314 3073 2869 348 
844 935 937 936 3074 3075 3076 
845 742 811 810 3077 3034 3002 
846 549 1175 557 3078 3079 3080 
847 1024 1043 1023 3081 3082 3083 
848 191 1102 190 3084 2991 224 
849 885 1094 886 3085 2730 3086 
850 692 694 690 2862 3087 2858 
851 840 842 841 3088 2807 2878 
852 603 1038 602 1916 3089 3090 
853 564 1188 601 3091 3092 3093 
854 734 735 728 3094 2749 3095 
855 917 1023 916 3096 1634 3097 
856 805 1087 1080 3098 3099 2804 
857 725 727 724 3100 2960 3101 
858 758 1109 756 3102 3103 3104 
859 689 690 687 2859 3105 2891 
860 861 1222 1051 3106 2385 3107 
861 376 1074 375 2729 2722 409 
862 537 1114 543 3108 3109 3110 
863 12 465 13 2263 3111 53 
864 654 656 655 3112 3113 3114 
865 567 604 559 3115 3116 3117 
866 307 456 306 3118 2359 340 
867 806 1087 805 2698 3098 3119 
868 1092 1102 191 1980 3084 3120 
869 710 1089 680 3121 3122 2815 
870 547 1124 542 3123 3124 3125 
871 761 763 762 2854 3126 3127 
872 783 1097 735 3128 2748 2874 
873 634 948 904 3129 3043 3130 
874 883 885 884 2954 3131 3132 
875 591 618 617 3133 3134 3135 
876 601 910 901 3136 1478 3137 
877 671 1104 674 2963 3138 3044 
878 101 457 102 3139 1606 142 
879 680 1089 681 3122 2702 3140 
880 833 834 832 3141 3142 3143 
881 749 764 751 2970 2747 3144 
882 507 1107 380 1974 3145 3146 
883 564 601 600 3093 3147 3148 
884 893 1094 885 3149 3085 2949 
885 192 1092 191 2911 3120 225 
886 1154 1163 731 3150 3151 3152 
887 803 1069 871 3153 3154 2889 
888 863 1055 788 3009 2847 2883 
889 613 1108 200 1721 3155 3156 
890 917 1024 1023 3157 3083 3096 
891 199 471 198 3158 1680 232 
892 379 1107 513 3159 3160 3161 
893 199 1108 471 3162 3163 3158 
894 98 443 99 3164 3165 139 
895 379 513 378 3161 2661 412 
896 381 507 380 3166 3146 414 
897 1086 1112 768 3167 2961 2860 
898 14 451 15 2021 3168 55 
899 769 770 768 3169 2861 3170 
900 380 1107 379 3145 3159 413 
901 771 776 770 3171 2851 3172 
902 305 511 304 2360 3173 338 
903 200 1108 199 3155 3162 233 
904 201 613 200 3174 3156 234 
905 836 840 839 3175 2880 2977 
906 402 578 401 3176 3177 435 
907 811 917 916 3178 3097 3060 
908 239 477 238 3179 3180 272 
909 400 462 399 3181 3182 433 
910 885 886 884 3086 3183 3131 
911 835 837 834 3184 2797 3185 
912 686 687 685 2892 3186 2986 
913 775 867 773 3187 3188 3189 
914 634 904 630 3130 3190 3191 
915 335 579 334 3192 2303 368 
916 740 1131 1111 2466 3193 2916 
917 242 444 241 3194 3195 275 
918 397 450 396 3196 3197 430 
919 754 761 760 2937 3198 3199 
920 767 1109 758 3200 3102 3201 
921 170 614 169 3202 3203 203 
922 562 1124 547 3204 3123 3205 
923 787 806 805 3206 3119 2984 
924 652 654 653 2755 3207 3208 
925 775 1123 867 3209 3210 3187 
926 680 681 678 3140 3211 2943 
927 943 945 944 3212 3213 3214 
928 907 950 906 3215 3216 3217 
929 677 678 675 2944 3218 2966 
930 939 941 940 3219 3220 3221 
931 243 1110 242 3222 3223 276 
932 535 1196 1114 3224 2538 3225 
933 674 1104 1075 3138 2915 2655 
934 945 947 946 3226 3227 3228 
935 552 555 554 2983 3229 3230 
936 941 943 942 3231 3232 3233 
937 745 865 743 2712 3234 3235 
938 535 1114 537 3225 3108 3236 
939 670 671 669 2964 3237 3007 
940 542 1151 538 3238 3016 3239 
941 845 847 846 2757 3240 3241 
942 465 1007 13 3067 2254 3111 
943 242 1110 444 3223 3242 3194 
944 537 543 540 3110 3243 3244 
945 244 486 243 3245 3246 277 
946 753 768 747 3247 2962 3248 
947 1263 1368 1164 3249 3250 3251 
948 780 787 786 3252 2985 3005 
949 396 1121 395 3253 3254 429 
950 847 849 848 2787 3255 3256 
951 722 725 724 3257 3101 2975 
952 947 1063 1050 3258 2414 3259 
953 267 512 266 3260 3261 300 
954 258 499 257 3262 3263 291 
955 736 739 738 3264 3265 3036 
956 245 1113 244 3266 3267 278 
957 650 652 651 3268 3269 3270 
958 778 780 779 3271 3006 3061 
959 852 1097 783 3272 3128 2971 
960 674 675 673 2967 3273 3045 
961 785 829 767 3274 3275 3276 
962 555 587 566 3277 3278 3279 
963 450 1121 396 1854 3253 3197 
964 732 1111 742 2917 3280 2958 
965 647 648 645 2771 3281 2941 
966 962 964 963 3282 3283 2666 
967 668 669 667 3008 3284 3024 
968 666 667 665 3025 3285 3026 
969 664 665 663 3027 3286 3030 
970 865 1162 743 3287 3288 3234 
971 739 1106 738 2772 3289 3265 
972 486 1110 243 3290 3222 3246 
973 527 619 529 3291 3292 3293 
974 246 439 245 3294 3295 279 
975 1060 1061 856 2444 3296 3029 
976 375 491 374 2724 3297 408 
977 734 736 735 3298 3037 3094 
978 854 858 837 3299 3300 3301 
979 374 1119 373 3302 3303 407 
980 373 478 372 3304 3305 406 
981 811 1111 917 3306 3307 3178 
982 571 588 562 3308 3309 3310 
983 662 663 661 3031 3311 3054 
984 1071 1225 698 3312 3313 2669 
985 738 1106 803 3289 3314 2901 
986 395 487 394 3315 3316 428 
987 803 1106 1069 3314 2559 3153 
988 315 1134 484 3317 3318 3073 
989 765 767 758 3319 3201 3320 
990 264 1105 263 3321 3057 297 
991 559 1175 549 3322 3078 3323 
992 660 661 659 3055 3324 3071 
993 458 959 91 3325 2163 2627 
994 953 956 955 3326 1449 2681 
995 725 728 727 3327 2608 3100 
996 711 1127 713 2778 3328 2834 
997 716 737 718 3329 3330 2990 
998 244 1113 486 3267 3331 3245 
999 742 1111 811 3280 3306 3077 
1000 658 659 657 3072 3332 3069 
1001 759 766 765 3333 3334 3335 
1002 561 562 547 3336 3205 3337 
1003 939 940 804 3221 3338 3052 
1004 815 1155 712 3339 3340 3063 
1005 470 1105 264 3341 3321 3342 
1006 1070 1203 1199 2563 3343 3344 
1007 171 1132 170 3345 3346 204 
1008 656 657 655 3070 3347 3113 
1009 772 828 801 3348 3349 3350 
1010 705 1118 703 3012 3351 2737 
1011 394 1120 393 3352 3353 427 
1012 723 1163 721 3354 2652 2946 
1013 741 1154 731 3355 3152 2925 
1014 439 1113 245 3356 3266 3295 
1015 917 1131 1024 3357 2440 3157 
1016 766 1125 765 3358 3359 3334 
1017 915 1015 809 2346 3360 3361 
1018 170 1132 614 3346 3362 3202 
1019 761 762 760 3127 2159 3198 
1020 965 967 966 3363 1467 3047 
1021 395 1121 487 3254 3364 3315 
1022 776 833 832 3365 3143 2923 
1023 316 1134 315 3366 3317 349 
1024 631 634 630 2845 3191 3367 
1025 975 984 589 1931 3368 3369 
1026 710 1155 1089 3370 2798 3121 
1027 1091 1163 1154 2671 3150 3371 
1028 894 895 807 3372 2170 3373 
1029 266 1117 265 3374 3375 299 
1030 785 859 850 3376 3377 3378 
1031 491 1119 374 3379 3302 3297 
1032 752 1135 750 3380 3381 3382 
1033 601 901 600 3137 3383 3147 
1034 190 472 189 2993 3384 223 
1035 859 930 850 3385 3386 3377 
1036 393 438 392 3387 3388 426 
1037 763 792 762 3389 3390 3126 
1038 373 1119 478 3303 2081 3304 
1039 1114 1115 543 3391 3392 3109 
1040 759 765 758 3335 3320 3393 
1041 765 785 767 3394 3276 3319 
1042 698 1231 1095 3395 2375 2646 
1043 962 969 964 3396 3397 3282 
1044 941 942 940 3233 3398 3220 
1045 785 850 829 3378 3399 3274 
1046 248 485 247 3400 3401 281 
1047 746 749 748 3402 3403 3404 
1048 1109 1135 756 3405 3406 3103 
1049 785 1125 859 3407 1599 3376 
1050 943 944 942 3214 3408 3232 
1051 964 965 963 3409 3049 3283 
1052 945 946 944 3228 3410 3213 
1053 1115 1182 1116 3411 3412 2552 
1054 392 1130 391 3413 3414 425 
1055 381 1156 507 3415 3416 3166 
1056 866 1223 1220 3417 3418 2743 
1057 856 1126 852 3419 3420 3000 
1058 951 953 952 3421 2682 2885 
1059 525 1194 527 3422 3423 3424 
1060 567 605 604 3425 3426 3115 
1061 629 631 630 3427 3367 3428 
1062 757 782 759 3429 3430 3431 
1063 852 1126 1097 3420 2570 3272 
1064 753 769 768 3432 3170 3247 
1065 382 1156 381 3433 3415 415 
1066 481 525 524 3434 3435 2472 
1067 765 1125 785 3359 3407 3394 
1068 582 590 583 3436 3437 3438 
1069 759 1137 766 3439 1496 3333 
1070 654 655 653 3114 3440 3207 
1071 512 1117 266 3441 3374 3261 
1072 733 864 789 3442 3443 3444 
1073 487 1120 394 1870 3352 3316 
1074 755 756 752 3445 3446 3447 
1075 172 463 171 1617 3448 205 
1076 1111 1131 917 3193 3357 3307 
1077 757 759 758 3431 3393 3449 
1078 694 697 696 2775 3450 3451 
1079 697 701 700 2837 3452 3453 
1080 769 771 770 3454 3172 3169 
1081 947 1050 946 3259 3455 3227 
1082 1061 1126 856 2536 3419 3296 
1083 757 758 756 3449 3104 3456 
1084 793 1123 775 3457 3209 3458 
1085 391 488 390 3459 3460 424 
1086 749 751 750 3144 3461 3462 
1087 1124 1151 542 3463 3238 3124 
1088 804 1154 741 3464 3355 3064 
1089 713 1127 716 3328 3465 3013 
1090 754 755 752 3466 3447 3467 
1091 777 778 739 3468 3062 3469 
1092 712 1155 710 3340 3370 2839 
1093 964 1145 965 3470 3471 3409 
1094 845 846 824 3241 3472 3001 
1095 1054 1155 815 2811 3339 3473 
1096 676 827 744 3474 3475 3476 
1097 833 835 834 3477 3185 3141 
1098 624 1331 622 1752 3478 2345 
1099 671 673 672 3046 3479 3480 
1100 749 750 748 3462 3481 3403 
1101 751 754 752 2727 3467 3482 
1102 751 752 750 3482 3382 3461 
1103 733 734 728 3483 3095 3484 
1104 629 630 628 3428 3485 3486 
1105 265 470 264 3487 3342 298 
1106 813 836 806 3488 2978 3489 
1107 555 566 565 3279 3490 3491 
1108 720 1158 722 3492 3493 2976 
1109 555 1140 587 2982 3494 3277 
1110 390 1136 389 3495 3496 423 
1111 890 935 934 3497 3498 3499 
1112 857 929 894 3500 3501 3502 
1113 777 830 814 3503 3504 3505 
1114 722 1158 725 3493 3506 3257 
1115 652 653 651 3208 3507 3269 
1116 543 545 540 3508 3509 3243 
1117 716 1127 737 3465 2435 3329 
1118 754 760 755 3199 3510 3466 
1119 942 1091 940 3511 3512 3398 
1120 681 685 684 2987 3513 3514 
1121 822 1144 820 3515 3516 3050 
1122 606 954 599 3517 3518 3519 
1123 881 882 597 3520 3521 2529 
1124 847 848 846 3256 3522 3240 
1125 606 1000 954 3523 1610 3517 
1126 792 857 807 3524 3525 3526 
1127 861 1051 814 3107 3527 3528 
1128 820 1054 815 3529 3473 3068 
1129 393 1120 438 3353 2094 3387 
1130 250 441 249 3530 3531 283 
1131 774 826 781 3532 3533 3534 
1132 736 777 739 3535 3469 3264 
1133 389 442 388 3536 1586 422 
1134 648 650 649 2789 3537 3538 
1135 867 1167 773 3539 3540 3188 
1136 940 1154 804 3541 3464 3338 
1137 791 868 790 3542 3543 3544 
1138 569 1171 550 3545 3546 2988 
1139 676 743 672 3547 3548 3549 
1140 755 757 756 3550 3456 3445 
1141 598 599 563 3551 3552 3553 
1142 725 733 728 3554 3484 3327 
1143 772 1161 828 3555 3556 3348 
1144 526 1193 974 3557 2461 3558 
1145 792 807 762 3526 2005 3390 
1146 317 479 316 3559 3560 350 
1147 905 906 636 3561 3562 3563 
1148 782 1137 759 1824 3439 3430 
1149 561 571 562 3564 3310 3336 
1150 857 894 807 3502 3373 3525 
1151 756 1135 752 3406 3380 3446 
1152 748 753 747 3565 3248 3566 
1153 590 591 583 3567 3568 3437 
1154 571 589 588 3569 3570 3308 
1155 671 672 669 3480 3571 3237 
1156 702 1177 704 2870 2887 2758 
1157 46 447 1 3572 3573 87 
1158 835 854 837 3574 3301 3184 
1159 946 1070 944 3575 3576 3410 
1160 564 600 598 3148 3577 3578 
1161 731 1163 723 3151 3354 2972 
1162 691 790 684 3579 3580 3581 
1163 733 789 734 3444 3582 3483 
1164 675 1142 673 3583 3584 3273 
1165 463 1132 171 3585 3345 3448 
1166 849 1049 848 1545 3586 3255 
1167 746 748 747 3404 3566 3587 
1168 772 798 771 3588 3589 3590 
1169 744 745 743 3591 3235 3592 
1170 965 968 967 3593 3594 3363 
1171 254 1153 253 3595 3596 287 
1172 808 869 793 3597 3598 3599 
1173 595 602 594 3600 2675 3601 
1174 778 1143 780 3602 3603 3271 
1175 965 1145 968 3471 1920 3593 
1176 333 464 332 2305 3604 366 
1177 772 801 798 3350 3605 3588 
1178 769 772 771 3606 3590 3454 
1179 801 897 809 3607 3608 3609 
1180 813 1048 1047 3610 2562 3611 
1181 776 1176 833 3612 3613 3365 
1182 673 676 672 3614 3549 3479 
1183 781 793 775 3615 3458 3616 
1184 897 915 809 3617 3361 3608 
1185 801 809 798 3609 3618 3605 
1186 541 542 538 3619 3239 3620 
1187 438 1130 392 3621 3413 3388 
1188 1099 1193 531 2409 3622 2619 
1189 777 814 778 3505 3623 3468 
1190 548 564 563 3624 3625 3626 
1191 189 1128 188 3627 3628 222 
1192 787 813 806 3629 3489 3206 
1193 253 452 252 3630 1638 286 
1194 549 557 545 3080 3631 3632 
1195 746 747 745 3587 2680 3633 
1196 830 861 814 3634 3528 3504 
1197 808 900 899 3635 3636 3637 
1198 901 1044 600 2250 3638 3383 
1199 681 684 678 3514 3639 3211 
1200 676 744 743 3476 3592 3547 
1201 665 683 663 3640 3641 3286 
1202 526 974 524 3558 3642 3643 
1203 555 565 554 3491 3644 3229 
1204 572 1194 525 3645 3422 3646 
1205 386 454 385 3647 3648 419 
1206 1103 1208 831 3649 3650 3038 
1207 479 1134 316 3651 3366 3560 
1208 598 606 599 3652 3519 3551 
1209 384 1157 383 3653 3654 417 
1210 256 466 255 3655 3656 289 
1211 691 791 790 3657 3544 3579 
1212 694 696 690 3451 3658 3087 
1213 659 695 657 3659 3660 3332 
1214 744 746 745 3661 3633 3591 
1215 840 1046 842 3662 3663 3088 
1216 532 535 534 3664 3665 3666 
1217 1091 1154 940 3371 3541 3512 
1218 725 1158 733 3506 3667 3554 
1219 604 1175 559 3668 3322 3116 
1220 774 775 773 3669 3189 3670 
1221 703 794 701 3671 3672 3022 
1222 265 1117 470 3375 1927 3487 
1223 383 469 382 3673 3674 416 
1224 527 529 528 3293 3675 3676 
1225 750 1148 748 3677 3678 3481 
1226 676 1142 827 3679 3680 3474 
1227 1199 1203 730 3343 3681 3682 
1228 566 615 570 3683 3684 3685 
1229 824 1149 822 3686 3687 3021 
1230 391 1130 488 3414 3688 3459 
1231 883 884 882 3132 3689 3690 
1232 1135 1148 750 3691 3677 3381 
1233 734 1159 736 3692 3693 3298 
1234 685 691 684 3694 3581 3513 
1235 567 1150 605 3695 3696 3425 
1236 813 1047 836 3611 3697 3488 
1237 886 888 887 2888 3698 3699 
1238 650 651 649 3270 3700 3537 
1239 544 547 542 3701 3125 3702 
1240 771 1176 776 3703 3612 3171 
1241 332 1168 331 3704 3705 365 
1242 673 1142 676 3584 3679 3614 
1243 571 896 589 3706 3707 3569 
1244 748 1148 753 3678 3708 3565 
1245 733 1158 864 3667 3709 3442 
1246 548 561 547 3710 3337 3711 
1247 833 870 835 3712 3713 3477 
1248 543 1115 546 3392 2664 3714 
1249 564 598 563 3578 3553 3625 
1250 808 899 869 3637 3715 3597 
1251 558 1204 1182 3716 3717 2696 
1252 1015 1192 809 3718 3719 3360 
1253 896 975 589 1443 3369 3707 
1254 530 531 528 3720 3721 3722 
1255 535 537 536 3236 3723 3724 
1256 1086 1209 1112 2438 3725 3167 
1257 1051 1143 814 3726 3727 3527 
1258 781 808 793 3728 3599 3615 
1259 884 1141 882 3729 3730 3689 
1260 619 1160 529 3731 3732 3292 
1261 789 1159 734 3733 3692 3582 
1262 814 1143 778 3727 3602 3623 
1263 1114 1182 1115 2540 3411 3391 
1264 537 540 538 3244 3734 3735 
1265 539 551 533 3736 2825 3737 
1266 669 1162 667 3738 3739 3284 
1267 774 781 775 3534 3616 3669 
1268 820 1144 1054 3516 2565 3529 
1269 488 1136 390 1835 3495 3460 
1270 777 1159 830 3740 3741 3503 
1271 541 585 544 3742 3743 3744 
1272 627 629 628 3745 3486 3746 
1273 746 1166 749 3747 2968 3402 
1274 700 773 696 3748 3749 3750 
1275 566 570 565 3685 3751 3490 
1276 697 700 696 3453 3750 3450 
1277 764 1210 1208 3752 3753 3754 
1278 627 1152 629 3755 3756 3745 
1279 701 1181 700 3757 3758 3452 
1280 540 541 538 3759 3620 3734 
1281 827 1166 744 3760 3761 3475 
1282 541 544 542 3744 3702 3619 
1283 737 1195 718 3762 3763 3330 
1284 881 883 882 3764 3690 3520 
1285 888 890 889 2692 3765 3766 
1286 318 1146 317 3767 3768 351 
1287 1091 1199 730 3769 3682 2672 
1288 544 548 547 3770 3711 3701 
1289 736 1159 777 3693 3740 3535 
1290 833 1176 870 3613 3771 3712 
1291 548 563 561 3626 3772 3710 
1292 780 1165 787 3773 3774 3252 
1293 472 1128 189 3775 3627 3384 
1294 537 538 536 3735 3018 3723 
1295 719 1203 717 3776 2541 2903 
1296 753 1161 769 3777 3778 3432 
1297 846 1149 824 3779 3686 3472 
1298 937 1012 936 2049 1729 3075 
1299 1213 1217 897 3780 3781 3782 
1300 642 644 643 2545 3783 3784 
1301 560 567 559 3785 3117 3786 
1302 331 490 330 3787 3788 364 
1303 1160 1204 558 3789 3716 3790 
1304 644 645 643 2942 3791 3783 
1305 535 536 534 3724 3792 3665 
1306 678 1170 675 3793 3794 3218 
1307 389 1136 442 3496 3795 3536 
1308 700 774 773 3796 3670 3748 
1309 528 1193 526 3797 3557 3798 
1310 822 1149 1144 3687 2512 3515 
1311 655 784 653 3799 3800 3440 
1312 175 480 174 3801 3802 208 
1313 186 492 185 3803 3804 219 
1314 188 497 187 3805 3806 221 
1315 481 572 525 1687 3646 3434 
1316 534 539 533 3807 3737 3808 
1317 648 649 645 3538 3809 3281 
1318 743 1162 672 3288 3810 3548 
1319 720 1195 1158 3811 3812 3492 
1320 529 530 528 3813 3722 3675 
1321 708 1190 705 3814 3010 2610 
1322 907 951 950 3815 2886 3215 
1323 690 1167 687 3816 3817 3105 
1324 597 1243 574 3818 3819 2314 
1325 570 898 586 3820 3821 3822 
1326 769 1161 772 3778 3555 3606 
1327 672 1162 669 3810 3738 3571 
1328 1176 1192 870 3823 3824 3771 
1329 530 532 531 3825 3826 3720 
1330 543 546 545 3714 3827 3508 
1331 593 594 568 3828 3829 3830 
1332 632 633 631 3831 3004 3832 
1333 532 533 531 3833 2620 3826 
1334 798 1192 1176 3834 3823 3835 
1335 539 552 551 2940 3836 3736 
1336 1148 1161 753 3837 3777 3708 
1337 826 1179 781 2060 3838 3533 
1338 469 1156 382 2157 3433 3674 
1339 629 632 631 3839 3832 3427 
1340 703 1118 794 3351 3840 3671 
1341 529 558 530 3841 3842 3813 
1342 744 1166 746 3761 3747 3661 
1343 798 1176 771 3835 3703 3589 
1344 330 1169 329 3843 3844 363 
1345 582 1191 590 2951 3845 3436 
1346 675 1170 1142 3794 3846 3583 
1347 1143 1165 780 3847 3773 3603 
1348 886 887 884 3699 3848 3183 
1349 651 843 649 3849 3850 3700 
1350 532 534 533 3666 3808 3833 
1351 790 1170 684 3851 3852 3580 
1352 176 1173 175 3853 3854 209 
1353 813 1165 1048 3855 3856 3610 
1354 599 1178 563 3857 3858 3552 
1355 794 1181 701 3859 3757 3672 
1356 527 528 526 3676 3798 3860 
1357 774 1181 826 3861 3862 3532 
1358 787 1165 813 3774 3855 3629 
1359 185 1174 184 3863 3864 218 
1360 581 612 580 3865 2476 3866 
1361 684 1170 678 3852 3793 3639 
1362 561 1178 571 3867 3868 3564 
1363 718 1195 720 3763 3811 2965 
1364 808 1179 900 3869 1486 3635 
1365 1109 1205 1200 3870 3871 3872 
1366 525 527 526 3424 3860 3873 
1367 329 509 328 3874 3875 362 
1368 253 1153 452 3596 1956 3630 
1369 177 496 176 3876 3877 210 
1370 319 489 318 3878 3879 352 
1371 865 1198 1162 3880 3881 3287 
1372 627 628 626 3746 3882 3883 
1373 935 936 934 3076 1439 3498 
1374 527 1194 619 3423 1531 3291 
1375 570 586 565 3822 3884 3751 
1376 905 907 906 3885 3217 3561 
1377 595 603 602 1667 3090 3600 
1378 320 1184 319 3886 3887 353 
1379 791 1214 868 3888 3889 3542 
1380 696 1167 690 3890 3816 3658 
1381 1158 1195 864 3812 3891 3709 
1382 560 592 568 3892 3893 3894 
1383 545 1172 540 3895 3896 3509 
1384 127 500 2 3897 3898 168 
1385 178 1183 177 3899 3900 211 
1386 321 501 320 3901 3902 354 
1387 1229 1236 615 3903 3904 3905 
1388 563 1178 561 3858 3867 3772 
1389 591 617 616 3135 3906 3907 
1390 635 636 633 3908 2833 3909 
1391 183 1185 182 3910 3911 216 
1392 529 1160 558 3732 3790 3841 
1393 653 1180 651 3912 3913 3507 
1394 184 502 183 3914 3915 217 
1395 326 504 325 3916 3917 359 
1396 942 1199 1091 3918 3769 3511 
1397 700 1181 774 3758 3861 3796 
1398 1201 1207 691 3919 3920 3921 
1399 447 576 1 3922 1749 3573 
1400 1230 1232 1048 3923 2561 2430 
1401 571 1178 896 3868 3924 3706 
1402 179 505 178 3925 3926 212 
1403 1208 1210 868 3753 3927 3928 
1404 182 1187 181 3929 3930 215 
1405 781 1179 808 3838 3869 3728 
1406 1151 1197 536 3931 3932 3017 
1407 540 1172 541 3896 3933 3759 
1408 464 1168 332 3934 3704 3604 
1409 557 1172 545 3935 3895 3631 
1410 593 902 595 2294 1992 3936 
1411 324 1186 323 3937 3938 357 
1412 550 559 549 3939 3323 3940 
1413 525 526 524 3873 3643 3435 
1414 799 1190 708 3941 3814 2820 
1415 323 510 322 3942 3943 356 
1416 181 508 180 3944 3945 214 
1417 383 1157 469 3654 3946 3673 
1418 667 1198 665 3947 3948 3285 
1419 546 549 545 3949 3632 3827 
1420 665 1198 683 3948 3950 3640 
1421 560 1171 592 3951 3952 3892 
1422 548 1188 564 3953 3091 3624 
1423 829 1205 767 3954 3955 3275 
1424 1070 1199 944 3344 3956 3576 
1425 317 1146 479 3768 3957 3559 
1426 539 1197 1140 3958 3959 2938 
1427 541 1172 585 3933 3960 3742 
1428 809 1192 798 3719 3834 3618 
1429 645 1164 643 3961 3962 3791 
1430 1162 1198 667 3881 3947 3739 
1431 773 1167 696 3540 3890 3749 
1432 560 568 567 3894 3963 3785 
1433 568 1150 567 3964 3695 3963 
1434 649 1164 645 3965 3961 3809 
1435 581 1206 612 3966 3967 3865 
1436 1200 1205 828 3871 3968 3969 
1437 1062 1211 737 2520 3970 2436 
1438 552 554 553 3230 3971 3972 
1439 629 1152 632 3756 3973 3839 
1440 875 879 799 1584 3974 2829 
1441 617 640 639 3975 3976 3977 
1442 591 616 583 3907 3978 3568 
1443 1070 1216 729 3979 2601 2564 
1444 609 627 626 3980 3883 3981 
1445 958 977 956 2420 1887 3982 
1446 887 1141 884 3983 3729 3848 
1447 685 1201 691 3984 3921 3694 
1448 544 1188 548 3985 3953 3770 
1449 536 1197 534 3932 3986 3792 
1450 594 1150 568 2781 3964 3829 
1451 26 506 27 3987 3988 67 
1452 585 1188 544 3989 3985 3743 
1453 188 1128 497 3628 2035 3805 
1454 531 1193 528 3622 3797 3721 
1455 1214 1226 838 3990 3991 2644 
1456 550 560 559 3992 3786 3939 
1457 593 595 594 3936 3601 3828 
1458 534 1197 539 3986 3958 3807 
1459 546 550 549 2989 3940 3949 
1460 868 1202 790 3993 3994 3543 
1461 565 1189 554 3995 3996 3644 
1462 867 1201 1167 3997 3998 3539 
1463 651 1180 843 3913 3999 3849 
1464 888 889 887 3766 4000 3698 
1465 331 1168 490 3705 1580 3787 
1466 556 581 580 4001 3866 2973 
1467 1109 1200 1135 3872 4002 3405 
1468 944 1199 942 3956 3918 3408 
1469 609 626 625 3981 4003 4004 
1470 532 1196 535 4005 3224 3664 
1471 784 1180 653 4006 3912 3800 
1472 890 934 889 3499 4007 3765 
1473 861 1238 1221 4008 2525 4009 
1474 1146 1147 479 4010 4011 3957 
1475 592 593 568 2288 3830 3893 
1476 582 583 581 3438 4012 4013 
1477 1167 1201 687 3998 4014 3817 
1478 583 1206 581 4015 3966 4012 
1479 1198 1209 683 4016 2500 3950 
1480 829 1217 1213 4017 3780 4018 
1481 687 1201 685 4014 3984 3186 
1482 556 1189 582 4019 2952 4020 
1483 552 553 551 3972 2460 3836 
1484 843 1164 649 4021 3965 3850 
1485 1161 1200 828 4022 3969 3556 
1486 530 1196 532 4023 4005 3825 
1487 868 1210 1202 3927 4024 3993 
1488 1166 1210 764 4025 3752 2969 
1489 635 905 636 4026 3563 3908 
1490 554 556 553 4027 2974 3971 
1491 490 1169 330 2276 3843 3788 
1492 866 1228 1223 4028 2863 3417 
1493 666 1221 668 4029 4030 3023 
1494 632 635 633 4031 3909 3831 
1495 558 1196 530 2695 4023 3842 
1496 1148 1200 1161 4032 4022 3837 
1497 1221 1222 861 4033 3106 4009 
1498 175 1173 480 3854 2240 3801 
1499 1170 1202 1142 4034 4035 3846 
1500 1135 1200 1148 4002 4032 3691 
1501 489 1146 318 4036 3767 3879 
1502 953 958 956 4037 3982 3326 
1503 492 1174 185 4038 3863 3804 
1504 730 1203 719 3681 3776 2908 
1505 609 625 608 4004 2215 4039 
1506 801 1213 897 4040 3782 3607 
1507 550 1171 560 3546 3951 3992 
1508 1225 1231 698 4041 3395 3313 
1509 554 1189 556 3996 4019 4027 
1510 790 1202 1170 3994 4034 3851 
1511 617 639 616 3977 4042 3906 
1512 867 1207 1201 4043 3919 3997 
1513 610 611 447 4044 4045 4046 
1514 329 1169 509 3844 4047 3874 
1515 496 1173 176 1967 3853 3877 
1516 586 1189 565 2933 3995 3884 
1517 946 1216 1070 4048 3979 3575 
1518 1076 1220 683 2744 4049 2501 
1519 865 1209 1198 4050 4016 3880 
1520 868 1214 1208 3889 4051 3928 
1521 24 931 482 1997 4052 2468 
1522 556 582 581 4020 4013 4001 
1523 1001 1212 1053 1657 2584 2488 
1524 184 1174 502 3864 1712 3914 
1525 319 1184 489 3887 4053 3878 
1526 177 1183 496 3900 2088 3876 
1527 483 642 641 3020 4054 4055 
1528 1142 1202 827 4035 4056 3680 
1529 501 1184 320 4057 3886 3902 
1530 1202 1210 827 4024 4058 4056 
1531 1123 1207 867 4059 4043 3210 
1532 1208 1214 831 4051 2643 3650 
1533 505 1183 178 1899 3899 3926 
1534 502 1185 183 2220 3910 3915 
1535 588 1224 562 4060 4061 3309 
1536 1059 1237 1235 4062 2719 4063 
1537 1185 1187 182 4064 3929 3911 
1538 610 620 611 4065 2335 4044 
1539 764 1208 1103 3754 3649 2746 
1540 181 1187 508 3930 4066 3944 
1541 323 1186 510 3938 2382 3942 
1542 767 1205 1109 3955 3870 3200 
1543 1059 1235 695 4063 4067 2496 
1544 834 1228 832 2451 4068 3142 
1545 879 1190 799 4069 3941 3974 
1546 1112 1209 865 3725 4050 2711 
1547 1151 1219 1197 4070 4071 3931 
1548 828 1213 801 4072 4040 3349 
1549 642 643 641 3784 4073 4054 
1550 660 1230 662 4074 4075 3053 
1551 1197 1219 1140 4071 4076 3959 
1552 691 1207 791 3920 4077 3657 
1553 683 1220 663 4049 4078 3641 
1554 1182 1204 1116 3717 1701 3412 
1555 514 621 8 2955 1897 2426 
1556 737 1211 1195 3970 4079 3762 
1557 829 1213 1205 4018 4080 3954 
1558 654 1233 656 2427 4081 3112 
1559 46 610 447 4082 4046 3572 
1560 827 1210 1166 4058 4025 3760 
1561 1159 1218 830 4083 4084 3741 
1562 659 1223 695 4085 2864 3659 
1563 864 1215 789 4086 4087 3443 
1564 1050 1216 946 2453 4048 3455 
1565 1195 1211 864 4079 4088 3891 
1566 846 1225 1149 4089 4090 3779 
1567 500 577 2 4091 1522 3898 
1568 1211 1215 864 2569 4086 4088 
1569 850 1217 829 4092 4017 3399 
1570 616 1206 583 4093 4015 3978 
1571 1215 1218 789 2535 4094 4087 
1572 566 1229 615 4095 3905 3683 
1573 858 1237 837 4096 4097 3300 
1574 1205 1213 828 4080 4072 3968 
1575 789 1218 1159 4094 4083 3733 
1576 1149 1225 1071 4090 3312 2513 
1577 127 607 500 4098 4099 3897 
1578 1051 1227 1143 2537 4100 3726 
1579 1047 1234 836 2424 4101 3697 
1580 607 609 608 4102 4039 4103 
1581 588 1236 1229 4104 3903 4105 
1582 984 1236 589 4106 4107 3368 
1583 1124 1219 1151 4108 4070 3463 
1584 1140 1219 587 4076 4109 3494 
1585 840 1234 1046 4110 2383 3662 
1586 695 1235 657 4067 4111 3660 
1587 679 1238 862 2526 4112 2822 
1588 1124 1224 1219 4113 4114 4108 
1589 607 608 500 4103 4115 4099 
1590 663 1220 661 4078 4116 3311 
1591 506 573 27 4117 1563 3988 
1592 1219 1224 587 4114 4118 4109 
1593 465 1332 1008 4119 1526 3066 
1594 668 1221 679 4030 2527 2812 
1595 1218 1238 830 4120 4121 4084 
1596 655 1235 784 4122 2721 3799 
1597 1165 1227 1048 4123 2431 3856 
1598 666 1222 1221 2790 4033 4029 
1599 26 584 506 2112 2104 3987 
1600 483 641 89 4055 2269 2547 
1601 661 1223 659 4124 4085 3324 
1602 1220 1223 661 3418 4124 4116 
1603 869 1241 1240 4125 4126 4127 
1604 792 1242 857 4128 4129 3524 
1605 506 575 573 1665 1579 4117 
1606 848 1225 846 4130 4089 3522 
1607 562 1224 1124 4061 4113 3204 
1608 869 1240 793 4127 4131 3598 
1609 862 1238 1218 4112 4120 2534 
1610 832 1228 866 4068 4028 2765 
1611 763 1241 792 4132 4133 3389 
1612 1123 1226 1207 4134 4135 4059 
1613 1143 1227 1165 4100 4123 3847 
1614 1207 1226 791 4135 4136 4077 
1615 588 1229 1224 4105 4137 4060 
1616 587 1229 566 4138 4095 3278 
1617 662 1230 688 4075 2464 2784 
1618 848 1231 1225 4139 4041 4130 
1619 660 1232 1230 2763 3923 4074 
1620 791 1226 1214 4136 3990 3888 
1621 1049 1231 848 2432 4139 3586 
1622 656 1233 699 4081 2419 2776 
1623 836 1234 840 4101 4110 3175 
1624 657 1235 655 4111 4122 3347 
1625 784 1239 1180 4140 4141 4006 
1626 1226 1240 838 4142 4143 3991 
1627 1241 1242 792 4144 4128 4133 
1628 589 1236 588 4107 4104 3570 
1629 837 1237 1059 4097 4062 2796 
1630 843 1263 1164 4145 3251 4021 
1631 1123 1240 1226 4146 4142 4134 
1632 1224 1229 587 4137 4138 4118 
1633 830 1238 861 4121 4008 3634 
1634 858 1239 1237 1619 4147 4096 
1635 1240 1241 838 4126 4148 4143 
1636 1237 1239 784 4147 4140 2720 
1637 793 1240 1123 4131 4146 3457 
1638 838 1241 763 4148 4132 2898 
1639 882 1243 597 4149 3818 3521 
1640 1028 1296 709 1632 4150 1724 
1641 899 1242 869 4151 4152 3715 
1642 513 1245 1072 4153 4154 2659 
1643 869 1242 1241 4152 4144 4125 
1644 248 1244 485 4155 2193 3400 
1645 441 1244 249 2106 4156 3531 
1646 874 1412 1253 4157 2166 4158 
1647 262 1246 261 4159 4160 295 
1648 471 1259 1044 4161 4162 1679 
1649 1073 1403 1288 2350 4163 1520 
1650 9 1401 10 2316 4164 50 
1651 881 1247 883 4165 4166 3764 
1652 904 1248 630 1646 4167 3190 
1653 1141 1243 882 1707 4149 3730 
1654 810 1251 1100 4168 1675 2996 
1655 919 1251 812 1705 4169 3059 
1656 1001 1423 453 4170 2336 1658 
1657 249 1244 248 4156 4155 282 
1658 1072 1245 1073 4154 2351 2649 
1659 1083 1374 459 4171 1542 2714 
1660 978 1404 907 2273 4172 4173 
1661 494 1246 262 1883 4159 2877 
1662 1257 1319 1186 2344 4174 4175 
1663 647 1253 1096 4176 4177 2770 
1664 859 1320 930 2014 4178 3385 
1665 883 1247 892 4166 1560 2953 
1666 857 1255 929 4179 4180 3500 
1667 1275 1359 1169 4181 4182 2275 
1668 29 1355 473 4183 1975 2510 
1669 485 1266 1065 2192 4184 4185 
1670 630 1248 628 4167 4186 3485 
1671 927 1262 1045 4187 2323 2237 
1672 1129 1261 497 4188 4189 2249 
1673 111 1250 112 2147 2202 152 
1674 251 1254 250 1972 4190 284 
1675 455 1300 1092 4191 1738 2910 
1676 812 1251 810 4169 4168 3033 
1677 1045 1265 797 2322 4192 2245 
1678 475 1391 1336 4193 2317 1812 
1679 11 1252 12 2234 2261 52 
1680 1139 1267 760 2144 4194 2158 
1681 992 1300 455 1909 4191 2191 
1682 1065 1266 1064 4184 4195 2742 
1683 706 1262 1046 2180 4196 2366 
1684 1034 1429 476 1643 2295 1817 
1685 491 1311 1119 4197 2196 3379 
1686 839 1260 1087 4198 4199 2697 
1687 879 1383 1376 1583 1802 4200 
1688 1022 1260 841 2226 4201 2709 
1689 907 1391 978 4202 4203 4173 
1690 509 1258 328 1575 4204 3875 
1691 1044 1259 600 4162 4205 3638 
1692 504 1257 325 2232 4206 3917 
1693 324 1257 1186 4207 4175 3937 
1694 598 1259 606 4208 4209 3652 
1695 842 1262 927 4210 4187 3056 
1696 186 1261 492 4211 4212 3803 
1697 497 1261 187 4189 4213 3806 
1698 899 1255 1242 4214 4215 4151 
1699 844 1266 1003 4216 2142 2818 
1700 652 1265 706 4217 2178 2754 
1701 797 1265 650 4192 4218 2788 
1702 874 1253 647 4158 4176 2622 
1703 1010 1299 1137 4219 1489 1823 
1704 757 1267 782 4220 2051 3429 
1705 760 1267 755 4194 4221 3510 
1706 237 1273 236 4222 4223 270 
1707 304 1269 303 4224 4225 337 
1708 268 1270 267 4226 4227 301 
1709 926 1314 1022 1773 1789 2708 
1710 928 1326 454 1477 4228 1827 
1711 451 1256 15 4229 2690 3168 
1712 627 1271 1152 4230 2370 3755 
1713 607 1271 609 4231 4232 4102 
1714 910 1287 912 4233 2270 2229 
1715 477 1272 238 1682 4234 3180 
1716 459 1274 312 1540 4235 2734 
1717 854 1370 858 2125 1630 3299 
1718 173 1297 1068 4236 4237 1847 
1719 311 1274 1090 4238 1662 2792 
1720 636 1275 909 4239 1768 2831 
1721 981 1264 980 4240 4241 2253 
1722 851 1277 855 4242 4243 2895 
1723 794 1276 1181 4244 4245 3859 
1724 1101 1420 240 2174 4246 4247 
1725 1353 1386 1206 4248 4249 4250 
1726 966 1278 963 1751 4251 3048 
1727 611 1268 447 2076 4252 4045 
1728 321 1281 501 4253 4254 3901 
1729 510 1281 322 2394 4255 3943 
1730 578 1283 401 4256 4257 3177 
1731 400 1283 462 4258 1753 3181 
1732 250 1254 441 4190 1893 3530 
1733 100 1366 101 1736 4259 141 
1734 980 1264 983 4241 4260 2352 
1735 922 1278 921 4261 1602 2302 
1736 1242 1255 857 4215 4179 4129 
1737 1025 1371 640 4262 4263 4264 
1738 179 1285 505 4265 2111 3925 
1739 508 1285 180 1862 4266 3945 
1740 850 1284 1217 4267 1876 4092 
1741 601 1287 910 4268 4233 3136 
1742 1065 1291 485 4269 4270 4185 
1743 1421 1428 443 4271 1944 4272 
1744 605 1300 604 1739 1908 3426 
1745 585 1287 1188 2058 4273 3989 
1746 1172 1286 585 4274 2059 3960 
1747 515 1352 119 2063 4275 2606 
1748 1250 1353 639 2217 4276 4277 
1749 458 1368 1263 4278 3249 4279 
1750 1405 1434 937 1890 2205 4280 
1751 608 1288 500 1521 4281 4115 
1752 929 1256 894 1763 4282 3501 
1753 1264 1397 1334 4283 4284 4285 
1754 835 1289 854 4286 1928 3574 
1755 121 1400 495 4287 4288 2621 
1756 246 1291 439 4289 4290 3294 
1757 473 1293 938 2098 2085 2884 
1758 485 1291 247 4270 4291 3401 
1759 520 1292 259 1839 4292 2578 
1760 1008 1299 1010 1528 4219 2994 
1761 258 1292 499 4293 1977 3262 
1762 855 1377 1026 4294 2117 2926 
1763 325 1257 324 4206 4207 358 
1764 328 1258 327 4204 4295 361 
1765 38 1437 39 4296 1990 79 
1766 600 1259 598 4205 4208 3577 
1767 1246 1307 261 4297 4298 4160 
1768 889 1293 887 1919 4299 4000 
1769 841 1260 839 4201 4198 2879 
1770 1250 1371 498 4300 4301 2203 
1771 1016 1438 954 4302 4303 1678 
1772 187 1261 186 4213 4211 220 
1773 1046 1262 842 4196 4210 3663 
1774 896 1438 1016 4304 4302 1445 
1775 440 1395 96 2247 4305 2914 
1776 443 1414 99 4306 4307 3165 
1777 1118 1290 794 1685 4308 3840 
1778 709 1296 707 4150 4309 2740 
1779 795 1296 873 4310 1587 2907 
1780 570 1295 898 4311 1674 3820 
1781 98 1421 443 4312 4272 3164 
1782 174 1297 173 4313 4236 207 
1783 1291 1315 439 4314 4315 4290 
1784 1021 1301 1018 1829 4316 2514 
1785 16 1410 17 1844 4317 57 
1786 646 1302 1058 4318 2115 2532 
1787 1064 1266 844 4195 4216 2368 
1788 1087 1363 1080 4319 2206 3099 
1789 447 1268 576 4252 4320 3922 
1790 126 1422 127 4321 4322 167 
1791 88 1302 483 1535 4323 2546 
1792 458 1263 959 4279 1730 3325 
1793 1133 1303 634 4324 4325 2844 
1794 924 1307 1246 4326 4297 2281 
1795 1264 1334 983 4285 4327 4260 
1796 127 1422 607 4322 4328 4098 
1797 260 1307 520 4329 4330 2577 
1798 989 1264 981 4331 4240 2463 
1799 398 1350 1043 4332 4333 4334 
1800 1042 1280 461 4335 4336 1595 
1801 794 1290 1276 4308 4337 4244 
1802 1026 1309 1060 2321 4338 3028 
1803 650 1265 652 4218 4217 3268 
1804 1400 1417 495 4339 4340 4288 
1805 755 1267 757 4221 4220 3550 
1806 606 1373 1000 4341 2018 3523 
1807 196 1310 445 4342 1564 2865 
1808 1024 1309 1043 4343 4344 3081 
1809 1160 1268 1204 4345 2075 3789 
1810 1081 1316 1069 4346 4347 2505 
1811 1056 1317 874 4348 4349 2585 
1812 640 1312 1025 1842 2326 4264 
1813 472 1436 1345 4350 4351 4352 
1814 386 1314 454 4353 1772 3647 
1815 495 1417 1404 4340 2378 2272 
1816 574 1355 28 4354 4355 1493 
1817 491 1380 1311 4356 4357 4197 
1818 880 1329 881 1513 4358 2528 
1819 511 1269 304 1759 4224 3173 
1820 267 1270 512 4227 4359 3260 
1821 878 1318 1037 4360 2008 2816 
1822 945 1335 947 4361 4362 3226 
1823 1078 1318 877 1785 4363 2604 
1824 947 1315 1063 4364 4365 3258 
1825 609 1271 627 4232 4230 3980 
1826 969 1321 964 1996 4366 3397 
1827 1080 1324 1079 2214 4367 2805 
1828 238 1272 237 4234 4368 271 
1829 617 1325 640 4369 1840 3975 
1830 482 1396 1035 4370 4371 4372 
1831 1129 1322 983 1851 4373 4374 
1832 454 1326 385 4228 4375 3648 
1833 384 1326 1157 4376 1476 3653 
1834 906 1275 636 4377 4239 3562 
1835 312 1274 311 4235 4238 345 
1836 1153 1392 933 4378 2091 1524 
1837 1036 1427 584 4379 2103 1696 
1838 1181 1276 826 4245 1923 3862 
1839 871 1277 851 1507 4242 2890 
1840 1185 1313 1187 1577 4380 4064 
1841 988 1330 989 4381 1797 2462 
1842 860 1328 939 4382 2028 3051 
1843 1043 1418 398 4383 4384 4334 
1844 1345 1436 1002 4351 4385 4386 
1845 1002 1333 1150 4387 4388 2780 
1846 1248 1311 628 2197 4389 4186 
1847 911 1323 445 4390 4391 1811 
1848 984 1327 1236 2113 4392 4106 
1849 963 1278 922 4251 4261 2667 
1850 18 1279 19 2391 1856 59 
1851 1191 1374 1083 4393 4171 4394 
1852 371 1305 370 1760 4395 404 
1853 1107 1346 513 2096 4396 3160 
1854 610 1280 620 4397 4398 4065 
1855 891 1337 890 1961 4399 2691 
1856 1030 1358 515 4400 2131 2508 
1857 322 1281 321 4255 4253 355 
1858 1096 1282 797 4401 2244 2688 
1859 635 1336 905 4402 2319 4026 
1860 499 1338 257 1801 4403 3263 
1861 256 1338 466 4404 2328 3655 
1862 489 1339 1146 4405 4406 4036 
1863 960 1347 1239 1820 4407 1618 
1864 401 1283 400 4257 4258 434 
1865 1015 1340 1192 2299 4408 3718 
1866 522 1342 1074 4409 2068 2728 
1867 948 1303 1052 4410 4411 1787 
1868 1052 1303 464 4411 4412 2304 
1869 945 1357 1335 4413 4414 4361 
1870 1184 1399 489 2172 4415 4053 
1871 1038 1345 602 2311 4416 3089 
1872 638 1304 623 4417 2128 1782 
1873 514 1351 908 4418 4419 2497 
1874 326 1344 504 4420 1969 3916 
1875 399 1350 398 4421 4332 432 
1876 1152 1349 632 1572 4422 3973 
1877 899 1390 1255 4423 4424 4214 
1878 448 1356 309 2139 4425 2761 
1879 463 1367 1132 4426 4427 3585 
1880 616 1353 1206 4428 4250 4093 
1881 1284 1414 443 4429 4306 1877 
1882 930 1284 850 4430 4267 3386 
1883 180 1285 179 4266 4265 213 
1884 1239 1347 1180 4407 4431 4141 
1885 1077 1369 1078 4432 2356 2603 
1886 1134 1364 484 2073 4433 3318 
1887 1147 1361 479 4434 4435 4011 
1888 933 1369 872 2083 4436 2715 
1889 1037 1298 1036 1885 4437 2817 
1890 643 1368 641 4438 4439 4073 
1891 1320 1366 930 4440 1735 4178 
1892 108 1416 453 4441 2184 2434 
1893 1190 1376 1118 4442 1683 3011 
1894 569 1381 1171 4443 2042 3545 
1895 557 1286 1172 4444 4274 3935 
1896 1188 1287 601 4273 4268 3092 
1897 586 1374 1191 4445 4393 2931 
1898 307 1384 456 4446 2348 3118 
1899 1255 1410 929 4447 1843 4180 
1900 961 1382 962 2023 4448 2448 
1901 372 1385 371 4449 1770 405 
1902 4 1387 201 4450 4451 235 
1903 303 1387 4 4452 4450 336 
1904 5 1388 402 4453 4454 436 
1905 236 1388 5 4455 4453 269 
1906 3 1389 268 4456 4457 302 
1907 169 1389 3 4458 4456 202 
1908 954 1438 599 4303 4459 3518 
1909 1035 1396 876 4371 4460 2595 
1910 254 1392 1153 4461 4378 3595 
1911 466 1392 255 2092 4462 3656 
1912 1068 1297 891 4237 1962 2589 
1913 931 1396 482 2127 4370 4052 
1914 1178 1438 896 4463 4304 3924 
1915 194 1398 193 1958 4464 227 
1916 1067 1425 1068 4465 2038 2588 
1917 444 1424 241 4466 4467 3195 
1918 500 1288 577 4281 4468 4091 
1919 240 1420 239 4246 4469 273 
1920 398 1418 397 4384 4470 431 
1921 524 1416 107 4471 4472 2473 
1922 107 1416 108 4472 4441 148 
1923 951 1417 953 2379 4473 3421 
1924 1217 1428 897 1945 4474 3781 
1925 1276 1290 972 4337 1911 2135 
1926 1255 1390 437 4424 4475 4476 
1927 451 1354 1256 2033 4477 4229 
1928 1194 1365 908 4478 4479 1533 
1929 870 1289 835 4480 4286 3713 
1930 1252 1332 465 4481 4119 2262 
1931 1272 1273 237 2138 4222 4368 
1932 943 1357 945 4482 4413 3212 
1933 1331 1401 622 4483 2315 3478 
1934 247 1291 246 4291 4289 280 
1935 45 1430 46 4484 4485 86 
1936 604 1409 1175 1999 4486 3668 
1937 259 1292 258 4292 4293 292 
1938 512 1402 1117 4487 1814 3441 
1939 983 1334 1129 4327 4488 4374 
1940 46 1430 610 4485 4489 4082 
1941 909 1375 1133 2195 4490 3065 
1942 1040 1423 612 2339 4491 4492 
1943 1065 1315 1291 4493 4314 4269 
1944 498 1371 1025 4301 4262 2530 
1945 947 1335 1315 4362 4494 4364 
1946 887 1293 1141 4299 2097 3983 
1947 1256 1354 894 4477 4495 4282 
1948 463 1425 1367 2039 4496 4426 
1949 1258 1344 327 2224 4497 4295 
1950 195 1323 194 4498 1963 228 
1951 437 1410 1255 4499 4447 4476 
1952 578 1407 1283 4500 4501 4256 
1953 943 1379 1357 4502 4503 4482 
1954 445 1323 195 4391 4498 2866 
1955 467 1386 1353 2228 4248 2216 
1956 470 1329 1105 4504 1512 3341 
1957 934 1348 889 1994 1917 4007 
1958 615 1295 570 4505 4311 3684 
1959 1169 1359 509 4182 2066 4047 
1960 707 1296 795 4309 4310 2657 
1961 480 1297 174 2150 4313 3802 
1962 1023 1350 462 4506 4507 1635 
1963 968 1332 967 1555 4508 3594 
1964 1018 1301 1019 4316 4509 2548 
1965 766 1321 1125 2307 1995 3358 
1966 483 1302 646 4323 4318 3019 
1967 1247 1329 470 4510 4504 1926 
1968 634 1303 948 4325 4410 3129 
1969 906 1359 1275 4511 4181 4377 
1970 240 1424 1101 4512 4513 4247 
1971 1186 1319 1249 4174 4514 2381 
1972 261 1307 260 4298 4329 294 
1973 1074 1380 491 2154 4356 2723 
1974 619 1419 1160 4515 4516 3731 
1975 592 1343 1042 4517 4518 2286 
1976 967 1332 1252 4508 4481 1845 
1977 1060 1309 1024 4338 4343 2442 
1978 572 1365 1194 4519 4478 3645 
1979 1130 1324 488 4520 2213 3688 
1980 557 1341 1286 4521 2077 4444 
1981 197 1310 196 1627 4342 230 
1982 941 1379 943 4522 4502 3231 
1983 612 1423 1001 4491 4170 2474 
1984 908 1351 1294 4419 4523 1532 
1985 870 1340 1289 4524 1733 4480 
1986 472 1345 1128 4352 2310 3775 
1987 628 1311 626 4389 4525 3882 
1988 1063 1315 1065 4365 4493 2741 
1989 387 1314 386 1790 4353 420 
1990 1130 1431 1324 4526 4527 4520 
1991 615 1327 1295 4528 1647 4505 
1992 1069 1316 871 4347 1592 3154 
1993 1057 1317 1056 1745 4348 2494 
1994 1171 1343 592 2102 4517 3952 
1995 877 1318 878 4363 4360 2581 
1996 612 1386 1040 4529 2227 4492 
1997 591 1415 618 4530 4531 3133 
1998 893 1426 1367 4532 4533 4534 
1999 941 1408 1379 4535 4536 4522 
2000 639 1371 1250 4537 4300 4277 
2001 964 1321 1145 4366 2306 3470 
2002 1306 1426 893 2297 4532 4538 
2003 983 1322 982 4373 2041 2353 
2004 1147 1339 1312 4539 4540 1875 
2005 1035 1362 482 1849 4541 4372 
2006 1324 1431 1081 4527 4542 4543 
2007 932 1323 911 1964 4390 2413 
2008 1328 1424 444 4544 4466 2029 
2009 1079 1324 1081 4367 4543 2662 
2010 618 1325 617 4545 4369 3134 
2011 437 1390 1279 4475 4546 2390 
2012 1283 1407 918 4501 4547 1754 
2013 385 1326 384 4375 4376 418 
2014 1249 1319 1030 4514 4548 1947 
2015 1325 1361 1147 4549 4434 1874 
2016 28 1355 29 4355 4183 69 
2017 892 1402 893 1815 4550 2948 
2018 1298 1427 1036 4551 4379 4437 
2019 6 1411 335 4552 4553 369 
2020 370 1411 6 4554 4552 403 
2021 930 1414 1284 1743 4429 4430 
2022 1033 1429 902 2296 1991 1498 
2023 991 1330 988 1551 4381 2572 
2024 1101 1328 860 4555 4382 2929 
2025 881 1329 1247 4358 4510 4165 
2026 1133 1375 1303 4490 4556 4324 
2027 907 1404 951 4172 2380 3815 
2028 1187 1372 508 4557 4558 4066 
2029 1236 1327 615 4392 4528 3904 
2030 1270 1306 512 2298 4559 4359 
2031 939 1408 941 2134 4535 3219 
2032 843 1347 1263 4560 1819 4145 
2033 1150 1333 605 4388 1607 3696 
2034 957 1358 1319 2357 4561 2343 
2035 1261 1334 492 4562 4563 4212 
2036 439 1335 1113 4564 4565 3356 
2037 1334 1397 492 4284 4566 4563 
2038 1096 1360 1282 4567 2330 4401 
2039 1253 1360 1096 4568 4567 4177 
2040 1108 1373 471 2019 4569 3163 
2041 1352 1400 120 2404 4570 4571 
2042 1273 1407 578 2265 4500 4572 
2043 489 1399 1339 4415 4573 4405 
2044 1058 1346 1057 4574 2095 2533 
2045 890 1337 935 4399 4575 3497 
2046 1311 1380 626 4357 4576 4525 
2047 482 1362 25 4541 2107 2469 
2048 257 1338 256 4403 4404 290 
2049 1146 1339 1147 4406 4539 4010 
2050 1206 1386 612 4249 4529 3967 
2051 1245 1346 1058 4577 4574 4578 
2052 1129 1334 1261 4488 4562 4188 
2053 1335 1357 1113 4414 4579 4565 
2054 1192 1340 870 4408 4524 3824 
2055 1041 1394 501 1950 4580 4581 
2056 1175 1341 557 4582 4521 3079 
2057 469 1360 1253 4583 4568 2155 
2058 1294 1419 619 4584 4515 1530 
2059 1073 1342 522 1510 4409 2650 
2060 1121 1377 487 2118 4585 3364 
2061 1315 1335 439 4494 4564 4315 
2062 1042 1343 1280 4518 4586 4335 
2063 925 1427 1298 1660 4551 4587 
2064 327 1344 326 4497 4420 360 
2065 602 1345 1002 4416 4386 2673 
2066 513 1346 1245 4396 4577 4153 
2067 1043 1350 1023 4333 4506 3082 
2068 7 1351 514 1776 4418 2425 
2069 1180 1347 843 4431 4560 3999 
2070 632 1349 635 4422 4588 4031 
2071 462 1350 399 4507 4421 3182 
2072 1174 1397 989 4589 4590 1713 
2073 119 1352 120 4275 4571 160 
2074 1309 1418 1043 4591 4383 4344 
2075 639 1353 616 4276 4428 4042 
2076 461 1430 45 4592 4484 2482 
2077 894 1354 895 4495 1691 3372 
2078 309 1356 308 4425 4593 342 
2079 1113 1357 486 4579 4594 3331 
2080 1395 1421 97 2333 4595 4596 
2081 1307 1378 520 4597 4598 4330 
2082 501 1432 1041 4599 2308 4581 
2083 950 1359 906 2067 4511 3216 
2084 1136 1363 442 2207 4600 3795 
2085 471 1373 1259 4569 4601 4161 
2086 572 1413 1365 1686 2109 4519 
2087 1157 1360 469 2331 4583 3946 
2088 1243 1355 574 1976 4354 3819 
2089 1312 1339 997 4540 4602 2327 
2090 1260 1363 1087 4603 4319 4199 
2091 1337 1405 935 2165 4604 4575 
2092 479 1361 1134 4435 2074 3651 
2093 501 1394 1184 4580 2233 4057 
2094 468 1422 126 4605 4321 2455 
2095 908 1365 637 4479 2031 2498 
2096 484 1364 1085 4433 4606 3041 
2097 101 1366 457 4259 4607 3139 
2098 893 1367 1094 4534 4608 3149 
2099 1294 1351 576 4523 1747 4609 
2100 872 1369 1077 4436 4432 2706 
2101 1164 1368 643 3250 4438 3962 
2102 1357 1379 486 4503 4610 4594 
2103 449 1370 998 2257 2124 2919 
2104 1356 1384 308 1940 4611 4593 
2105 640 1371 639 4263 4537 3976 
2106 1273 1388 236 4612 4455 4223 
2107 1269 1387 303 4613 4452 4225 
2108 268 1389 1270 4457 4614 4226 
2109 1259 1373 606 4601 4341 4209 
2110 1083 1435 1191 4615 4616 4394 
2111 1368 1433 641 4617 2267 4439 
2112 915 1428 1421 4618 4271 2332 
2113 1308 1313 991 2256 1576 1981 
2114 925 1378 924 4619 4620 2312 
2115 335 1411 579 4553 4621 3192 
2116 1281 1432 501 4622 4599 4254 
2117 913 1409 992 4623 1998 2556 
2118 1277 1377 855 4624 4294 4243 
2119 898 1374 586 1543 4445 3821 
2120 464 1375 1168 4625 2194 3934 
2121 879 1376 1190 4200 4442 4069 
2122 486 1379 1110 4610 4626 3290 
2123 626 1380 625 4576 2153 4003 
2124 905 1391 907 2318 4202 3885 
2125 1156 1412 507 2167 4627 3416 
2126 1116 1381 569 1938 4443 2553 
2127 962 1382 969 4448 4628 3396 
2128 308 1384 307 4611 4446 341 
2129 590 1415 591 4629 4530 3567 
2130 1367 1425 1094 4496 4630 4608 
2131 893 1402 1306 4550 4631 4538 
2132 1319 1358 1030 4561 4400 4548 
2133 478 1385 372 1548 4449 3305 
2134 201 1387 613 4451 4632 3174 
2135 402 1388 578 4454 4633 3176 
2136 614 1389 169 4634 4458 3203 
2137 1301 1372 1019 4635 2186 4509 
2138 978 1391 475 4203 4193 2630 
2139 900 1390 899 4636 4423 3636 
2140 1317 1412 874 4637 4157 4349 
2141 1379 1408 1110 4536 4638 4626 
2142 255 1392 254 4462 4461 288 
2143 1002 1436 1333 4385 4639 4387 
2144 1081 1431 1316 4542 4640 4346 
2145 96 1395 97 4305 4596 137 
2146 487 1377 1277 4585 4624 1869 
2147 876 1396 875 4460 2126 2567 
2148 508 1372 1301 4558 4635 1861 
2149 492 1397 1174 4566 4589 4038 
2150 193 1398 455 4464 2189 2808 
2151 997 1399 996 4641 2171 2406 
2152 442 1363 1260 4600 4603 2225 
2153 1280 1343 620 4586 2101 4398 
2154 120 1400 121 4570 4287 161 
2155 10 1401 474 4164 4642 2981 
2156 1280 1430 461 4643 4592 4336 
2157 935 1405 937 4604 4280 3074 
2158 457 1366 1320 4607 4440 4644 
2159 1191 1435 590 4616 4645 3845 
2160 918 1407 919 4547 2264 3058 
2161 1110 1408 444 4638 2133 3242 
2162 1303 1375 464 4556 4625 4412 
2163 17 1410 437 4317 4499 3042 
2164 99 1414 100 4307 1742 140 
2165 974 1416 524 2185 4471 3642 
2166 590 1435 1415 4645 4646 4629 
2167 397 1418 450 4470 4647 3196 
2168 953 1417 958 4473 4648 4037 
2169 607 1422 1271 4328 4649 4231 
2170 239 1420 477 4469 1671 3179 
2171 1058 1403 1245 2285 2349 4578 
2172 97 1421 98 4595 4312 138 
2173 618 1415 1364 4531 4650 2140 
2174 1094 1425 1067 4630 4465 2731 
2175 241 1424 240 4467 4512 274 
2176 1132 1426 614 4651 2289 3362 
2177 1271 1422 468 4649 4605 2371 
2178 897 1428 915 4474 4618 3617 
2179 90 1433 458 2271 4652 2626 
2180 519 1437 38 2292 4296 2594 
2181 1085 1435 1083 4653 4615 2999 
2182 1102 1436 472 4654 4350 2992 
2183 438 1431 1130 4655 4526 3621 
2184 599 1438 1178 4459 4463 3857 
2185 958 1417 1400 4648 4339 2403 
2186 578 1388 1273 4633 4612 4572 
2187 613 1387 1269 4632 4613 1863 
2188 1270 1389 614 4614 4634 2291 
2189 989 1397 1264 4590 4283 4331 
2190 1415 1435 1085 4646 4653 4656 
2191 1279 1390 900 4546 4636 1716 
2192 1268 1419 576 4657 4658 4320 
2193 635 1349 1336 4588 4659 4402 
2194 1336 1349 914 4659 1636 1813 
2195 1393 1413 976 4660 1596 2209 
2196 638 1413 1393 2110 4660 4661 
2197 1288 1403 577 4163 2284 4468 
2198 1160 1419 1268 4516 4657 4345 
2199 450 1418 1309 4647 4591 2320 
2200 924 1378 1307 4620 4597 4326 
2201 1298 1378 925 4662 4619 4587 
2202 520 1378 1298 4598 4662 1837 
2203 1339 1399 997 4573 4641 4602 
2204 638 1393 1304 4661 2274 4417 
2205 579 1411 1305 4621 4663 1628 
2206 618 1361 1325 2141 4549 4545 
2207 1313 1372 1187 2255 4557 4380 
2208 969 1382 1320 4628 4664 2013 
2209 1320 1382 457 4664 2022 4644 
2210 610 1430 1280 4489 4643 4397 
2211 507 1412 1317 4627 4637 1973 
2212 1031 1432 1281 2324 4622 2393 
2213 474 1401 1331 4642 4483 1463 
2214 1306 1402 512 4631 4487 4559 
2215 1101 1424 1328 4513 4544 4555 
2216 576 1419 1294 4658 4584 4609 
2217 1341 1409 913 4665 4623 2176 
2218 1305 1411 370 4663 4554 4395 
2219 1316 1431 438 4640 4655 2093 
2220 1367 1426 1132 4533 4651 4427 
2221 1175 1409 1341 4486 4665 4582 
2222 1333 1436 1102 4639 4654 1979 
2223 1364 1415 1085 4650 4656 4606 
2224 458 1433 1368 4652 4617 4278 
$EndElements
