$MeshFormat
4.1 0 8
$EndMeshFormat
$PhysicalNames
1
2 1 "domain"
$EndPhysicalNames
$Entities
5 5 1 0
1 0.1 0 0 0 
2 -1.856762971884082e-16 0.09999999999999999 0 0 
3 0 1 0 0 
4 1 1 0 0 
5 1 0 0 0 
1 -9.999999999593667e-08 -1.000000000028756e-07 -1e-07 0.1000001 0.1000001 1e-07 0 2 1 -2 
2 -1e-07 0.09999989999999997 -1e-07 1e-07 1.0000001 1e-07 0 2 3 -2 
3 -9.999999994736442e-08 0.9999999000000001 -1e-07 1.0000001 1.0000001 1e-07 0 2 4 -3 
4 0.9999999000000001 -9.999999994736442e-08 -1e-07 1.0000001 1.0000001 1e-07 0 2 5 -4 
5 0.09999990000000003 -1e-07 -1e-07 1.0000001 1e-07 1e-07 0 2 1 -5 
1 -9.999999994736442e-08 -9.999999994736442e-08 -1e-07 1.0000001 1.0000001 1e-07 1 1 5 -1 5 4 3 2 
$EndEntities
$Nodes
11 1412 1 1412
0 1 0 1
1
0.1 0 0
0 2 0 1
2
-1.856762971884082e-16 0.09999999999999999 0
0 3 0 1
3
0 1 0
0 4 0 1
4
1 1 0
0 5 0 1
5
1 0 0
1 1 0 5
6
7
8
9
10
0.09659258262890684 0.02588190451025206 0
0.08660254037844388 0.05 0
0.07071067811865481 0.07071067811865471 0
0.05000000000000017 0.08660254037844378 0
0.02588190451025225 0.0965925826289068 0
1 2 0 29
11
12
13
14
15
16
17
18
19
20
21
22
23
24
25
26
27
28
29
30
31
32
33
34
35
36
37
38
39
0 0.9700000000000001 0
0 0.9400000000000002 0
0 0.9100000000000001 0
0 0.8800000000000002 0
0 0.8500000000000003 0
0 0.8200000000000004 0
0 0.7900000000000005 0
0 0.7600000000000007 0
0 0.7300000000000006 0
0 0.7000000000000008 0
0 0.6700000000000009 0
0 0.640000000000001 0
0 0.6100000000000012 0
0 0.5800000000000013 0
0 0.5500000000000014 0
0 0.5200000000000015 0
0 0.4900000000000015 0
0 0.4600000000000014 0
0 0.4300000000000014 0
0 0.4000000000000011 0
0 0.3700000000000011 0
0 0.3400000000000009 0
0 0.3100000000000008 0
0 0.2800000000000007 0
0 0.2500000000000006 0
0 0.2200000000000005 0
0 0.1900000000000003 0
0 0.1600000000000003 0
0 0.13 0
1 3 0 33
40
41
42
43
44
45
46
47
48
49
50
51
52
53
54
55
56
57
58
59
60
61
62
63
64
65
66
67
68
69
70
71
72
0.9705882352941176 1 0
0.9411764705882353 1 0
0.9117647058823528 1 0
0.8823529411764705 1 0
0.8529411764705881 1 0
0.8235294117647057 1 0
0.7941176470588234 1 0
0.7647058823529409 1 0
0.7352941176470585 1 0
0.7058823529411761 1 0
0.6764705882352935 1 0
0.6470588235294111 1 0
0.6176470588235287 1 0
0.5882352941176462 1 0
0.5588235294117638 1 0
0.5294117647058814 1 0
0.4999999999999989 1 0
0.4705882352941168 1 0
0.4411764705882344 1 0
0.4117647058823521 1 0
0.3823529411764699 1 0
0.3529411764705876 1 0
0.3235294117647054 1 0
0.2941176470588232 1 0
0.2647058823529408 1 0
0.2352941176470587 1 0
0.2058823529411764 1 0
0.176470588235294 1 0
0.1470588235294118 1 0
0.1176470588235297 1 0
0.0882352941176473 1 0
0.05882352941176505 1 0
0.02941176470588269 1 0
1 4 0 33
73
74
75
76
77
78
79
80
81
82
83
84
85
86
87
88
89
90
91
92
93
94
95
96
97
98
99
100
101
102
103
104
105
1 0.02941176470588239 0
1 0.05882352941176477 0
1 0.08823529411764718 0
1 0.1176470588235296 0
1 0.147058823529412 0
1 0.1764705882352943 0
1 0.2058823529411767 0
1 0.235294117647059 0
1 0.2647058823529415 0
1 0.2941176470588239 0
1 0.3235294117647065 0
1 0.3529411764705889 0
1 0.3823529411764713 0
1 0.4117647058823538 0
1 0.4411764705882362 0
1 0.4705882352941187 0
1 0.5000000000000011 0
1 0.5294117647058832 0
1 0.5588235294117656 0
1 0.5882352941176479 0
1 0.6176470588235301 0
1 0.6470588235294124 0
1 0.6764705882352946 0
1 0.7058823529411768 0
1 0.7352941176470592 0
1 0.7647058823529413 0
1 0.7941176470588236 0
1 0.823529411764706 0
1 0.8529411764705882 0
1 0.8823529411764703 0
1 0.9117647058823527 0
1 0.9411764705882349 0
1 0.9705882352941173 0
1 5 0 29
106
107
108
109
110
111
112
113
114
115
116
117
118
119
120
121
122
123
124
125
126
127
128
129
130
131
132
133
134
0.1299999999999999 0 0
0.1599999999999999 0 0
0.1899999999999998 0 0
0.2199999999999998 0 0
0.2499999999999997 0 0
0.2799999999999995 0 0
0.3099999999999994 0 0
0.3399999999999993 0 0
0.3699999999999993 0 0
0.3999999999999991 0 0
0.429999999999999 0 0
0.4599999999999989 0 0
0.4899999999999988 0 0
0.5199999999999987 0 0
0.5499999999999986 0 0
0.5799999999999984 0 0
0.6099999999999985 0 0
0.6399999999999987 0 0
0.6699999999999987 0 0
0.699999999999999 0 0
0.729999999999999 0 0
0.7599999999999991 0 0
0.7899999999999993 0 0
0.8199999999999993 0 0
0.8499999999999994 0 0
0.8799999999999996 0 0
0.9099999999999997 0 0
0.9399999999999997 0 0
0.97 0 0
2 1 0 1278
135
136
137
138
139
140
141
142
143
144
145
146
147
148
149
150
151
152
153
154
155
156
157
158
159
160
161
162
163
164
165
166
167
168
169
170
171
172
173
174
175
176
177
178
179
180
181
182
183
184
185
186
187
188
189
190
191
192
193
194
195
196
197
198
199
200
201
202
203
204
205
206
207
208
209
210
211
212
213
214
215
216
217
218
219
220
221
222
223
224
225
226
227
228
229
230
231
232
233
234
235
236
237
238
239
240
241
242
243
244
245
246
247
248
249
250
251
252
253
254
255
256
257
258
259
260
261
262
263
264
265
266
267
268
269
270
271
272
273
274
275
276
277
278
279
280
281
282
283
284
285
286
287
288
289
290
291
292
293
294
295
296
297
298
299
300
301
302
303
304
305
306
307
308
309
310
311
312
313
314
315
316
317
318
319
320
321
322
323
324
325
326
327
328
329
330
331
332
333
334
335
336
337
338
339
340
341
342
343
344
345
346
347
348
349
350
351
352
353
354
355
356
357
358
359
360
361
362
363
364
365
366
367
368
369
370
371
372
373
374
375
376
377
378
379
380
381
382
383
384
385
386
387
388
389
390
391
392
393
394
395
396
397
398
399
400
401
402
403
404
405
406
407
408
409
410
411
412
413
414
415
416
417
418
419
420
421
422
423
424
425
426
427
428
429
430
431
432
433
434
435
436
437
438
439
440
441
442
443
444
445
446
447
448
449
450
451
452
453
454
455
456
457
458
459
460
461
462
463
464
465
466
467
468
469
470
471
472
473
474
475
476
477
478
479
480
481
482
483
484
485
486
487
488
489
490
491
492
493
494
495
496
497
498
499
500
501
502
503
504
505
506
507
508
509
510
511
512
513
514
515
516
517
518
519
520
521
522
523
524
525
526
527
528
529
530
531
532
533
534
535
536
537
538
539
540
541
542
543
544
545
546
547
548
549
550
551
552
553
554
555
556
557
558
559
560
561
562
563
564
565
566
567
568
569
570
571
572
573
574
575
576
577
578
579
580
581
582
583
584
585
586
587
588
589
590
591
592
593
594
595
596
597
598
599
600
601
602
603
604
605
606
607
608
609
610
611
612
613
614
615
616
617
618
619
620
621
622
623
624
625
626
627
628
629
630
631
632
633
634
635
636
637
638
639
640
641
642
643
644
645
646
647
648
649
650
651
652
653
654
655
656
657
658
659
660
661
662
663
664
665
666
667
668
669
670
671
672
673
674
675
676
677
678
679
680
681
682
683
684
685
686
687
688
689
690
691
692
693
694
695
696
697
698
699
700
701
702
703
704
705
706
707
708
709
710
711
712
713
714
715
716
717
718
719
720
721
722
723
724
725
726
727
728
729
730
731
732
733
734
735
736
737
738
739
740
741
742
743
744
745
746
747
748
749
750
751
752
753
754
755
756
757
758
759
760
761
762
763
764
765
766
767
768
769
770
771
772
773
774
775
776
777
778
779
780
781
782
783
784
785
786
787
788
789
790
791
792
793
794
795
796
797
798
799
800
801
802
803
804
805
806
807
808
809
810
811
812
813
814
815
816
817
818
819
820
821
822
823
824
825
826
827
828
829
830
831
832
833
834
835
836
837
838
839
840
841
842
843
844
845
846
847
848
849
850
851
852
853
854
855
856
857
858
859
860
861
862
863
864
865
866
867
868
869
870
871
872
873
874
875
876
877
878
879
880
881
882
883
884
885
886
887
888
889
890
891
892
893
894
895
896
897
898
899
900
901
902
903
904
905
906
907
908
909
910
911
912
913
914
915
916
917
918
919
920
921
922
923
924
925
926
927
928
929
930
931
932
933
934
935
936
937
938
939
940
941
942
943
944
945
946
947
948
949
950
951
952
953
954
955
956
957
958
959
960
961
962
963
964
965
966
967
968
969
970
971
972
973
974
975
976
977
978
979
980
981
982
983
984
985
986
987
988
989
990
991
992
993
994
995
996
997
998
999
1000
1001
1002
1003
1004
1005
1006
1007
1008
1009
1010
1011
1012
1013
1014
1015
1016
1017
1018
1019
1020
1021
1022
1023
1024
1025
1026
1027
1028
1029
1030
1031
1032
1033
1034
1035
1036
1037
1038
1039
1040
1041
1042
1043
1044
1045
1046
1047
1048
1049
1050
1051
1052
1053
1054
1055
1056
1057
1058
1059
1060
1061
1062
1063
1064
1065
1066
1067
1068
1069
1070
1071
1072
1073
1074
1075
1076
1077
1078
1079
1080
1081
1082
1083
1084
1085
1086
1087
1088
1089
1090
1091
1092
1093
1094
1095
1096
1097
1098
1099
1100
1101
1102
1103
1104
1105
1106
1107
1108
1109
1110
1111
1112
1113
1114
1115
1116
1117
1118
1119
1120
1121
1122
1123
1124
1125
1126
1127
1128
1129
1130
1131
1132
1133
1134
1135
1136
1137
1138
1139
1140
1141
1142
1143
1144
1145
1146
1147
1148
1149
1150
1151
1152
1153
1154
1155
1156
1157
1158
1159
1160
1161
1162
1163
1164
1165
1166
1167
1168
1169
1170
1171
1172
1173
1174
1175
1176
1177
1178
1179
1180
1181
1182
1183
1184
1185
1186
1187
1188
1189
1190
1191
1192
1193
1194
1195
1196
1197
1198
1199
1200
1201
1202
1203
1204
1205
1206
1207
1208
1209
1210
1211
1212
1213
1214
1215
1216
1217
1218
1219
1220
1221
1222
1223
1224
1225
1226
1227
1228
1229
1230
1231
1232
1233
1234
1235
1236
1237
1238
1239
1240
1241
1242
1243
1244
1245
1246
1247
1248
1249
1250
1251
1252
1253
1254
1255
1256
1257
1258
1259
1260
1261
1262
1263
1264
1265
1266
1267
1268
1269
1270
1271
1272
1273
1274
1275
1276
1277
1278
1279
1280
1281
1282
1283
1284
1285
1286
1287
1288
1289
1290
1291
1292
1293
1294
1295
1296
1297
1298
1299
1300
1301
1302
1303
1304
1305
1306
1307
1308
1309
1310
1311
1312
1313
1314
1315
1316
1317
1318
1319
1320
1321
1322
1323
1324
1325
1326
1327
1328
1329
1330
1331
1332
1333
1334
1335
1336
1337
1338
1339
1340
1341
1342
1343
1344
1345
1346
1347
1348
1349
1350
1351
1352
1353
1354
1355
1356
1357
1358
1359
1360
1361
1362
1363
1364
1365
1366
1367
1368
1369
1370
1371
1372
1373
1374
1375
1376
1377
1378
1379
1380
1381
1382
1383
1384
1385
1386
1387
1388
1389
1390
1391
1392
1393
1394
1395
1396
1397
1398
1399
1400
1401
1402
1403
1404
1405
1406
1407
1408
1409
1410
1411
1412
0.5050041156715642 0.02427215114466147 0
0.5140511615036871 0.9772489433475894 0
0.02562266794452628 0.5046576442953097 0
0.9745286645945755 0.5147058823529422 0
0.9752593459870897 0.3659178933444527 0
0.3690025698896988 0.9729479871010297 0
0.02698963128032683 0.3548505048779508 0
0.6616321554041675 0.9742079064390519 0
0.3556687000634015 0.02636712292628463 0
0.02547605770670341 0.6551805968282788 0
0.6550290409020698 0.02596925718400039 0
0.9765650794068987 0.6617723595756352 0
0.2485461950680047 0.9762858733052271 0
0.9784593443183668 0.249718241499821 0
0.02819003805464382 0.2306855891718539 0
0.7803009280881554 0.9754983070782106 0
0.2337091221914482 0.02546301014762831 0
0.02781364001502951 0.7743001802430336 0
0.77499409131908 0.02580301635841109 0
0.9733061604323088 0.7798281761629853 0
0.1572303960076005 0.9733042983884298 0
0.9745286645945754 0.1617647058823531 0
0.07258053790255503 0.09576026632401424 0
0.9755563186590209 0.8680721439140022 0
0.02507662447081593 0.8664356201865497 0
0.8666265262319063 0.02403554471531699 0
0.8676470588235292 0.9745286645945753 0
0.02393559306165499 0.175281616325426 0
0.715014051444353 0.02596124002454314 0
0.5942281030021024 0.02637893637112193 0
0.02428772603749735 0.5961679541356816 0
0.02472543854961207 0.7139202753671293 0
0.02659396976312145 0.4401754773342592 0
0.4473950307657456 0.02483246368231334 0
0.02667880401803058 0.2986385487453062 0
0.2952919012374542 0.025815930224794 0
0.1751134844238269 0.02303231515041143 0
0.7247933049851794 0.9719472278424875 0
0.9748228619321193 0.7199742162036949 0
0.6027177276613681 0.9771071772373559 0
0.9751667158128433 0.6059160823940062 0
0.9771419243270028 0.4554710488552418 0
0.4556168056110081 0.9738677732388475 0
0.3072434362666067 0.9732611674202549 0
0.972649116725304 0.312022577019667 0
0.9722815199897683 0.106447127879594 0
0.1030564044415235 0.9735127924490934 0
0.9771481169800973 0.926217558974768 0
0.02580769466527538 0.9246712623087623 0
0.9249999999999996 0.02598076211353317 0
0.11267351921706 0.04671320654284788 0
0.926868661495675 0.9765303834606607 0
0.04709568773926043 0.9728686466319956 0
0.9772269459387773 0.04451406358222632 0
0.1051665965314942 0.07312943955304618 0
0.1299235011788859 0.0680100408496887 0
0.1189858909056568 0.09325943887715415 0
0.1470031252656536 0.08977299678614536 0
0.1360843481619196 0.1158419275352014 0
0.1644945291460229 0.112279241734122 0
0.1535134423567871 0.1387886335135692 0
0.1823062979650816 0.1352292151225112 0
0.1714222763465201 0.1619978184255908 0
0.200162709412569 0.1584176393766081 0
0.1892637478231385 0.1852791371617014 0
0.2180747949477835 0.181686001139942 0
0.2069037030549212 0.2088016861268572 0
0.2359832995635046 0.2050428724649144 0
0.2250110390548126 0.2320432211065193 0
0.254017921974299 0.2283589168991051 0
0.2430569849290538 0.2553921212941492 0
0.2719991535202225 0.2517971681143235 0
0.2608145559623713 0.2790129866694704 0
0.2899632079854288 0.2752770639382679 0
0.2789321245847868 0.3023842204256065 0
0.3079849932902519 0.2987301132385358 0
0.2968385728417844 0.3259286712219597 0
0.326054439900615 0.322152293048782 0
0.3149598139976842 0.349312108465059 0
0.3440971268500902 0.3455921909926808 0
0.3327903075508456 0.3729124781108911 0
0.3620767406959346 0.3690723259888911 0
0.350763438074998 0.3963930418142902 0
0.3800674828122642 0.3925339830314707 0
0.3687588099508413 0.4198460569942079 0
0.3980590033863118 0.4159847114836461 0
0.3867546235631827 0.4432883196023724 0
0.4160465703338976 0.4394281353825478 0
0.4047484942728369 0.4667274847876251 0
0.4340402018898734 0.4628665445597352 0
0.4453361897102728 0.4355726559810658 0
0.4633285692114535 0.4590052079177385 0
0.4746278299972523 0.4317092223012434 0
0.4926135624297272 0.4551460359613892 0
0.4813152114908903 0.4824342659776859 0
0.5039232001116559 0.4278462089641051 0
0.5105921224608083 0.4785793136163412 0
0.4992946668371355 0.5058574322754091 0
0.5285623155801117 0.5020045195021727 0
0.517268658738979 0.5292749333880984 0
0.5465278518703577 0.5254231639878477 0
0.5352372354592519 0.5526861554451168 0
0.5644901226615893 0.5488349340708558 0
0.5757839361709068 0.5215770396473225 0
0.5532020679602404 0.5760894447042635 0
0.5239681673730835 0.5799361078942581 0
0.582445723489706 0.5722399764300083 0
0.3755393948755156 0.4706278576210128 0
0.5711606931807468 0.5994905924174578 0
0.6003969824203836 0.595642981531416 0
0.3553442983850706 0.3183184988393087 0
0.5891151335744438 0.6228844070326087 0
0.6183441887042778 0.6190378373316983 0
0.6070644394763831 0.6462719247847935 0
0.6362899373865847 0.6424231577341647 0
0.6475706133716247 0.6151931422745454 0
0.665496809753462 0.6385720440900545 0
0.6767762543772146 0.6113445981744988 0
0.6542299789413814 0.6658020588931846 0
0.3038905827495975 0.3759953527813825 0
0.6836092087188848 0.6617770566215859 0
0.5778367726904724 0.6501225690644472 0
0.672195599358271 0.6891471367693275 0
0.7015872331950141 0.6851241292483861 0
0.3008911600862516 0.2478954370081511 0
0.6901422337086531 0.7125073288354318 0
0.7194343126333009 0.7086508053100808 0
0.7314141481876473 0.6811265016730171 0
0.2494269221203273 0.3054874650796148 0
0.7080616335718788 0.735897136715986 0
0.6788353991498488 0.7397591206478256 0
0.7373992703228266 0.732057122070868 0
0.7259938079719725 0.7592690582295631 0
0.7551902208267067 0.7554605821704035 0
0.3934638724767608 0.4940423469010184 0
0.3642424094116321 0.4979445340156796 0
0.3821630377346406 0.5213680862561167 0
0.3529183915042459 0.5252691810966164 0
0.370850412059741 0.5487102381072843 0
0.3415923930639712 0.5526098939685428 0
0.3595302881098972 0.5760598642665452 0
0.3302594888649438 0.5799576451215871 0
0.3482016112375881 0.6033730798778921 0
0.3188800040373812 0.6072889733276158 0
0.3368895717093837 0.6307032317400516 0
0.3075881535778107 0.6346552287457905 0
0.3255730930737134 0.6581008620610951 0
0.2962460717176996 0.6619815194269196 0
0.3125056697161687 0.555940922643633 0
0.3142928199152547 0.6854257136870721 0
0.285161164656753 0.6891666192902479 0
0.3435862186029994 0.6815903007313825 0
0.3323860393499061 0.708915510977934 0
0.3616924653302984 0.7049999783296713 0
0.278446740798352 0.6380681546977577 0
0.3503649831547022 0.7324152443728924 0
0.3797026858223423 0.7284541159324661 0
0.3683085744888049 0.7558372501419903 0
0.3975872610275826 0.751967068975518 0
0.3391771204784572 0.7597591294335535 0
0.4859270167093703 0.4043957099248869 0
0.5152465353303428 0.4005299599412416 0
0.4972357065317068 0.3770600588275985 0
0.5265937145957853 0.3731964903281296 0
0.5085542672055199 0.3497026337169843 0
0.53793980053403 0.3458354608703147 0
0.5198814943165286 0.3223207801742657 0
0.5492746443329826 0.3184486425448504 0
0.5673373382260071 0.3419720617114932 0
0.5786821758430234 0.3146334028985951 0
0.596727036651331 0.3381144692797504 0
0.6080755698046288 0.3107491885074827 0
0.6261043277130922 0.3341646082544371 0
0.6374682883320348 0.3068963411610017 0
0.6554888489860335 0.3302721483164146 0
0.6668475752393743 0.3029898470536473 0
0.6848637252161581 0.3263702684277068 0
0.6962223786864143 0.2991209662080268 0
0.7142445750977838 0.3226153627813981 0
0.7255934863855645 0.2952799366885431 0
0.5605819454021411 0.2911541738792361 0
0.702787574137462 0.349880127466263 0
0.648745008547607 0.2796135144371611 0
0.7322434847700586 0.346097121368508 0
0.7206810256378716 0.3733523820534915 0
0.7502143035521753 0.369576340572637 0
0.7388917513098286 0.3968974744722936 0
0.7682358894165279 0.3930496347561292 0
0.7569231322042473 0.4203538610982517 0
0.7795815749855599 0.3657321108135595 0
0.3862692710557755 0.7792790001428327 0
0.4156696850128905 0.7753098525952499 0
0.7439025143388825 0.7826331835424424 0
0.7730832847894908 0.7787927357655307 0
0.784351924666449 0.7516301132978409 0
0.7863479202080074 0.4164233898909351 0
0.77501476989546 0.4436954304763009 0
0.7456550660916602 0.4476255624053304 0
0.7636277928225349 0.4710360412163487 0
0.7930681827572703 0.4670281108706875 0
0.7816074181512148 0.4944255237908247 0
0.4090708711046835 0.7243478436581139 0
0.1953622700152302 0.2350538996354176 0
0.2467911597874174 0.1774863374105279 0
0.8022603731123601 0.7749544629490631 0
0.4042772364655735 0.8026715113949103 0
0.4336605975625839 0.798707682852652 0
0.813526201531998 0.7477621919766995 0
0.7909961756205675 0.8021413324897463 0
0.6147637667625766 0.3616228678339241 0
0.8201726421116188 0.7983005922958912 0
0.8109452008260849 0.4904946060271931 0
0.799557207517642 0.5178269418401396 0
0.7341726526212788 0.4749874056526553 0
0.3775322683775675 0.5995284967731223 0
0.8089101259753149 0.8254887797115467 0
0.8287688530580697 0.5139761071984558 0
0.8174775301155832 0.5412339341947223 0
0.4222585206018205 0.8260649631932732 0
0.451506278104805 0.8222008753111855 0
0.4627580907309738 0.7949728925884476 0
0.4807268296981964 0.8183596298016212 0
0.3929914736443869 0.8299488111230046 0
0.492036983290967 0.79090576412499 0
0.5099643121171853 0.814468283221085 0
0.5212317249613526 0.7872308585881718 0
0.5391726603959497 0.8106461901350902 0
0.5032749325657827 0.7638860820247685 0
0.840093882873006 0.4867177197056446 0
0.8382436476956319 0.821604346646904 0
0.8467713361005832 0.5372774888917837 0
0.8354246685291949 0.564593535522484 0
0.8062061565530043 0.5684557404282746 0
0.824139974439524 0.59183095894884 0
0.5504441777417241 0.7834160452751953 0
0.5683862829158095 0.8067954672513801 0
0.557118171865303 0.8340214667137804 0
0.5863246200524339 0.8301678810562434 0
0.4904594512108566 0.3262260277915761 0
0.8268480477853039 0.8488264607163736 0
0.7976540495856224 0.8526735314498474 0
0.4694853063920794 0.8455942804709742 0
0.141995144044761 0.1644099799070497 0
0.410961941936422 0.8533386135200105 0
0.3817182886868106 0.8572095636138992 0
0.53986416402972 0.4747311134506659 0
0.7701148208177413 0.521734765187376 0
0.4880100122647983 0.5331273625436342 0
0.7090977834525012 0.4006271027478376 0
0.6429831906114933 0.6932717254609522 0
0.6116795955878029 0.5684063407991506 0
0.7147176471960095 0.786673765354005 0
0.8499317484191441 0.7942675789930254 0
0.7075750031425297 0.2717851458057321 0
0.7369519272525155 0.2679211685671507 0
0.7189179259444265 0.2444026395075785 0
0.7483144797671202 0.2405424949657354 0
0.7302667580015876 0.217004606266801 0
0.7596776074455651 0.213144833606809 0
0.7777157651343781 0.2366772015290233 0
0.7890795870852787 0.209301369421758 0
0.8071036033541183 0.2328189531667917 0
0.8184640630148463 0.2054670411791429 0
0.741622772230812 0.1895761508488727 0
0.7121734109440123 0.1934540475426742 0
0.836458848765674 0.2289800674853398 0
0.723549009776822 0.1659862895462673 0
0.6940480171898465 0.1698714572803952 0
0.8478160554722224 0.2016408825646059 0
0.8298272050848106 0.1781276476087404 0
0.8251211563674538 0.2563082261602587 0
0.5018194649820504 0.2988001072572078 0
0.339450723140234 0.4237160726684166 0
0.3351987397533227 0.5011447672135589 0
0.4723711886692999 0.3027102773375499 0
0.483749685180746 0.2752634365089029 0
0.454278295395468 0.2791780021995356 0
0.4656714773827349 0.251711087539479 0
0.4361748404756763 0.2556311033200124 0
0.4475686796333225 0.228139809373356 0
0.4770531237956919 0.2242481900767185 0
0.4589497815415869 0.2006577280216387 0
0.4884505275247977 0.1967647955829513 0
0.4294579817548038 0.2045508731143781 0
0.4408358764535125 0.1770560724146782 0
0.4113337664969122 0.180950495447059 0
0.422712942167714 0.1534458119661161 0
0.3931975964796329 0.1573399578023423 0
0.4522200039264737 0.1495626791120924 0
0.8592098639079189 0.1742732735692258 0
0.8411832832194401 0.1507490948175345 0
0.8544629763953016 0.2524665075834175 0
0.8431312221453721 0.279769986608378 0
0.2107770741595222 0.1307136001937976 0
0.8533433165630904 0.5879813796156741 0
0.8420756633180531 0.6151929047352606 0
0.8561853561649815 0.8449772465597534 0
0.5750571919860786 0.8573896468279938 0
0.604255438810904 0.8535363768416619 0
0.4045848904639043 0.1298187539660016 0
0.3750524263962242 0.1337247025191246 0
0.7051946362506976 0.1434766569248948 0
0.6758802214570824 0.1464350154715544 0
0.7343877005291218 0.1412050474085587 0
0.6645205833110378 0.1738012106237403 0
0.6463892213027639 0.1501548102253594 0
0.634999600450035 0.1776739711786166 0
0.6169413522058421 0.1540790787199261 0
0.6054827118153021 0.1815781376258878 0
0.5876875328487967 0.1579568722075728 0
0.8705973479704552 0.1468917449623682 0
0.8155654492310114 0.8760159605848051 0
0.786392145142613 0.8798579567747228 0
0.8712701413854003 0.6113471499596252 0
0.8600030678542652 0.6385505713829869 0
0.8825366648384106 0.5841443829767877 0
0.8771805822209778 0.1978049660306218 0
0.8308127590002903 0.6423982296820743 0
0.7949409632956342 0.5956769302066236 0
0.6155251793495764 0.8263217911430711 0
0.6334532276844946 0.8496838556153026 0
0.5796583601034865 0.7795702126546352 0
0.5617159274910807 0.7561960094258144 0
0.3636788083968003 0.1612344044516542 0
0.3455375403649272 0.1376441216201655 0
0.399954495685198 0.2084376472155025 0
0.8724267790671186 0.2759378011672122 0
0.8611131760079096 0.3032121198354826 0
0.3996811343457765 0.8805917855641915 0
0.3704481381697988 0.8844602930996739 0
0.3524897072137769 0.861123022282968 0
0.6283808741466279 0.126987290330436 0
0.6221874191253571 0.8768927312615999 0
0.6514900357300982 0.872754436452452 0
0.3913757788222866 0.3652247781665475 0
0.341221590386778 0.8883355584762281 0
0.3232581000097864 0.8649963892841459 0
0.3119896161232174 0.8922078726636783 0
0.2940158889992684 0.8688159419845827 0
0.8525482296596377 0.1233367023418964 0
0.8819727956715727 0.1195111039147491 0
0.68816656422794 0.1224039742122192 0
0.8485083675398732 0.6658680698708781 0
0.8778860994670487 0.6619245771960042 0
0.8661479993697023 0.689312234165377 0
0.813744730954491 0.2836699305597466 0
0.3730148354965988 0.677521973636643 0
0.54455308877205 0.3967115018478328 0
0.5458570964003718 0.8612425706725684 0
0.563790612684719 0.8846026325641887 0
0.5345969570266964 0.8884563442672643 0
0.7956957713992338 0.7245173887979334 0
0.7684783213053743 0.8565163575979873 0
0.7572194866482337 0.8837002702665393 0
0.7393623769152691 0.8603806114071333 0
0.4001743349620778 0.5447700108379337 0
0.3054511064648581 0.8415590234354189 0
0.2761088049591279 0.8453424775497708 0
0.2647313737215269 0.8727201447467355 0
0.2467128371615939 0.849293965732391 0
0.2581892365645632 0.821782201816357 0
0.2287360523825567 0.8257641188903748 0
0.2172843287221725 0.8535059573308542 0
0.1992720352404836 0.8298676773263656 0
0.2106541341426703 0.8023002284424774 0
0.1812000791829981 0.8062526636025079 0
0.1925203091464081 0.7788036107031738 0
0.1698482128858647 0.8338955701397089 0
0.1630739326009672 0.7827120578185709 0
0.1744141901346508 0.7552263194461165 0
0.144926988266479 0.7591506941910724 0
0.1562803501045881 0.731649370877295 0
0.1335877239070639 0.786665763314173 0
0.2220232666766117 0.7748290157474451 0
0.1857898759063922 0.7277264840694785 0
0.1676601393757568 0.7041296799101961 0
0.1381394835946754 0.7080435713415276 0
0.1495079710028342 0.6805243920994558 0
0.1790446514875 0.6766103048359662 0
0.1609002309937373 0.652992648064016 0
0.1313516883293416 0.6568995540074375 0
0.1427533335902952 0.6293609199667237 0
0.1722985503584165 0.6254651026893451 0
0.154160199314113 0.6018281326183894 0
0.1836999459507586 0.5979314871834968 0
0.1655690743352431 0.5743027852743064 0
0.1951005481250946 0.5704066221299881 0
0.1769743405810308 0.5467842352672646 0
0.2064946629738434 0.5429017763797608 0
0.188373426678025 0.5192702928645516 0
0.1588655124421454 0.5231576901850721 0
0.1702571431420157 0.4956371924104064 0
0.1997744467323991 0.4917315022935246 0
0.1816673068931867 0.4681140347542019 0
0.1521450458784805 0.4719963466342812 0
0.1635614980540613 0.444488306835444 0
0.1930781892614603 0.4406175018936877 0
0.1749835392286399 0.416999242996601 0
0.1454536209688932 0.4208506728706423 0
0.1568901568748403 0.3933425368213918 0
0.1360436629225916 0.5781804958485522 0
0.1273484003605213 0.3971942221056605 0
0.1387895745020497 0.3696875622090798 0
0.2044906582802567 0.4131548850629792 0
0.2225690649357892 0.436749976645272 0
0.1683164433589026 0.3658402132704692 0
0.1502220852246654 0.342185349343906 0
0.1206920552115915 0.3459952055791196 0
0.1321593326577575 0.3185422720605544 0
0.115410655569883 0.7630722182172158 0
0.1040526372485094 0.7906363961458903 0
0.1158938136362413 0.4247261257543242 0
0.5065526792464113 0.2203619959680645 0
0.8231041303635094 0.1271879097370774 0
0.7281135146592546 0.8875703371320841 0
0.1131847859562995 0.6332515212073531 0
0.2246155512757831 0.5665154583661245 0
0.2359972444278619 0.5390328822934639 0
0.33418632329975 0.1651410786665404 0
0.3160538687157505 0.1415661601811964 0
0.3272944374659919 0.1133004358869517 0
0.2978849438796551 0.1178554689400792 0
0.1616385754159726 0.3147127101444492 0
0.143579176331168 0.2910926834975969 0
0.114107347305332 0.2949134923178101 0
0.1255302268553401 0.2674728417280274 0
0.8957546215620196 0.685290258279043 0
0.8845825276306586 0.7124470051206047 0
0.8903891150251104 0.2993688545593343 0
0.8790800202533305 0.3266322142411306 0
0.38643637844358 0.1061712734886745 0
0.4160140736442788 0.1022656830209094 0
0.1017740709116972 0.6608229656587425 0
0.09775656145345651 0.4010331924951235 0
0.8344905019195187 0.09972497496379384 0
0.8061427337417841 0.1040601236445391 0
0.5525320075073723 0.9118081402330471 0
0.6626535082250246 0.8457144511547705 0
0.804302919140012 0.9031987855239522 0
0.8334700129511752 0.8993591474733473 0
0.5909588393243228 0.7522434211200134 0
0.5729890022182126 0.7289723453811433 0
0.8497650425147942 0.3305238310160895 0
0.867770888728568 0.3539042318553578 0
0.8966275993258954 0.3498776144787918 0
0.8856632665809379 0.377274960595877 0
0.8564188971086151 0.3811937531635722 0
0.8744227658842827 0.4045477566408426 0
0.9032113666161599 0.4010404790493243 0
0.8923096103410872 0.4279918134939978 0
0.4678488219426223 0.380984570288722 0
0.6236078728540412 0.205187852931475 0
0.5941866571936903 0.2091249905566405 0
0.9017023325341551 0.2721130549384571 0
0.4429159586993545 0.3066011679957988 0
0.096080942692997 0.2712881307560009 0
0.1075351426996117 0.2438835222297275 0
0.9004585024477552 0.6075022904055714 0
0.9128516239113997 0.5798509904536713 0
0.2018326859107253 0.6215374863046896 0
0.640250527195648 0.900033137702644 0
0.5178748334149278 0.1929347483054164 0
0.2339625090858903 0.4093044771108931 0
0.2520271780043684 0.4328899497091205 0
0.8999972428949421 0.1430455311453134 0
0.3884115328474369 0.9078321161002533 0
0.4176736849047072 0.903947135297222 0
0.1753612372204699 0.08556779477705545 0
0.7459709313621439 0.9108887837398293 0
0.7165273225665383 0.9155979841399767 0
0.8222107345009011 0.9265385043273635 0
0.3962315159106054 0.0780850942902872 0
0.8152133967122495 0.07590551402408108 0
0.4063985292443513 0.9311761255658743 0
0.5233447152667841 0.9156626450018179 0
0.9113758184332765 0.1156869842557937 0
0.8933743775507879 0.09213610649605808 0
0.3297279459415962 0.9138227907131968 0
0.3007268560448991 0.9191676852320632 0
0.08358498662546604 0.6371506735540169 0
0.3092517977505123 0.09047988099429838 0
0.2798858684898574 0.09544550283008263 0
0.7866425819783756 0.08629870190556688 0
0.08465753934661191 0.2986409850121806 0
0.0862958437228768 0.4286046212372955 0
0.06812490778697872 0.4048785469761068 0
0.8192965655940598 0.6697283979290335 0
0.08585532153294473 0.7670000613835044 0
0.8631509292150479 0.4317925184902396 0
0.8810000724130036 0.4552485793284297 0
0.9103223230692271 0.4513212723091039 0
0.8989382862098596 0.4786223709410082 0
0.07448541824121124 0.7945842900183084 0
0.09269671515322464 0.8182261249036971 0
0.9224393094412691 0.08857497356133393 0
0.8513664932849065 0.9226206158311201 0
0.9137495161129021 0.7086031542934168 0
0.9024995667698534 0.73578824833923 0
0.8727556554159919 0.7397909233774911 0
0.8911491669699961 0.7629933421417475 0
0.1366828341636188 0.2402751697896252 0
0.7549606303952193 0.2914395889199363 0
0.3523043219601615 0.1887087127093273 0
0.3228434927242905 0.1925991894000952 0
0.2159013116756688 0.3857189004050459 0
0.240647148277061 0.4603254163933404 0
0.2701047873284721 0.4564986396315441 0
0.25875684549975 0.4840253366170497 0
0.6122191785897678 0.2326921058050564 0
0.5817237975469866 0.9079541572892387 0
0.9070935698759728 0.6580585111182309 0
0.6088743570767583 0.7757028845048473 0
0.6203217868380565 0.7483419514786098 0
0.638193104659494 0.771802329108227 0
0.595795608011534 0.673576092560537 0
0.5665208462072604 0.6775360014250161 0
0.5486021140902226 0.6540017748487555 0
0.5372720306363452 0.6815886557831291 0
0.5193635438765913 0.6578899564312661 0
0.5080694193219851 0.685320994664227 0
0.4901238311661789 0.661724434260324 0
0.478838799031247 0.6889807254742831 0
0.4608752735954624 0.6655227903722568 0
0.4721649755892742 0.6382630622737068 0
0.4429190589103915 0.6421152742959576 0
0.4542236830407251 0.6148381493393834 0
0.4316386592069882 0.6693930844546933 0
0.505407629402717 0.8923104690360134 0
0.4941534112139859 0.9195193341895576 0
0.8941886604659581 0.5566730406668191 0
0.9229951542917989 0.5531130867271346 0
0.8626342391852999 0.8955079886123714 0
0.8805299064479799 0.9187666676405056 0
0.8917986879234149 0.8916664187399339 0
0.9097042314200415 0.9150038376628401 0
0.6588502699136408 0.5879653091348239 0
0.6880734425692419 0.5841242629071801 0
0.6701310713920668 0.5607355180963542 0
0.7064104319756026 0.6072274632785161 0
0.699362373743306 0.5568906962582052 0
0.6814126013882291 0.5334968581258063 0
0.7106562186860572 0.5296960448684627 0
0.6928901691554662 0.5062636116856121 0
0.6634859995993182 0.5100997910891721 0
0.6747499123768668 0.4828442529188688 0
0.6454935398525021 0.4866913759766066 0
0.65684559502552 0.4593606321543463 0
0.6275231780707157 0.4632601197899224 0
0.6388712615583008 0.4359150049929632 0
0.6095327471701365 0.4398399642941834 0
0.7287035661385625 0.5530281343348129 0
0.6865510695508534 0.4554116460279403 0
0.8015799927843061 0.6462682621908283 0
0.5437717275659673 0.7328214586590243 0
0.4762157118630566 0.8961711596406876 0
0.6342023748817186 0.5139556210060877 0
0.09501438339565821 0.6095564995122773 0
0.07961880856399423 0.3772739066110461 0
0.5131873680792911 0.2713942623940181 0
0.4998290860052061 0.1692686394259439 0
0.1044527825349512 0.4522812259767868 0
0.6894910622698736 0.2483176034940019 0
0.09723746424295648 0.7394493221615519 0
0.3682230079572225 0.08249691329971554 0
0.5982552333975777 0.4671169220185788 0
0.5802443915816594 0.4436990780241113 0
0.4136514621083961 0.6460127597180607 0
0.7901365108633074 0.6735715091450385 0
0.7724326142385657 0.650138442566466 0
0.795047773196334 0.1315865006774709 0
0.5917128154735469 0.4163989225803357 0
0.2452641382186045 0.381838016244418 0
0.5828996813052937 0.2365922992893603 0
0.529180564000904 0.1655427827746225 0
0.5111978565766537 0.1417531443348462 0
0.5406215349765926 0.1379491549004304 0
0.5225874302030895 0.1141809149110838 0
0.5521428109162553 0.1102649911144735 0
0.534167787700782 0.08663108093241534 0
0.504817151100409 0.09192355009730274 0
0.5636561720261835 0.08266624775748299 0
0.2540054935716047 0.5625912436149463 0
0.2653639906245507 0.5351254326240342 0
0.2427107327789323 0.5900867198777918 0
0.3410264587690084 0.2161723139580082 0
0.2683945963952631 0.1219159474525299 0
0.2503696352412251 0.09840301090191511 0
0.2815906982498022 0.4295747683124903 0
0.2270301269914927 0.3584112598885647 0
0.1186485773567602 0.2167531697128575 0
0.08953838919836316 0.2203453612813826 0
0.1006385356270704 0.1932755881152295 0
0.9208198077744474 0.8877807205729569 0
0.9030601270831671 0.8645087869273309 0
0.1727669573743565 0.2874682216007878 0
0.1908223845094181 0.3110673929191223 0
0.2996805474664775 0.4532283063375302 0
0.9203977158204999 0.759131115470434 0
0.9091594298607972 0.7863117064527674 0
0.4648937592325751 0.9228955129392413 0
0.9196477685531697 0.2955276944746014 0
0.5442832494741451 0.05437559878109421 0
0.06312303313244649 0.8221808499215828 0
0.08211703354998934 0.8452158421168798 0
0.1110202636143295 0.8417526374011499 0
0.1004871468149225 0.8686834516444623 0
0.1292272329802636 0.8652940021959168 0
0.1178034526884437 0.8918299411702812 0
0.147206061862911 0.8887542884336692 0
0.09056522357387098 0.8941240429012265 0
0.135850208472525 0.9138595976373016 0
0.1652579300532546 0.9119798375639654 0
0.07534303525396874 0.4561836178708465 0
0.093017039797191 0.4799271159043694 0
0.9275027387884993 0.4744503644313491 0
0.5697826832286401 0.9348742050314505 0
0.4272965474987268 0.07533157423508102 0
0.4456539767064139 0.09839704411145855 0
0.4563747974280023 0.07366405031338563 0
0.2634297941111194 0.07391329440837313 0
0.2334098939899729 0.07544461130455837 0
0.1082671588945142 0.1196453829565934 0
0.8247917428476375 0.720563281844134 0
0.7769965339540004 0.5723078551315808 0
0.7656778893477314 0.5994433842190893 0
0.4967975119294166 0.7125321221122519 0
0.4675565950256014 0.7162342233955987 0
0.9168382050002776 0.5018877953038912 0
0.8877237944691897 0.5057961341096322 0
0.07290106592911422 0.6649782080062445 0
0.1765602988909757 0.8849401829020901 0
0.1945886265054564 0.908433064282273 0
0.8458407146933591 0.07314856287880633 0
0.6417710486142201 0.2287714192933917 0
0.7505710047848265 0.8331740761770449 0
0.7214491984007873 0.8372519264705229 0
0.5306520022555032 0.6305987581121548 0
0.6988784083692174 0.8916577586939576 0
0.6871188093022123 0.9199398337959553 0
0.4834644217322478 0.6109971262445408 0
0.4654964347012577 0.5875760402262693 0
0.4362383459781306 0.5914950000559209 0
0.4475166298362215 0.564176055187415 0
0.5988714400438395 0.9305288359696391 0
0.2719609106861969 0.5866923489816454 0
0.07174559756753995 0.1968882105009157 0
0.08474234708820066 0.1708475524078925 0
0.0903804742012887 0.6884438742210208 0
0.601104088571666 0.2600817662911807 0
0.9291549226700602 0.1391282721995738 0
0.9176685656385876 0.1665633925911566 0
0.5358248126256743 0.2167292713952302 0
0.06965857577152312 0.744207385502792 0
0.5814557815993299 0.1067503549999144 0
0.5942952989499037 0.07965307531671717 0
0.4092680732619538 0.0509510254696689 0
0.1479904529980142 0.2142737884590036 0
0.2565180056167857 0.3552076589424664 0
0.06803939454628538 0.2750109857752369 0
0.2020381818860911 0.2847824327053048 0
0.7928942614047356 0.9292546305405939 0
0.8267615420546244 0.04898324167140689 0
0.9301279532269018 0.2683886982220044 0
0.9130241125563507 0.2448698795258327 0
0.05235494615260561 0.1119470831524531 0
0.9309937690938059 0.8601603424147416 0
0.9144228830522425 0.8372197479514922 0
0.9434833532461817 0.8334951854762622 0
0.1840137755852718 0.9347776569794459 0
0.2125988651100367 0.9318766476477964 0
0.2238819099124972 0.9046103336420781 0
0.2421063582268426 0.9274788191665962 0
0.9298151482967647 0.6026116598680838 0
0.9028271876896172 0.06643432763620927 0
0.8984488683135619 0.9421985599853183 0
0.06719521098376052 0.6117706720457979 0
0.07754433486655221 0.5853894749287345 0
0.3734194601754797 0.9371049865611238 0
0.06564249518040333 0.4842944911858297 0
0.08156107246957517 0.5075539417648479 0
0.1111873985368396 0.5035355905495195 0
0.099767553029668 0.5311737241728104 0
0.07173959719321765 0.5356509867889371 0
0.8099912355682811 0.9546030779721135 0
0.4823262125444249 0.9472835268119822 0
0.201434993036099 0.9558994582815862 0
0.06377963417603744 0.6933809101043377 0
0.1384127874907726 0.04339096745889537 0
0.9268389138834909 0.937871686952666 0
0.7346771411255958 0.9386212078973242 0
0.9315474781869839 0.05625584904992653 0
0.937857707355187 0.4468300548276614 0
0.9396733398952982 0.7826892154862515 0
0.949498253109933 0.7556773443489979 0
0.06016595071440611 0.2241576215936231 0
0.04995930408183596 0.3811252058432046 0
0.06054112597321859 0.3528962946327373 0
0.04017166724037546 0.4097757668846482 0
0.04297483570629712 0.3276990893331636 0
0.9396876278606376 0.2404992617627073 0
0.9239108997188701 0.2175358648617039 0
0.9527859891852962 0.2107221059078774 0
0.3230332618375009 0.943733073371176 0
0.2906576175260287 0.9472442796892095 0
0.956639176300232 0.8087422303627287 0
0.3994404807744429 0.9595265123118178 0
0.4280128104325623 0.9535773793431808 0
0.3500454326587635 0.9515511642106802 0
0.9479240061982626 0.4993214968580039 0
0.07815540632476331 0.1232874903122943 0
0.05446340660686916 0.1402785429862966 0
0.03328163594903821 0.1269436326625786 0
0.8796425450048065 0.7902055258310902 0
0.8428138795035024 0.7438769671728753 0
0.7607827849729606 0.6774467885649911 0
0.7431552818217275 0.6537964425198928 0
0.713728058621117 0.6570731079371581 0
0.948530855250427 0.2904087530660907 0
0.9392936804985776 0.3173596426283076 0
0.9584296631069378 0.3396353672906456 0
0.9435655007269823 0.3670427015530098 0
0.9553218011327672 0.3901611457535677 0
0.7404704471289733 0.5257306673411282 0
0.2216994588972738 0.1025239957656575 0
0.7162964462896495 0.4515160143549498 0
0.5844443159436465 0.7011022783581632 0
0.85453134331402 0.7166067274397521 0
0.04290439681291031 0.2009417959271138 0
0.1124727459957997 0.1670432715765418 0
0.9350999981478656 0.5254110658836478 0
0.96127777014598 0.5446010636807256 0
0.9463147733212836 0.5740824454798015 0
0.7489370267616314 0.7048230204239502 0
0.2533931836605829 0.9002703896716152 0
0.2044879358917595 0.02500885502132916 0
0.1849982835511499 0.05247398290256816 0
0.8518414399794566 0.4590612552764087 0
0.8339353822551778 0.4356812405216759 0
0.7255231900959038 0.6302092126305737 0
0.5551651060748265 0.7052552265576078 0
0.6023789781835724 0.7248822268922653 0
0.6317247538893656 0.7209272564085343 0
0.7048508905255726 0.4788375577821546 0
0.4855290197630034 0.7395956202647351 0
0.4563466404099691 0.7435679121018041 0
0.2605614155667026 0.6141215126315973 0
0.6978348946191274 0.4281384319067787 0
0.7474152027148809 0.576136698807491 0
0.8612886387547891 0.767040122037245 0
0.8682143147538134 0.8175444513558767 0
0.6682949564284857 0.431900383943673 0
0.6500954017425228 0.4085720274417348 0
0.6794214057297993 0.4045207378174103 0
0.6615931244161748 0.3809808765786059 0
0.235313317587014 0.8769367034090978 0
0.4383049014237746 0.7200512407044757 0
0.04594797743273527 0.7988008381450417 0
0.03369476243468272 0.8232105306492689 0
0.247356459936113 0.5115100775918334 0
0.2767256744488411 0.5076324124471162 0
0.2945484363149958 0.5316833607030352 0
0.2881063398923762 0.4801802073063143 0
0.3175009876285369 0.4768639808643569 0
0.4024347302768785 0.6733718347737642 0
0.384326107152222 0.6500023931765098 0
0.4469588152855821 0.8999708468361448 0
0.3704633265617353 0.2123062067189607 0
0.3591491091086535 0.2397723954339886 0
0.1546571691304345 0.2638829686083207 0
0.9055502469083899 0.5293030287018656 0
0.8762866633411593 0.5331354060373401 0
0.02576871392890195 0.8951646886693504 0
0.04936390793424666 0.8810083599837926 0
0.04960926157780893 0.9100471044744226 0
0.05050769966360796 0.9400309400702626 0
0.8951727371116927 0.02520244664678895 0
0.8224999818008683 0.4630205546912943 0
0.2866821235771534 0.1453818361506053 0
0.2577020414373684 0.1495690167547041 0
0.9336962006390087 0.1888138572029466 0
0.3048421322628603 0.1689476460621409 0
0.2937891627376972 0.1967200435132048 0
0.8885144507047635 0.1704657676144267 0
0.8950132608472952 0.2213821054696541 0
0.2312030379131509 0.6176568535043662 0
0.4362092136637719 0.9265434056546169 0
0.9754399087552543 0.4849048067438266 0
0.1796816192494112 0.3383636157909422 0
0.2088907227498299 0.3347127286589008 0
0.1404313114436666 0.837844999300549 0
0.3119260905891278 0.2203259625822542 0
0.07780882366406894 0.9211146006862604 0
0.07590050556577865 0.9544028983356603 0
0.1027217230736707 0.9427845990373361 0
0.1290813341213899 0.9576783199384276 0
0.02534081913070874 0.7416932606917056 0
0.7449984031671952 0.0259302084011902 0
0.7300068710837773 0.05189354128199425 0
0.7000663451400146 0.05190626150446959 0
0.7158639265768538 0.07733777571028511 0
0.6860184709679801 0.07657406354870078 0
0.743653014412065 0.07688958895522185 0
0.7304010803116956 0.1017773162079499 0
0.7597930216767063 0.1003251745585278 0
0.6701581911671969 0.05195881611431258 0
0.6551469173387097 0.07651337114257623 0
0.758308251492666 0.05071831298055612 0
0.6911711267521159 0.3770871752421391 0
0.2633936770704217 0.4057801845338001 0
0.3549296831836488 0.654096173000996 0
0.02301783138455527 0.6848534396940534 0
0.5853478416586939 0.3654858456132075 0
0.603127273300412 0.3891036858968637 0
0.1977054631562026 0.3621004362411995 0
0.1222615564463832 0.8142326781073367 0
0.391185072228858 0.7008650861479402 0
0.4289509410415558 0.8767049919758775 0
0.65311954923798 0.2012887968965656 0
0.1904281659971925 0.6490867212049329 0
0.2085583340077439 0.67269427730777 0
0.2198325616541547 0.645130982969033 0
0.2378173916071149 0.6689387388409558 0
0.2265634318359608 0.6963833340002971 0
0.1971499310705963 0.7002315634012964 0
0.2152744875811591 0.7238278805679583 0
0.2446850666443813 0.7200392595924372 0
0.2333833762684392 0.7473698582238915 0
0.2628375301197056 0.7435246952180372 0
0.2515160774951553 0.7708523610873548 0
0.2808798426670134 0.7669727753965233 0
0.2921784333507528 0.739636114707787 0
0.2695974178810245 0.7943142056169075 0
0.2989371875262226 0.7905949191746707 0
0.7663369839350553 0.2640595563810385 0
0.7843424033308098 0.2875619168792365 0
0.7729629992804223 0.3149286127986802 0
0.8023479224792374 0.3110340443535746 0
0.7909473210762108 0.3383935881285615 0
0.8203022540907421 0.3345259035923676 0
0.808978249577152 0.3618098387810591 0
0.7976771540946519 0.3891293333878231 0
0.8271404040072587 0.3851262285579675 0
0.7615930075505895 0.3422487330986851 0
0.1532508022184746 0.9406381098082246 0
0.624874143599542 0.02603371019422601 0
0.6089583283332896 0.05270636372212634 0
0.6398968136126534 0.0518633408565804 0
0.6247581837238376 0.07772448039015772 0
0.02445405409983736 0.6254014237031087 0
0.287568077166217 0.8180083851697535 0
0.3167765495092535 0.8143449365890025 0
0.9407571602125624 0.1118768146274339 0
0.9574461229208282 0.1356299841349213 0
0.418098338256475 0.2320419167583684 0
0.4067818585323927 0.2595065285207354 0
0.3885774808625626 0.2359008911102128 0
0.3772647583379602 0.2634013301825471 0
0.3953978538898969 0.2871126232737327 0
0.3481881805321131 0.2674503461653953 0
0.4246741214626549 0.2831887522429803 0
0.4135232372279974 0.3106302092149183 0
0.4315909997587952 0.3341266154674625 0
0.460912904793833 0.3302144487301213 0
0.4497765013153612 0.3575798509007229 0
0.3888676494790952 0.5721299821436878 0
0.4068983595692105 0.5955530382630106 0
0.6826507298854323 0.197368702075854 0
0.452035203743571 0.4862969682460137 0
0.8061259388956169 0.02470363710509327 0
0.6108072457743308 0.9039391214332538 0
0.6287751557863146 0.9266843797261339 0
0.6580468793793155 0.9234136734076905 0
0.6137426338723625 0.6972568685081307 0
0.2292665533806424 0.4878632178426288 0
0.9184020992791804 0.6306794404436902 0
0.9484225583971104 0.6255868322136411 0
0.9347106870227713 0.6532149465416932 0
0.9243287276681715 0.6810705842524342 0
0.9465200233136289 0.705998642766709 0
0.2178771323548142 0.5153849582109605 0
0.5763111048029399 0.1855629726908708 0
0.6268216348528208 0.7990788272089708 0
0.6560269053159024 0.7952273480064862 0
0.6674824357801767 0.767618634012367 0
0.6852057953734215 0.7913906087084525 0
0.6740419058263845 0.8184316195286058 0
0.2038980914044838 0.7512955410889144 0
0.02485356852630238 0.4745574681668775 0
0.4759705137269741 0.02473010982243296 0
0.4947465072099271 0.04603769333789404 0
0.4402410056793916 0.849457602412238 0
0.4874672323299632 0.8689563901191824 0
0.4114610681022389 0.5174578506630371 0
0.3818220525967401 0.184829570724141 0
0.4269687584042163 0.7479083982582918 0
0.4451219596765923 0.7710987439226784 0
0.9081481224663499 0.3223270690642212 0
0.3571511680335956 0.7832310232320214 0
0.1585317557833038 0.8614023301242307 0
0.1879062265043098 0.8575762235313977 0
0.5650122879416197 0.02597366766713044 0
0.5350240504112999 0.02598105807525503 0
0.5761591657165936 0.05419692421594174 0
0.0297632307133503 0.5646729464438753 0
0.02615172075186639 0.5322609321438093 0
0.5410065381507977 0.9375235157308377 0
0.5566099328731787 0.9572317130861646 0
0.5119642546085459 0.9420084176424072 0
0.9146800351913842 0.3733995944344162 0
0.9207872475018294 0.424396833036366 0
0.9515409378524331 0.4176860488066402 0
0.8891855800516036 0.6346770900843515 0
0.5975984057251476 0.8029395106365247 0
0.869338508849905 0.4827757101651396 0
0.3582942074657636 0.9099974242682123 0
0.7636974805639963 0.9330027986640028 0
0.7557275074452192 0.958882026332085 0
0.7044258589039938 0.9456930820380236 0
0.6914269041147253 0.9730229897431638 0
0.7957274405127177 0.2601826307793492 0
0.4227509436916129 0.490162850716902 0
0.6447537268757005 0.8224096487762012 0
0.6921514619314539 0.8413396563099952 0
0.592970284321396 0.8807191110363228 0
0.2401193641904303 0.798307021933486 0
0.3750848430551946 0.8065894734815416 0
0.5559299328169056 0.3693439777703806 0
0.7519948892912012 0.4984308516847663 0
0.9316716708746871 0.7319415958813701 0
0.5279155427412333 0.837869226003834 0
0.5937328158358772 0.544990041976971 0
0.8314978603715155 0.7710874593322823 0
0.5578251558235828 0.4981584808677829 0
0.840897773247282 0.9499487300161003 0
0.6250176313832898 0.6697669713236271 0
0.7751355350021176 0.9070408983478014 0
0.5059926211506872 0.5565364625732928 0
0.9366037720675841 0.9128618708895949 0
0.6609269591796338 0.7165356159142741 0
0.6967638607282287 0.7631195211727753 0
0.7175429438909218 0.5801015906844948 0
0.3251636319733326 0.02601532495029402 0
0.3403392053959807 0.05344202650904201 0
0.3716653257913734 0.05229440497278648 0
0.3871742672271635 0.02563164022117048 0
0.3381297282030589 0.08199942626034806 0
0.3089669099665128 0.0501455286428571 0
0.7436052040616669 0.3187659372397784 0
0.02477947589144125 0.264935800103882 0
0.2642133425718065 0.02548389163528703 0
0.6850406199947746 0.02595731014861508 0
0.8447664160756294 0.872172061269382 0
0.9558823529411767 0.9745286645945748 0
0.9769487880170009 0.8973036229743059 0
0.8959160523543501 0.9706987823130822 0
0.973214818448674 0.8356855176534368 0
0.6322936079619026 0.9755502729428431 0
0.9749389683029344 0.6910987564024462 0
0.831734058032091 0.3071226359942732 0
0.4700373118390616 0.5097053953513914 0
0.4407612550887621 0.5135612762347328 0
0.8647585516397327 0.5606342056184814 0
0.6162381842011773 0.4905312988868186 0
0.409323960947632 0.38873916195928 0
0.8739375939604082 0.8683663025516142 0
0.5218838223982579 0.4513041326352494 0
0.5331813844852412 0.4240412143421224 0
0.629626365944594 0.5918050727647035 0
0.779737621883434 0.8293288200535744 0
0.8384337683789099 0.3578205899476323 0
0.8128740924271203 0.6190432880861374 0
0.7882350669715936 0.5450831733838745 0
0.6521673999411267 0.5373470268220514 0
0.7618223882330171 0.8059824885579645 0
0.3732688073434277 0.3418461164982621 0
0.3638185919814363 0.8339012320102482 0
0.4273472163281077 0.4121657587774399 0
0.727449845661169 0.4241930744975737 0
0.2827621802270061 0.8960975194030403 0
0.5598826575740159 0.6267388102337756 0
0.5245456533079857 0.2440385886317293 0
0.5325250795287457 0.7600481216041755 0
0.8045476787881272 0.4396540561514136 0
0.2131937503257408 0.5940224378944094 0
0.3577384678486266 0.4470567544832368 0
0.7837150131222004 0.622903922245969 0
0.3217675382810625 0.3999621419433377 0
0.7710563637242003 0.1857619302270987 0
0.1863902029003686 0.3895345682663743 0
0.8451823979445078 0.4084697373019453 0
0.630436928928011 0.2562189816958997 0
0.5166601813352069 0.8650950114866107 0
0.4496224954484445 0.6928171493689421 0
0.7327098216226956 0.809920146208888 0
0.09096024411399861 0.3496889485340651 0
0.2778475002935243 0.974360554302052 0
0.5014125712121249 0.6344450458155684 0
0.3567789198051674 0.1092228121791633 0
0.1199654787530353 0.6844353034174648 0
0.5419292296527063 0.6033347599272301 0
0.7590581528715903 0.5489398035211535 0
0.6409051649400195 0.5645763238796607 0
0.6713542985075496 0.2248192734792819 0
0.2059224513537376 0.8810004108496319 0
0.147467679939965 0.5506755473881306 0
0.4987032341023107 0.8417238035172179 0
0.2111671182467565 0.4642336083037759 0
0.9768704295997716 0.1928440046142974 0
0.4791312754999833 0.3536279317092875 0
0.8004584017790428 0.1819611283909111 0
0.865770073831224 0.2251755661655553 0
0.4931659999648914 0.1183530964588523 0
0.1245954098989178 0.6056922063837014 0
0.04983978082271334 0.8502501753744085 0
0.1091942740342686 0.3734788395890157 0
0.6580896535158195 0.1244589902395835 0
0.5312169326062569 0.2949492847030425 0
0.8837332558719075 0.2486574858083549 0
0.4566280831104769 0.4083020150868286 0
0.1407551880054749 0.4995466542024942 0
0.5127010626080197 0.607188107926276 0
0.9756566096701322 0.07373863729946795 0
0.3371290786984971 0.2949341775814922 0
0.05746401383868055 0.4332696050671585 0
0.4703364349288688 0.173159130518076 0
0.1065948411271004 0.5819958993069276 0
0.752897044517069 0.1626369082102532 0
0.6781819850224307 0.2756848744368902 0
0.05193259830788655 0.6392136389090863 0
0.4951075319713102 0.2478397812959373 0
0.1340260615268042 0.4483655681756102 0
0.1267726509157546 0.7355514738581725 0
0.05847320572833703 0.7716508829380018 0
0.8639343758258847 0.09607423505492035 0
0.6229453783936566 0.5411738021852944 0
0.4582378955941463 0.8728185485071622 0
0.4341335315734514 0.1259333676699422 0
0.7008090309254803 0.2208944787276986 0
0.1517338027444907 0.8102672887138077 0
0.6049849191753947 0.517767458627845 0
0.4947359177389027 0.583764984493653 0
0.4817291292649933 0.1456850724066249 0
0.8581638397819854 0.509946427684666 0
0.9059973266282505 0.193760992295085 0
0.1776075879591379 0.211503582367645 0
0.6949614162812068 0.634531016324553 0
0.5870229719976776 0.4943508197723049 0
0.4294640169043076 0.540816085837047 0
0.8120180712581435 0.1546825578431559 0
0.476761766990608 0.560351568603045 0
0.1225972527132903 0.4759420835738435 0
0.1086067979354468 0.7119649274392551 0
0.1025941625542605 0.3223149190842075 0
0.5424934954153106 0.2676506549347158 0
0.07856573416901991 0.2474960545765907 0
0.5690476232507178 0.4709309588304748 0
0.4588032408771571 0.5369357390055545 0
0.4181932227881739 0.5681566953875025 0
0.6495807399160959 0.7441641512616395 0
0.57384646494111 0.3928950129205869 0
0.8742814097250998 0.07059682021302227 0
0.5510896634331124 0.4475171456522192 0
0.4636457491391043 0.1220835342854768 0
0.6209352207671359 0.4125662963386532 0
0.4249694233356727 0.6187800595367348 0
0.7826260735684205 0.1585729984587351 0
0.1293500407373912 0.5271139426273284 0
0.07288457490294542 0.325564087716234 0
0.07971893981575634 0.7161611540723074 0
0.5624293594031957 0.4202435262527345 0
0.5147119868465672 0.7367382756520788 0
0.7666197061427247 0.728287321436689 0
0.4385554505794609 0.3848911976687593 0
0.5259824793725429 0.7093401274525634 0
0.3662232211433876 0.626702455665983 0
0.8856151794473108 0.8409735224328788 0
0.4203761216149379 0.6968077065179882 0
0.1180220592035518 0.5546003141681737 0
0.6599967219816153 0.2522376111394378 0
0.2719100698623502 0.9232717830933574 0
0.8158051562162885 0.4124139976352935 0
0.7645900246589781 0.1319997375988806 0
0.5700463073821391 0.1340016654071274 0
0.4751631191113128 0.09655518637831401 0
0.9268748306706672 0.8102804474967846 0
0.3956001402810761 0.6227632005222369 0
0.7223545425597218 0.5024233137646922 0
0.8974784650947432 0.813604099967117 0
0.8363156187501187 0.6935084827348267 0
0.8072585366767731 0.6972744262019215 0
0.3346445184171049 0.8377502219194377 0
0.6193872275411945 0.2835586086719786 0
0.7543950303167923 0.6265441417273997 0
0.08882309566970042 0.558531897022587 0
0.5899628903306322 0.2873824027136985 0
0.7359428769782073 0.6029045466897101 0
0.4024160634322878 0.3380503703118239 0
0.3459976323358694 0.8105535382836601 0
0.7035834871274509 0.8139903946064826 0
0.4205064591426373 0.3614353290790994 0
0.5717961728629208 0.2638997255974422 0
0.669379275962863 0.8960486336546944 0
0.710074326012778 0.86444887531486 0
0.3280294340712464 0.7870848575841174 0
0.3212573640558876 0.7361963285003077 0
0.231568159915735 0.2818484516297281 0
0.2558430662778117 0.6927763080860813 0
0.267075350140086 0.6653226917256766 0
0.3100517686352781 0.7633570678501151 0
0.4742338212873292 0.7668944535775087 0
0.2491560829465935 0.6415398223948977 0
0.6440907304507181 0.3572576434660514 0
0.8700665914433223 0.9457988509442452 0
0.7781921690988566 0.7011086817414253 0
0.3662827286742726 0.2910649090214357 0
0.3032775862999461 0.7125886447376397 0
0.2740620877969249 0.7163589989058863 0
0.2746643181307554 0.3787169306308638 0
0.2898268212414524 0.610950616188077 0
0.5537689891378642 0.2404072030251689 0
0.3010737103738359 0.5832245897625784 0
0.2832430352145588 0.5592096497216454 0
0.3843721648254922 0.3145037878599136 0
0.306009464423582 0.5044660656039869 0
0.9758118747658296 0.2793412527382747 0
0.3237955157960477 0.5285190318715622 0
0.5650348896717268 0.2130376577800624 0
0.3301187033130999 0.2437813183165475 0
0.5991344984165865 0.1306836801824739 0
0.1576460614445738 0.06375681228656849 0
0.2031385404715041 0.07705715410122033 0
0.3189993513953363 0.2714512670535199 0
0.05548212362713556 0.169674243545721 0
0.2829095060364352 0.2244237218872179 0
0.6323546965562097 0.3852870810401923 0
0.3465770684316163 0.4739722399893973 0
0.5471040480606443 0.1893225203888798 0
0.2648936648575558 0.2007538540245282 0
0.2757833807766754 0.1731431223192852 0
0.5584918486786694 0.1617226613949173 0
0.6807711693719058 0.8686606352634549 0
0.05927018859811245 0.5623809827699391 0
0.6733880280168918 0.3534064923710138 0
0.228858979636708 0.1538578822832916 0
0.1929102792336617 0.1077292671326259 0
0.2396371929939012 0.1259098488726075 0
0.05591550663424139 0.3017001640486192 0
0.4857453663832297 0.9756089739381413 0
0.7906061330609273 0.05503464851484746 0
0.9508098994549172 0.8845911932602799 0
0.6456253369289617 0.9496856652021728 0
0.5142246009570463 0.06593515561566443 0
0.674712657338896 0.947660525104343 0
0.3382352941176465 0.9755409733612741 0
0.9759342571649817 0.633283592937494 0
0.2306904693845394 0.9537538982888599 0
0.9461004511373682 0.1622100430441026 0
0.1245051070006176 0.1417765220240573 0
0.974023925460849 0.573214253953878 0
0.3286969015178606 0.4502643045097061 0
0.310740890867975 0.4266697018219114 0
0.2926746175582691 0.4027831800039643 0
0.6113302064379953 0.1038471321821298 0
0.2173821536755944 0.05101438334268033 0
0.2859229970746287 0.3523437653652809 0
0.02413984781954465 0.954330088806382 0
0.9539553229805449 0.02828500048845906 0
0.2197690563277165 0.3082215684702613 0
0.2674821354605458 0.3288733318169727 0
0.9768616965913888 0.9550877082517303 0
0.2381861615444497 0.3318190021427968 0
0.05155930219102745 0.5137916018409431 0
0.09712138016036137 0.1455158576888809 0
0.1305118492869006 0.1906552135341838 0
0.2133169268668564 0.2583594899958693 0
0.183214273495223 0.261083195425622 0
0.279860275788396 0.05041506963358 0
0.1655992740186331 0.2376098336688049 0
0.1597985097430787 0.1880199199758624 0
0.05042821736657233 0.2527361550095619 0
0.260293035060215 0.9503992013075503 0
0.9760193345807566 0.748997435048582 0
0.6412450455553012 0.1015033672682893 0
0.9500009828952114 0.08361118350653468 0
0.8351898679962504 0.9765679514401011 0
0.4181910152880478 0.02511258458453297 0
0.9246159134243997 0.3451297388521138 0
0.95243882526067 0.673372707461858 0
0.9780129377624345 0.4271853003209956 0
0.4534117602968685 0.9448335195975739 0
0.6154323498629448 0.9527286183826318 0
0.02232121369317197 0.3884585796009679 0
0.05018185517569129 0.7229113249932492 0
0.931517814836926 0.3956211337722207 0
0.8379477484194092 0.02465572572302949 0
0.1204386768212832 0.02246661305746839 0
0.04847109439184588 0.4615709012950212 0
0.2486674303880563 0.05028904341201795 0
0.9786297272605275 0.2205882352941177 0
0.9532713868646374 0.9411005922508645 0
0.5865878859836207 0.9553002554602096 0
0.6722821862018431 0.1003889504477328 0
0.2179288717314373 0.9772692072353553 0
0.4369925020078209 0.04953776362710816 0
0.05062912244604273 0.5873799319214357 0
0.8086258180952433 0.9813338672980849 0
0.9542853952549457 0.4668220793300286 0
0.04634641081898661 0.6729350900701905 0
0.07462228425519501 0.9801568674833498 0
0.9788043249385169 0.3976104640831751 0
0.4234047034027041 0.9785467029300479 0
0.54401392629103 0.9785649144574826 0
0.8554995433968398 0.04783260892789376 0
0.03599800859450125 0.1529870598164969 0
0.7023981001243249 0.1002522401750227 0
0.02149127597648953 0.8012623098074689 0
0.1070332550989134 0.9156525877680038 0
0.07392633519731895 0.8711306014653744 0
0.1467839921567977 0.02101512645986636 0
0.9557382718159654 0.2602652068092532 0
0.09637282388626134 0.09891034113215391 0
0.1891947058246237 0.9772874709320034 0
0.293454979240369 0.0719678866829131 0
0.5728313827231013 0.9780340100402021 0
0.1319525512889814 0.9810169402629968 0
0.4664667319112543 0.04895198729775707 0
0.7805222826140776 0.9502481681174011 0
0.9549134768369142 0.855320420852444 0
0.01873666405889252 0.2050000000000005 0
0.01879934905079972 0.3250000000000008 0
0.8824613178019522 0.04578627747072683 0
0.3971930802251336 0.9822042404685791 0
0.9814998999258753 0.8087082303667761 0
0.9527005921760672 0.5966087996783537 0
0.9815929929367738 0.1327060749940184 0
0.7824432270504356 0.1108540476769971 0
0.9548128768479887 0.7327300994556438 0
0.978469093895033 0.9784690938950332 0
0.01514003722255042 0.1149999999999997 0
0.04516827969131415 0.2786043307365212 0
0.0214280048491241 0.9784096838272718 0
0.9784096838272722 0.02142800484912361 0
0.04802141167700097 0.5421277736782084 0
0.7169434229678313 0.1214396764423891 0
0.485298817952992 0.07051127050671968 0
0.95767746793433 0.05728094678532292 0
0.1762210329961348 0.9572518616866498 0
0.9575811317182306 0.6476966186312916 0
0.0429825981689303 0.6099978791363889 0
0.1608564165478682 0.04159131978016073 0
0.9086784223343688 0.04338671920344717 0
0.5278715345376028 0.9587355713719714 0
0.751104259236587 0.9823184626325866 0
0.9834283587805039 0.5441176470588245 0
0.01680667955649318 0.4150000000000013 0
0.1252275850819445 0.9352266725083611 0
0.0158515126074501 0.1448565273913184 0
0.9151085212695534 0.9560678035897542 0
0.04217615012060272 0.4899954430296594 0
0.9598460861054685 0.4399547042640886 0
0.04707830137657842 0.7510125423353304 0
0.9821231554006482 0.3386452877321937 0
0.07458551565827254 0.1504949268559056 0
0.7670152267036082 0.07335214097928988 0
0.9355939672909067 0.9572198261697041 0
0.9558314583924047 0.1822318498860987 0
0.5193203570794063 0.04254294501587297 0
0.02117689379472654 0.8431759657929441 0
0.7439730116276433 0.1193264008699025 0
0.3189950832444663 0.07093920410203303 0
0.0864911665276899 0.08179838716519583 0
0.4995833937983776 0.9598359239673474 0
0.06750842874955076 0.8951435686046557 0
0.9618119754736298 0.2332350335666211 0
0.9558827297086721 0.5243254500328572 0
0.3467240692848842 0.9298640492129202 0
0.959727275135237 0.9117647058823523 0
0.04097127740962248 0.7000037468791424 0
$EndNodes
$Elements
1 2688 1 2688
2 1 2 2688
1 606 1078 790 
2 184 1301 825 
3 140 842 812 
4 698 1080 1077 
5 1077 1078 698 
6 812 840 140 
7 909 927 187 
8 1089 1247 809 
9 865 866 665 
10 824 1051 172 
11 172 1052 824 
12 1301 1380 825 
13 864 865 665 
14 161 1247 1089 
15 929 978 155 
16 149 862 829 
17 854 1321 853 
18 607 1283 796 
19 855 1328 1043 
20 602 1264 870 
21 179 854 853 
22 855 1321 854 
23 736 1036 1035 
24 837 1288 178 
25 856 1328 855 
26 593 866 807 
27 1078 1079 790 
28 827 828 154 
29 927 1343 187 
30 832 1158 167 
31 819 1282 177 
32 179 853 852 
33 180 987 986 
34 177 1324 819 
35 842 1288 837 
36 698 1078 606 
37 799 846 10 
38 1013 1092 173 
39 141 831 830 
40 1035 1037 736 
41 796 1283 1003 
42 154 839 827 
43 665 866 593 
44 839 1090 802 
45 870 1265 602 
46 1311 1332 1084 
47 818 1340 150 
48 841 1345 840 
49 1345 1366 840 
50 150 1361 818 
51 149 1363 862 
52 980 1037 164 
53 1068 1247 161 
54 841 1324 177 
55 604 1052 773 
56 167 1389 832 
57 169 1281 833 
58 177 1345 841 
59 928 929 181 
60 161 1319 1068 
61 141 833 831 
62 927 928 181 
63 824 1052 604 
64 1045 1344 1323 
65 1346 1358 54 
66 178 838 837 
67 114 1079 143 
68 856 1344 1045 
69 155 1359 929 
70 1041 1358 1346 
71 1080 1132 555 
72 175 1289 1010 
73 617 1283 607 
74 789 1037 980 
75 754 1332 1311 
76 833 1364 169 
77 9 799 10 
78 1068 1319 818 
79 187 1300 909 
80 1010 1368 175 
81 1329 1347 796 
82 1319 1340 818 
83 137 1306 1039 
84 180 1369 987 
85 1320 1338 790 
86 1360 1379 753 
87 829 1314 149 
88 839 1367 1090 
89 164 1037 1035 
90 178 1130 838 
91 166 1327 930 
92 160 1347 1329 
93 846 1373 10 
94 828 1316 154 
95 986 1318 180 
96 1024 1379 1360 
97 143 1079 1078 
98 865 1293 866 
99 115 1079 114 
100 830 1326 141 
101 617 1370 938 
102 825 1385 184 
103 935 1349 1336 
104 66 1356 1337 
105 615 1080 555 
106 698 1132 1080 
107 1264 1384 870 
108 173 1371 1013 
109 938 1398 617 
110 1013 1322 1092 
111 858 1279 1265 
112 142 1287 1053 
113 1 1330 6 
114 1276 1339 1038 
115 978 1381 155 
116 843 921 138 
117 802 1219 839 
118 839 1219 827 
119 168 1338 1320 
120 1052 1287 773 
121 1306 1377 1039 
122 983 1163 144 
123 7 1405 8 
124 1325 1335 778 
125 980 982 789 
126 1327 1395 930 
127 806 1315 1290 
128 139 855 854 
129 1265 1279 602 
130 89 921 88 
131 106 1330 1 
132 845 1397 1267 
133 866 1368 807 
134 1051 1387 172 
135 982 1297 789 
136 172 1053 1052 
137 479 1223 477 
138 873 1180 673 
139 255 851 258 
140 1337 1356 820 
141 383 942 319 
142 1252 1296 943 
143 1267 1348 845 
144 387 883 847 
145 562 861 479 
146 1308 1313 791 
147 377 1313 1308 
148 189 1405 7 
149 847 884 387 
150 262 850 849 
151 887 942 383 
152 861 1223 479 
153 595 1236 1006 
154 355 1244 358 
155 1336 1349 476 
156 849 867 262 
157 851 1180 873 
158 848 861 633 
159 633 861 562 
160 633 883 848 
161 1062 1221 348 
162 1020 1233 1057 
163 881 887 383 
164 857 1062 381 
165 884 1222 1210 
166 882 1075 685 
167 833 1202 831 
168 857 1135 685 
169 685 1135 882 
170 652 1208 654 
171 381 1135 857 
172 679 877 677 
173 1227 1230 759 
174 387 1066 883 
175 326 1030 341 
176 1072 1334 823 
177 650 874 652 
178 138 921 89 
179 1278 1280 913 
180 88 921 176 
181 258 851 262 
182 857 1221 1062 
183 364 884 431 
184 1006 1236 773 
185 1258 1260 895 
186 686 877 679 
187 686 881 859 
188 1019 1074 386 
189 1053 1287 1052 
190 1018 1074 1019 
191 265 1074 1018 
192 859 877 686 
193 50 1053 49 
194 860 875 576 
195 794 1310 1309 
196 408 1260 1258 
197 876 1007 384 
198 1290 1315 147 
199 874 1208 652 
200 905 1096 365 
201 1057 1233 770 
202 428 1280 1278 
203 319 942 316 
204 576 874 860 
205 860 874 650 
206 1309 1310 337 
207 387 884 364 
208 261 867 266 
209 779 1256 1255 
210 288 950 291 
211 334 911 346 
212 626 1048 624 
213 262 851 850 
214 1210 1222 801 
215 1255 1256 283 
216 334 1117 911 
217 331 1117 334 
218 883 1066 848 
219 262 867 261 
220 736 1401 1036 
221 493 1113 868 
222 1246 1269 344 
223 991 1249 993 
224 255 1180 851 
225 756 1307 844 
226 1087 1334 1304 
227 868 889 493 
228 494 889 497 
229 408 1258 897 
230 801 1219 802 
231 801 1222 1219 
232 140 1288 842 
233 493 889 494 
234 890 1029 336 
235 879 1029 890 
236 673 1230 873 
237 384 1073 876 
238 108 171 107 
239 575 875 647 
240 892 1402 16 
241 665 904 864 
242 1272 1273 916 
243 1292 1307 756 
244 889 1138 497 
245 858 1265 755 
246 1087 1399 1334 
247 477 1223 621 
248 664 1096 905 
249 1043 1321 855 
250 715 1037 789 
251 1223 1224 621 
252 647 1193 648 
253 1030 1244 355 
254 621 1224 702 
255 736 1037 715 
256 495 984 492 
257 792 1305 1303 
258 664 905 904 
259 151 869 109 
260 852 1259 179 
261 576 875 575 
262 1018 1193 265 
263 966 984 495 
264 341 1030 355 
265 383 1112 881 
266 338 1273 1272 
267 1029 1030 326 
268 763 1177 1048 
269 139 856 855 
270 336 1211 890 
271 498 1034 502 
272 1038 1377 1276 
273 975 1215 330 
274 152 1167 891 
275 956 1245 1242 
276 702 1248 849 
277 847 883 634 
278 481 899 898 
279 634 883 633 
280 497 1138 1034 
281 881 1112 859 
282 377 1292 195 
283 664 904 665 
284 108 869 171 
285 49 1053 172 
286 142 1053 50 
287 772 1275 1237 
288 683 885 681 
289 589 996 995 
290 363 911 871 
291 38 162 37 
292 1217 1274 710 
293 649 1069 1007 
294 1303 1305 263 
295 885 887 881 
296 254 1296 1252 
297 974 1104 976 
298 844 1355 756 
299 882 1230 1075 
300 346 911 363 
301 976 1104 581 
302 162 1267 862 
303 174 1335 1325 
304 905 1177 763 
305 871 1048 363 
306 897 1270 408 
307 847 1222 884 
308 863 1292 377 
309 291 950 336 
310 768 1213 1125 
311 502 1034 1033 
312 773 1287 1006 
313 481 944 899 
314 481 950 288 
315 763 1048 626 
316 348 1221 877 
317 1246 1277 888 
318 497 1034 498 
319 779 1253 880 
320 624 1048 871 
321 875 1007 876 
322 873 1230 1227 
323 654 1208 760 
324 998 1143 585 
325 1038 1339 165 
326 858 1280 428 
327 760 1205 878 
328 967 985 984 
329 1073 1193 876 
330 973 1093 577 
331 330 1117 331 
332 950 1211 336 
333 365 1177 905 
334 468 1236 595 
335 760 1208 1205 
336 875 876 647 
337 780 781 726 
338 971 1093 973 
339 785 1178 917 
340 779 1255 1253 
341 411 994 413 
342 499 1059 496 
343 589 995 994 
344 983 1383 1163 
345 265 1193 1073 
346 719 1262 925 
347 997 1143 998 
348 876 1193 647 
349 940 982 981 
350 492 984 491 
351 358 1244 362 
352 989 992 991 
353 683 886 885 
354 723 948 923 
355 495 1059 966 
356 1019 1233 1020 
357 869 870 171 
358 914 1178 785 
359 1285 1287 142 
360 993 1249 1157 
361 642 894 893 
362 480 1093 971 
363 681 885 686 
364 175 1368 1293 
365 373 997 409 
366 1242 1245 289 
367 1075 1230 673 
368 460 990 901 
369 868 1214 806 
370 731 896 641 
371 781 863 726 
372 901 990 902 
373 705 1194 947 
374 428 1279 858 
375 923 948 922 
376 884 1210 431 
377 888 1277 942 
378 999 1192 1000 
379 156 1291 987 
380 961 963 508 
381 159 1148 907 
382 893 1008 642 
383 642 896 894 
384 480 971 969 
385 940 981 939 
386 283 1256 895 
387 989 991 990 
388 947 1194 946 
389 893 1014 1008 
390 608 920 841 
391 878 1205 362 
392 1007 1069 384 
393 939 981 145 
394 877 1221 677 
395 649 1007 860 
396 922 948 540 
397 502 1033 924 
398 973 1104 974 
399 1001 1172 1137 
400 686 885 881 
401 949 1173 924 
402 281 944 286 
403 867 1206 266 
404 330 1215 1117 
405 581 1124 976 
406 289 1245 880 
407 589 994 411 
408 508 1021 961 
409 641 896 642 
410 731 897 896 
411 969 1054 480 
412 879 1030 1029 
413 908 909 183 
414 990 991 902 
415 648 1193 1018 
416 1000 1192 776 
417 413 994 989 
418 851 873 850 
419 496 1059 495 
420 577 1104 973 
421 919 955 594 
422 1125 1213 317 
423 895 1260 283 
424 860 1007 875 
425 373 1143 997 
426 906 908 183 
427 409 997 589 
428 924 1173 502 
429 508 1059 499 
430 759 1230 882 
431 1224 1248 702 
432 424 917 451 
433 601 920 608 
434 1238 1243 294 
435 13 906 183 
436 601 951 900 
437 898 950 481 
438 558 903 729 
439 908 926 909 
440 900 920 601 
441 963 1059 508 
442 901 1028 460 
443 888 1269 1246 
444 1025 1170 951 
445 748 1185 815 
446 721 858 755 
447 131 910 160 
448 1137 1172 696 
449 926 927 909 
450 957 960 959 
451 145 1085 939 
452 286 944 481 
453 322 975 330 
454 554 915 912 
455 556 912 720 
456 770 1237 1057 
457 589 997 996 
458 864 904 762 
459 912 913 720 
460 1113 1214 868 
461 1008 1014 527 
462 968 1054 969 
463 279 944 281 
464 917 1178 451 
465 762 904 763 
466 972 974 324 
467 594 1118 919 
468 725 780 726 
469 445 917 424 
470 510 958 509 
471 724 791 635 
472 957 959 958 
473 958 959 509 
474 725 726 724 
475 1003 1329 796 
476 159 907 906 
477 318 977 320 
478 918 1145 451 
479 591 724 635 
480 932 941 936 
481 926 928 927 
482 720 721 616 
483 324 977 972 
484 961 1021 959 
485 1158 1331 167 
486 925 1262 259 
487 109 869 108 
488 458 1028 637 
489 300 1061 298 
490 948 1123 540 
491 986 987 784 
492 519 1118 594 
493 741 742 740 
494 324 975 322 
495 184 910 132 
496 386 1233 1019 
497 153 941 931 
498 451 1145 403 
499 951 1170 900 
500 989 994 992 
501 743 1033 765 
502 931 941 932 
503 320 977 324 
504 541 922 540 
505 741 743 742 
506 974 975 324 
507 907 908 906 
508 610 986 784 
509 991 993 902 
510 739 741 740 
511 556 720 616 
512 591 635 560 
513 540 1123 534 
514 947 1198 705 
515 13 183 12 
516 133 184 132 
517 560 903 558 
518 159 906 14 
519 153 931 127 
520 18 930 152 
521 318 1082 977 
522 743 745 742 
523 637 1028 901 
524 955 956 954 
525 513 958 510 
526 886 887 885 
527 528 1141 527 
528 279 1209 944 
529 598 943 722 
530 925 1268 916 
531 741 1033 743 
532 124 1085 145 
533 981 982 980 
534 661 1211 898 
535 564 1031 579 
536 128 1003 153 
537 542 1149 1129 
538 739 740 738 
539 553 915 554 
540 1115 1164 547 
541 554 912 556 
542 145 981 979 
543 558 729 557 
544 1241 1251 960 
545 953 955 954 
546 979 981 980 
547 298 1061 482 
548 507 949 545 
549 953 954 513 
550 586 952 768 
551 610 784 599 
552 144 945 21 
553 527 1141 1008 
554 743 746 745 
555 1129 1149 692 
556 523 1014 552 
557 988 990 460 
558 389 968 636 
559 356 1140 376 
560 501 1021 508 
561 552 1014 893 
562 968 969 636 
563 413 989 988 
564 960 961 959 
565 629 986 610 
566 572 1056 1020 
567 904 905 763 
568 1001 1137 952 
569 804 820 803 
570 119 1036 135 
571 997 998 996 
572 931 932 163 
573 784 785 599 
574 880 1253 289 
575 145 979 123 
576 22 983 144 
577 638 916 915 
578 475 599 445 
579 766 803 746 
580 188 1380 1301 
581 504 1021 501 
582 1033 1034 765 
583 721 755 754 
584 561 1012 631 
585 637 638 553 
586 1020 1057 572 
587 131 160 130 
588 15 159 14 
589 543 557 541 
590 458 553 459 
591 628 739 738 
592 458 637 553 
593 543 558 557 
594 313 1082 318 
595 514 953 513 
596 1077 1081 1076 
597 936 937 934 
598 413 988 414 
599 135 1024 1023 
600 394 1054 968 
601 644 1004 778 
602 960 962 961 
603 441 952 586 
604 460 1028 420 
605 14 906 13 
606 966 1059 963 
607 766 804 803 
608 553 554 459 
609 376 1140 1026 
610 490 999 273 
611 595 1006 1005 
612 936 938 937 
613 507 1173 949 
614 597 943 598 
615 913 1273 338 
616 693 1164 1115 
617 932 934 933 
618 559 560 558 
619 143 1078 1077 
620 984 985 491 
621 729 794 730 
622 1194 1204 482 
623 1012 1013 631 
624 378 1025 951 
625 394 968 391 
626 399 1001 402 
627 422 1028 458 
628 964 967 966 
629 545 949 628 
630 739 949 924 
631 933 1085 163 
632 979 980 164 
633 391 968 389 
634 962 964 963 
635 24 1038 165 
636 303 1061 300 
637 166 930 19 
638 126 931 163 
639 932 936 934 
640 137 1039 26 
641 994 995 992 
642 193 756 191 
643 490 1192 999 
644 414 988 418 
645 538 597 539 
646 463 951 601 
647 475 610 599 
648 470 1049 612 
649 628 949 739 
650 595 1005 1004 
651 480 1054 405 
652 400 426 405 
653 956 957 954 
654 395 396 394 
655 637 719 638 
656 537 540 534 
657 939 1085 933 
658 563 1031 564 
659 974 976 975 
660 638 915 553 
661 143 1077 1076 
662 132 910 131 
663 1004 1005 778 
664 552 717 716 
665 1262 1266 259 
666 1009 1011 645 
667 552 716 551 
668 405 1054 396 
669 397 400 396 
670 129 1003 128 
671 598 722 641 
672 969 970 636 
673 18 152 17 
674 128 153 127 
675 722 731 641 
676 1020 1056 1017 
677 594 955 953 
678 746 978 745 
679 635 903 560 
680 20 945 166 
681 532 538 531 
682 418 460 420 
683 597 598 539 
684 932 933 163 
685 765 766 746 
686 378 951 463 
687 519 594 517 
688 599 917 445 
689 523 552 551 
690 723 792 706 
691 815 1185 1154 
692 418 988 460 
693 706 943 597 
694 716 779 718 
695 444 1274 1217 
696 962 963 961 
697 719 925 638 
698 894 895 717 
699 523 551 521 
700 586 643 587 
701 538 539 531 
702 400 405 396 
703 402 1001 439 
704 803 978 746 
705 964 966 963 
706 590 591 560 
707 439 1001 952 
708 639 706 597 
709 426 461 427 
710 967 984 966 
711 638 925 916 
712 426 427 405 
713 307 344 305 
714 959 1021 509 
715 27 1022 137 
716 135 1023 118 
717 537 541 540 
718 645 1012 561 
719 467 1058 433 
720 805 806 804 
721 424 451 403 
722 20 166 19 
723 126 163 125 
724 439 952 441 
725 969 971 970 
726 643 783 707 
727 517 953 514 
728 644 1058 1004 
729 586 768 643 
730 441 586 443 
731 893 894 717 
732 305 946 303 
733 663 1042 819 
734 729 730 557 
735 962 965 964 
736 1076 1081 170 
737 461 563 462 
738 165 983 23 
739 122 979 164 
740 273 999 275 
741 748 815 814 
742 934 935 933 
743 971 973 972 
744 353 1025 378 
745 739 924 741 
746 645 1046 1009 
747 344 947 946 
748 588 735 563 
749 797 852 735 
750 281 286 284 
751 526 527 524 
752 524 1014 523 
753 971 972 970 
754 393 394 391 
755 313 316 311 
756 318 320 319 
757 422 458 435 
758 164 1035 121 
759 461 462 427 
760 313 318 316 
761 586 587 443 
762 530 531 528 
763 124 145 123 
764 22 144 21 
765 1016 1056 454 
766 527 1014 524 
767 989 990 988 
768 397 403 400 
769 389 636 314 
770 509 1021 504 
771 318 319 316 
772 598 641 640 
773 1011 1012 645 
774 320 321 319 
775 580 1043 583 
776 293 1029 326 
777 973 974 972 
778 286 288 287 
779 454 1047 1016 
780 288 291 290 
781 312 313 311 
782 320 322 321 
783 291 293 292 
784 970 1082 636 
785 594 953 517 
786 25 1039 1038 
787 557 922 541 
788 1035 1036 120 
789 275 349 277 
790 977 1082 970 
791 779 880 718 
792 1017 1056 1016 
793 1048 1177 363 
794 643 707 587 
795 370 1047 372 
796 288 290 287 
797 127 931 126 
798 19 930 18 
799 588 797 735 
800 1145 1152 426 
801 291 292 290 
802 322 323 321 
803 322 330 323 
804 768 1125 643 
805 293 325 292 
806 563 564 462 
807 122 164 121 
808 24 165 23 
809 395 397 396 
810 321 1112 383 
811 579 1043 580 
812 538 639 597 
813 461 588 563 
814 286 287 284 
815 25 1038 24 
816 639 723 706 
817 330 331 323 
818 1004 1058 467 
819 409 589 411 
820 433 1058 432 
821 716 718 551 
822 999 1000 349 
823 522 523 521 
824 564 579 578 
825 310 311 309 
826 248 1069 649 
827 293 326 325 
828 308 309 307 
829 449 1046 478 
830 420 1028 422 
831 306 307 305 
832 743 765 746 
833 120 1036 119 
834 579 580 578 
835 286 481 288 
836 376 1170 1025 
837 1268 1272 916 
838 954 958 513 
839 275 999 349 
840 226 1002 224 
841 852 853 735 
842 1044 1045 826 
843 381 1062 335 
844 336 1029 293 
845 520 521 519 
846 326 340 325 
847 815 816 814 
848 530 532 531 
849 580 583 582 
850 344 946 305 
851 346 351 347 
852 601 608 600 
853 228 229 226 
854 21 945 20 
855 334 346 335 
856 341 353 340 
857 372 1047 454 
858 271 1027 490 
859 455 1056 572 
860 396 1054 394 
861 518 519 517 
862 269 1055 1027 
863 901 902 719 
864 612 837 613 
865 625 749 626 
866 591 725 724 
867 326 341 340 
868 628 738 737 
869 608 840 812 
870 119 135 118 
871 27 137 26 
872 584 625 624 
873 334 335 333 
874 123 979 122 
875 23 983 22 
876 346 347 335 
877 1050 1070 795 
878 167 1022 28 
879 117 1023 168 
880 835 836 834 
881 335 1062 333 
882 331 334 333 
883 454 1056 455 
884 552 893 717 
885 583 584 582 
886 526 528 527 
887 448 1046 449 
888 749 843 762 
889 946 1061 303 
890 353 378 357 
891 351 352 347 
892 378 463 379 
893 356 376 354 
894 331 333 332 
895 458 459 435 
896 223 1055 269 
897 341 354 353 
898 463 600 464 
899 625 1044 826 
900 608 841 840 
901 470 612 472 
902 351 365 352 
903 521 1118 519 
904 314 1082 313 
905 718 1118 551 
906 464 1049 470 
907 304 305 303 
908 603 1070 1050 
909 625 626 624 
910 463 601 600 
911 320 324 322 
912 516 517 514 
913 805 868 806 
914 393 395 394 
915 478 1046 645 
916 829 862 780 
917 121 1035 120 
918 355 356 354 
919 241 1065 385 
920 358 359 356 
921 924 1033 741 
922 271 490 273 
923 312 314 313 
924 291 336 293 
925 456 1047 370 
926 749 762 626 
927 538 1123 639 
928 690 1097 680 
929 1013 1063 631 
930 583 1044 584 
931 644 750 571 
932 1040 1042 609 
933 609 1042 663 
934 742 744 740 
935 512 513 510 
936 843 864 762 
937 837 838 613 
938 774 1131 658 
939 429 448 430 
940 625 826 749 
941 592 1046 448 
942 571 1040 609 
943 484 571 485 
944 663 819 734 
945 224 1055 223 
946 237 1065 241 
947 360 361 359 
948 26 1039 25 
949 450 592 448 
950 331 332 323 
951 522 524 523 
952 365 366 352 
953 228 231 229 
954 564 578 577 
955 231 232 229 
956 372 432 371 
957 325 1060 1032 
958 488 1070 603 
959 612 613 472 
960 584 1044 625 
961 216 218 217 
962 218 220 219 
963 484 644 571 
964 214 216 215 
965 117 168 116 
966 29 167 28 
967 220 222 221 
968 580 582 581 
969 233 235 234 
970 231 233 232 
971 750 1041 1040 
972 671 1075 673 
973 233 234 232 
974 608 812 600 
975 593 807 592 
976 385 1102 244 
977 218 219 217 
978 463 464 379 
979 346 363 351 
980 222 224 223 
981 366 429 368 
982 378 379 357 
983 220 221 219 
984 216 217 215 
985 235 237 236 
986 212 214 213 
987 370 372 371 
988 222 223 221 
989 372 433 432 
990 919 1118 718 
991 448 449 430 
992 455 467 433 
993 28 1022 27 
994 118 1023 117 
995 235 236 234 
996 429 430 368 
997 281 284 282 
998 766 805 804 
999 644 778 750 
1000 237 241 239 
1001 353 357 340 
1002 1002 1055 224 
1003 468 595 467 
1004 269 1027 271 
1005 355 358 356 
1006 598 640 539 
1007 241 244 243 
1008 358 360 359 
1009 237 239 236 
1010 244 247 246 
1011 632 1063 732 
1012 370 371 361 
1013 321 383 319 
1014 807 1010 1009 
1015 441 443 442 
1016 292 294 290 
1017 214 215 213 
1018 247 248 246 
1019 732 1063 828 
1020 244 246 243 
1021 241 243 239 
1022 354 1025 353 
1023 345 1066 387 
1024 361 1064 359 
1025 247 249 248 
1026 265 1073 260 
1027 347 1106 381 
1028 785 917 599 
1029 429 450 448 
1030 1009 1046 592 
1031 506 509 504 
1032 432 484 483 
1033 450 593 592 
1034 584 624 623 
1035 455 468 467 
1036 333 348 332 
1037 449 478 477 
1038 571 609 485 
1039 255 258 257 
1040 251 255 253 
1041 531 1141 528 
1042 339 1066 345 
1043 255 257 253 
1044 648 1017 1016 
1045 750 1040 571 
1046 369 370 361 
1047 403 1145 400 
1048 227 228 226 
1049 478 561 479 
1050 341 355 354 
1051 429 1096 450 
1052 641 642 640 
1053 258 260 257 
1054 647 648 646 
1055 260 1073 257 
1056 251 253 249 
1057 478 479 477 
1058 292 1032 294 
1059 250 251 249 
1060 258 261 260 
1061 376 1025 354 
1062 807 1009 592 
1063 575 646 456 
1064 249 1069 248 
1065 648 1016 646 
1066 368 1105 453 
1067 261 266 264 
1068 266 268 267 
1069 261 264 260 
1070 454 455 433 
1071 266 267 264 
1072 972 977 970 
1073 310 312 311 
1074 333 1062 348 
1075 267 1074 264 
1076 1018 1019 1017 
1077 561 631 562 
1078 660 774 658 
1079 360 369 361 
1080 595 1004 467 
1081 386 1074 267 
1082 268 328 327 
1083 268 327 267 
1084 279 281 280 
1085 366 368 367 
1086 631 1063 632 
1087 1010 1011 1009 
1088 1019 1020 1017 
1089 277 279 278 
1090 248 649 256 
1091 1034 1138 765 
1092 450 1096 664 
1093 603 824 604 
1094 484 485 483 
1095 636 1082 314 
1096 432 1058 484 
1097 691 1160 1147 
1098 449 477 452 
1099 238 1065 237 
1100 275 277 276 
1101 347 381 335 
1102 534 1123 532 
1103 230 1101 1100 
1104 561 562 479 
1105 639 1123 948 
1106 325 1032 292 
1107 501 508 499 
1108 674 1075 671 
1109 235 238 237 
1110 339 343 328 
1111 329 339 328 
1112 250 252 251 
1113 648 1018 1017 
1114 339 345 343 
1115 229 1002 226 
1116 575 647 646 
1117 427 480 405 
1118 369 456 370 
1119 478 645 561 
1120 631 632 562 
1121 241 385 244 
1122 345 350 343 
1123 603 1050 824 
1124 798 834 797 
1125 247 250 249 
1126 1050 1051 824 
1127 935 940 939 
1128 757 848 342 
1129 345 364 350 
1130 605 1068 818 
1131 632 732 634 
1132 432 483 371 
1133 732 827 733 
1134 488 603 549 
1135 676 685 674 
1136 637 901 719 
1137 848 1066 342 
1138 258 262 261 
1139 735 1031 563 
1140 342 1066 339 
1141 364 374 350 
1142 685 1075 674 
1143 760 878 761 
1144 1055 1095 1027 
1145 732 828 827 
1146 672 1107 675 
1147 682 699 684 
1148 364 431 374 
1149 453 1120 759 
1150 420 422 421 
1151 446 573 447 
1152 374 446 375 
1153 680 1097 682 
1154 329 342 339 
1155 365 1096 366 
1156 359 1140 356 
1157 268 329 328 
1158 248 256 246 
1159 574 605 573 
1160 649 860 650 
1161 239 240 236 
1162 732 733 634 
1163 646 1047 456 
1164 605 818 795 
1165 664 665 593 
1166 372 454 433 
1167 630 1068 605 
1168 264 265 260 
1169 574 1086 666 
1170 447 1070 488 
1171 671 673 252 
1172 757 861 848 
1173 952 1137 768 
1174 715 788 712 
1175 431 1086 374 
1176 366 367 352 
1177 596 786 547 
1178 603 604 549 
1179 669 1072 823 
1180 446 447 375 
1181 163 1085 125 
1182 730 923 922 
1183 605 795 573 
1184 446 574 573 
1185 449 452 430 
1186 446 1086 574 
1187 257 384 253 
1188 345 387 364 
1189 374 375 350 
1190 368 453 367 
1191 654 760 656 
1192 574 630 605 
1193 143 1076 113 
1194 455 572 468 
1195 264 1074 265 
1196 669 823 809 
1197 727 1072 669 
1198 632 634 633 
1199 918 1152 1145 
1200 668 669 667 
1201 212 213 211 
1202 302 303 300 
1203 669 809 667 
1204 1147 1160 535 
1205 484 1058 644 
1206 580 581 578 
1207 564 577 462 
1208 418 420 419 
1209 668 727 669 
1210 257 1073 384 
1211 584 623 582 
1212 666 667 630 
1213 431 1099 1086 
1214 32 141 31 
1215 114 143 113 
1216 327 386 267 
1217 457 575 456 
1218 112 1076 170 
1219 34 1083 169 
1220 666 668 667 
1221 886 888 887 
1222 477 621 452 
1223 682 1097 699 
1224 1103 1108 343 
1225 235 1067 238 
1226 110 1084 151 
1227 520 522 521 
1228 113 1076 112 
1229 34 169 33 
1230 112 170 111 
1231 1016 1047 646 
1232 170 1084 111 
1233 218 1098 220 
1234 801 802 800 
1235 149 1083 35 
1236 374 1086 446 
1237 675 1107 678 
1238 35 1083 34 
1239 486 757 342 
1240 574 666 630 
1241 225 226 224 
1242 111 1084 110 
1243 728 800 727 
1244 110 151 109 
1245 36 149 35 
1246 210 212 211 
1247 573 1070 447 
1248 439 441 440 
1249 41 1087 40 
1250 42 186 41 
1251 104 182 103 
1252 186 1087 41 
1253 103 1088 102 
1254 43 1089 42 
1255 182 1088 103 
1256 42 1089 186 
1257 102 158 101 
1258 44 161 43 
1259 102 1088 158 
1260 161 1089 43 
1261 427 1093 480 
1262 47 150 46 
1263 99 154 98 
1264 649 650 256 
1265 678 690 680 
1266 600 1049 464 
1267 97 173 96 
1268 49 172 48 
1269 470 472 471 
1270 96 1092 95 
1271 604 773 772 
1272 95 146 94 
1273 51 142 50 
1274 632 633 562 
1275 609 663 662 
1276 464 470 465 
1277 173 1092 96 
1278 327 1128 386 
1279 624 871 623 
1280 95 1092 146 
1281 676 857 685 
1282 733 847 634 
1283 762 763 626 
1284 734 920 900 
1285 545 628 627 
1286 751 752 566 
1287 547 1164 415 
1288 447 488 487 
1289 542 543 541 
1290 101 1090 100 
1291 158 1090 101 
1292 668 728 727 
1293 298 482 296 
1294 663 734 689 
1295 795 1070 573 
1296 328 1108 327 
1297 273 275 274 
1298 234 382 232 
1299 660 775 774 
1300 52 1091 51 
1301 728 801 800 
1302 554 556 555 
1303 518 520 519 
1304 533 534 532 
1305 234 1071 382 
1306 51 1091 142 
1307 366 1096 429 
1308 482 1101 296 
1309 233 1067 235 
1310 488 549 489 
1311 329 486 342 
1312 402 439 437 
1313 125 1085 124 
1314 53 174 52 
1315 93 175 92 
1316 369 457 456 
1317 666 1099 668 
1318 536 537 534 
1319 447 487 375 
1320 308 310 309 
1321 702 849 703 
1322 450 664 593 
1323 229 1094 1002 
1324 253 1069 249 
1325 1086 1099 666 
1326 348 877 859 
1327 306 308 307 
1328 587 1015 443 
1329 453 759 758 
1330 350 1103 343 
1331 399 1172 1001 
1332 878 879 761 
1333 371 1064 361 
1334 457 576 575 
1335 668 1099 728 
1336 174 1091 52 
1337 769 1108 1103 
1338 443 1015 444 
1339 516 518 517 
1340 611 629 610 
1341 244 1102 247 
1342 304 306 305 
1343 232 1094 229 
1344 208 210 209 
1345 417 547 415 
1346 670 671 252 
1347 621 702 687 
1348 250 670 252 
1349 604 772 549 
1350 488 489 487 
1351 231 380 233 
1352 90 138 89 
1353 56 136 55 
1354 358 362 360 
1355 853 1031 735 
1356 384 1069 253 
1357 375 1103 350 
1358 760 761 656 
1359 567 782 764 
1360 512 514 513 
1361 609 662 485 
1362 236 1071 234 
1363 849 850 703 
1364 340 1060 325 
1365 443 444 442 
1366 453 758 367 
1367 489 769 487 
1368 623 1124 582 
1369 548 704 570 
1370 487 1103 375 
1371 1114 1134 243 
1372 621 687 452 
1373 812 1049 600 
1374 946 1194 1061 
1375 835 914 836 
1376 489 770 769 
1377 957 958 954 
1378 343 1108 328 
1379 702 703 687 
1380 678 1107 690 
1381 548 1183 704 
1382 247 1102 250 
1383 246 1114 243 
1384 483 1064 371 
1385 672 674 671 
1386 430 1105 368 
1387 464 465 379 
1388 748 814 813 
1389 699 700 684 
1390 759 882 758 
1391 240 1071 236 
1392 786 1115 547 
1393 888 942 887 
1394 352 1106 347 
1395 388 389 314 
1396 348 859 332 
1397 675 676 674 
1398 525 526 524 
1399 650 652 651 
1400 769 1103 487 
1401 588 798 797 
1402 663 689 662 
1403 323 1112 321 
1404 650 651 256 
1405 688 874 576 
1406 239 1134 240 
1407 380 1067 233 
1408 734 900 689 
1409 506 510 509 
1410 362 1116 360 
1411 551 1118 521 
1412 1105 1120 453 
1413 1002 1095 1055 
1414 385 1136 1102 
1415 640 1141 539 
1416 411 413 412 
1417 382 1094 232 
1418 1094 1095 1002 
1419 653 771 651 
1420 250 1102 670 
1421 357 1060 340 
1422 360 1116 369 
1423 457 688 576 
1424 532 1123 538 
1425 643 1125 783 
1426 210 211 209 
1427 470 471 465 
1428 296 1101 230 
1429 578 1104 577 
1430 414 418 416 
1431 670 672 671 
1432 452 1105 430 
1433 871 911 872 
1434 271 273 272 
1435 227 230 228 
1436 770 1128 769 
1437 390 391 389 
1438 88 176 87 
1439 58 177 57 
1440 216 469 218 
1441 256 1114 246 
1442 769 1128 1108 
1443 776 777 775 
1444 228 1100 231 
1445 672 675 674 
1446 695 748 747 
1447 659 660 658 
1448 222 225 224 
1449 652 654 653 
1450 880 919 718 
1451 369 1116 457 
1452 529 530 528 
1453 367 1106 352 
1454 220 1111 222 
1455 675 678 677 
1456 687 1105 452 
1457 872 1124 623 
1458 657 658 655 
1459 302 304 303 
1460 225 227 226 
1461 373 409 406 
1462 441 442 440 
1463 230 1100 228 
1464 935 939 933 
1465 474 475 445 
1466 654 656 655 
1467 485 1126 483 
1468 409 411 410 
1469 652 653 651 
1470 582 1124 581 
1471 678 680 679 
1472 771 1134 1114 
1473 898 1211 950 
1474 1108 1128 327 
1475 976 1215 975 
1476 284 285 282 
1477 295 585 297 
1478 223 269 242 
1479 425 445 424 
1480 758 1106 367 
1481 662 1126 485 
1482 675 677 676 
1483 681 686 679 
1484 879 890 761 
1485 689 1026 662 
1486 798 835 834 
1487 871 872 623 
1488 379 1110 357 
1489 269 271 270 
1490 214 1109 216 
1491 393 1122 395 
1492 651 1114 256 
1493 546 695 619 
1494 661 898 701 
1495 462 1093 427 
1496 715 789 788 
1497 223 242 221 
1498 639 948 723 
1499 657 661 659 
1500 680 682 681 
1501 660 776 775 
1502 738 1148 737 
1503 332 1112 323 
1504 703 1120 687 
1505 212 245 214 
1506 830 831 692 
1507 771 1114 651 
1508 1106 1135 381 
1509 426 1152 461 
1510 219 407 217 
1511 277 278 276 
1512 581 1104 578 
1513 279 280 278 
1514 483 1126 1064 
1515 457 1116 688 
1516 417 596 547 
1517 678 679 677 
1518 654 655 653 
1519 231 1100 380 
1520 299 373 301 
1521 281 282 280 
1522 275 276 274 
1523 494 497 496 
1524 620 692 568 
1525 657 659 658 
1526 911 1117 872 
1527 1126 1140 1064 
1528 208 209 207 
1529 1008 1141 640 
1530 295 1153 585 
1531 243 1134 239 
1532 1095 1191 1182 
1533 465 1110 379 
1534 404 424 403 
1535 221 1119 219 
1536 656 657 655 
1537 469 1098 218 
1538 682 684 683 
1539 687 1120 1105 
1540 859 1112 332 
1541 661 701 659 
1542 1098 1111 220 
1543 1237 1275 1057 
1544 816 817 814 
1545 398 1161 1122 
1546 1064 1140 359 
1547 85 139 84 
1548 61 140 60 
1549 680 681 679 
1550 1026 1126 662 
1551 537 542 541 
1552 898 899 701 
1553 1310 1312 337 
1554 439 440 437 
1555 206 208 207 
1556 215 254 213 
1557 357 1110 1060 
1558 543 559 558 
1559 577 1093 462 
1560 613 1113 472 
1561 217 1121 215 
1562 730 922 557 
1563 657 1127 661 
1564 761 1127 656 
1565 385 1169 1136 
1566 831 1129 692 
1567 1026 1140 1126 
1568 473 493 492 
1569 653 1131 771 
1570 565 1132 698 
1571 392 393 391 
1572 810 811 691 
1573 522 525 524 
1574 882 1135 758 
1575 700 705 684 
1576 422 435 434 
1577 1102 1136 670 
1578 782 821 764 
1579 682 683 681 
1580 628 737 627 
1581 515 516 514 
1582 83 179 82 
1583 63 178 62 
1584 658 1131 655 
1585 751 753 752 
1586 312 388 314 
1587 694 708 596 
1588 567 1133 782 
1589 295 296 230 
1590 672 1136 1107 
1591 765 1138 766 
1592 670 1136 672 
1593 642 1008 640 
1594 400 1145 426 
1595 1136 1169 1107 
1596 539 1141 531 
1597 227 295 230 
1598 758 1135 1106 
1599 273 274 272 
1600 656 1127 657 
1601 526 529 528 
1602 420 421 419 
1603 64 1130 63 
1604 614 691 550 
1605 222 1111 225 
1606 436 438 401 
1607 418 419 416 
1608 805 889 868 
1609 565 698 606 
1610 890 1127 761 
1611 530 533 532 
1612 511 512 510 
1613 65 147 64 
1614 81 148 80 
1615 271 272 270 
1616 417 694 596 
1617 206 259 208 
1618 216 1109 469 
1619 1026 1170 376 
1620 373 406 301 
1621 472 473 471 
1622 709 1146 711 
1623 655 1131 653 
1624 413 414 412 
1625 808 825 629 
1626 297 298 296 
1627 556 616 615 
1628 451 1178 918 
1629 210 1157 212 
1630 351 1177 365 
1631 301 302 300 
1632 414 415 412 
1633 272 408 270 
1634 748 813 747 
1635 269 270 242 
1636 692 1149 568 
1637 691 1147 550 
1638 774 1155 1131 
1639 79 1142 78 
1640 409 410 406 
1641 295 297 296 
1642 299 300 298 
1643 473 1113 493 
1644 416 417 415 
1645 401 1161 398 
1646 752 1171 566 
1647 518 535 520 
1648 711 714 713 
1649 411 412 410 
1650 302 315 304 
1651 410 693 406 
1652 461 1152 588 
1653 505 506 504 
1654 588 1152 798 
1655 525 1154 526 
1656 695 747 619 
1657 585 1143 297 
1658 709 710 708 
1659 308 317 310 
1660 622 697 544 
1661 1134 1155 240 
1662 245 1109 214 
1663 1125 1226 783 
1664 442 466 440 
1665 388 390 389 
1666 397 404 403 
1667 713 715 712 
1668 711 712 710 
1669 512 515 514 
1670 242 1119 221 
1671 1027 1182 490 
1672 533 536 534 
1673 297 299 298 
1674 299 1143 373 
1675 402 437 436 
1676 798 918 835 
1677 414 416 415 
1678 219 1119 407 
1679 967 1238 985 
1680 299 301 300 
1681 559 590 560 
1682 944 1209 899 
1683 251 1180 255 
1684 554 555 459 
1685 473 491 471 
1686 276 283 274 
1687 694 709 708 
1688 815 1201 816 
1689 390 392 391 
1690 776 1199 1000 
1691 503 504 501 
1692 407 1121 217 
1693 506 511 510 
1694 515 550 516 
1695 138 1388 865 
1696 515 567 550 
1697 497 498 496 
1698 500 501 499 
1699 503 507 505 
1700 282 289 280 
1701 614 810 691 
1702 1137 1213 768 
1703 711 1146 714 
1704 673 1180 252 
1705 421 423 419 
1706 206 207 205 
1707 399 402 401 
1708 68 155 67 
1709 78 156 77 
1710 422 434 421 
1711 567 764 614 
1712 494 495 492 
1713 475 611 610 
1714 498 502 500 
1715 493 494 492 
1716 215 1121 254 
1717 212 1157 245 
1718 520 1139 522 
1719 511 1133 512 
1720 498 499 496 
1721 526 1154 529 
1722 472 1113 473 
1723 204 206 205 
1724 507 545 544 
1725 209 263 207 
1726 689 1170 1026 
1727 620 830 692 
1728 607 767 569 
1729 388 696 390 
1730 713 736 715 
1731 310 1162 312 
1732 545 627 622 
1733 709 711 710 
1734 711 713 712 
1735 771 1155 1134 
1736 392 399 398 
1737 1130 1315 838 
1738 1065 1169 385 
1739 567 614 550 
1740 695 1185 748 
1741 437 476 436 
1742 622 787 697 
1743 1131 1155 771 
1744 606 751 566 
1745 392 398 393 
1746 227 1153 295 
1747 536 1149 537 
1748 402 436 401 
1749 398 1122 393 
1750 459 1132 435 
1751 516 1147 518 
1752 766 1138 805 
1753 395 1144 397 
1754 798 1152 918 
1755 494 496 495 
1756 63 1130 178 
1757 737 891 627 
1758 1155 1175 240 
1759 503 505 504 
1760 498 500 499 
1761 512 1133 515 
1762 473 492 491 
1763 440 1150 437 
1764 225 1153 227 
1765 811 1160 691 
1766 297 1143 299 
1767 546 1165 695 
1768 399 401 398 
1769 529 1165 530 
1770 522 1139 525 
1771 606 790 751 
1772 417 1159 694 
1773 507 544 505 
1774 312 1162 388 
1775 302 1151 315 
1776 500 503 501 
1777 438 1161 401 
1778 737 892 891 
1779 585 1207 998 
1780 620 832 830 
1781 147 1130 64 
1782 301 1151 302 
1783 546 619 568 
1784 204 205 203 
1785 550 1147 516 
1786 545 622 544 
1787 570 617 607 
1788 565 566 434 
1789 1111 1153 225 
1790 530 1165 533 
1791 1122 1144 395 
1792 693 1151 406 
1793 533 546 536 
1794 1107 1169 690 
1795 1169 1174 690 
1796 535 1139 520 
1797 619 620 568 
1798 415 1164 412 
1799 202 204 203 
1800 546 568 536 
1801 805 1138 889 
1802 897 1258 896 
1803 70 181 69 
1804 76 180 75 
1805 900 1170 689 
1806 406 1151 301 
1807 435 565 434 
1808 1065 1174 1169 
1809 315 1235 1229 
1810 425 474 445 
1811 437 1150 476 
1812 565 606 566 
1813 518 1147 535 
1814 317 1162 310 
1815 404 425 424 
1816 410 1164 693 
1817 416 1159 417 
1818 537 1149 542 
1819 1159 1176 694 
1820 515 1133 567 
1821 548 570 569 
1822 774 1175 1155 
1823 556 615 555 
1824 737 1148 892 
1825 466 1150 440 
1826 474 1168 475 
1827 388 1162 696 
1828 775 1175 774 
1829 506 1166 511 
1830 505 1166 506 
1831 690 1174 1097 
1832 423 1159 419 
1833 412 1164 410 
1834 202 203 201 
1835 607 796 767 
1836 419 1159 416 
1837 570 607 569 
1838 697 1166 544 
1839 568 1149 536 
1840 747 1158 619 
1841 435 1132 565 
1842 764 1163 614 
1843 425 548 474 
1844 965 1243 964 
1845 78 1142 156 
1846 992 1249 991 
1847 721 754 616 
1848 1226 1229 783 
1849 533 1165 546 
1850 238 1174 1065 
1851 548 569 474 
1852 397 1144 404 
1853 709 1176 1146 
1854 200 202 201 
1855 614 1163 810 
1856 591 1189 725 
1857 1239 1250 287 
1858 181 1343 927 
1859 1182 1191 777 
1860 423 1176 1159 
1861 349 1220 1209 
1862 203 337 201 
1863 619 1158 620 
1864 620 1158 832 
1865 891 1167 627 
1866 555 1132 459 
1867 767 1168 569 
1868 627 1167 622 
1869 777 1184 775 
1870 542 1187 543 
1871 75 1156 74 
1872 705 1204 1194 
1873 918 1178 835 
1874 503 1173 507 
1875 240 1175 1071 
1876 421 1171 423 
1877 377 1308 863 
1878 363 1177 351 
1879 544 1166 505 
1880 1129 1187 542 
1881 502 1173 500 
1882 622 1167 787 
1883 475 1168 611 
1884 252 1180 251 
1885 776 1192 777 
1886 611 808 629 
1887 696 1172 390 
1888 1094 1191 1095 
1889 392 1172 399 
1890 200 201 199 
1891 701 1220 1199 
1892 835 1178 914 
1893 238 1181 1174 
1894 390 1172 392 
1895 482 1204 1101 
1896 618 793 590 
1897 775 1184 1175 
1898 200 338 202 
1899 1161 1216 1200 
1900 1067 1181 238 
1901 1101 1196 1100 
1902 500 1173 503 
1903 777 1191 1184 
1904 198 200 199 
1905 277 1209 279 
1906 1166 1186 511 
1907 694 1176 709 
1908 434 1171 421 
1909 569 1168 474 
1910 566 1171 434 
1911 1225 1232 1110 
1912 1174 1181 1097 
1913 1095 1182 1027 
1914 849 1248 867 
1915 72 187 71 
1916 74 188 73 
1917 559 618 590 
1918 1032 1238 294 
1919 1097 1181 699 
1920 1071 1184 382 
1921 1175 1184 1071 
1922 683 1198 886 
1923 266 1206 268 
1924 329 1206 486 
1925 660 1199 776 
1926 201 1179 199 
1927 705 1198 684 
1928 697 1186 1166 
1929 529 1185 1165 
1930 728 1210 801 
1931 752 1197 1171 
1932 1115 1188 693 
1933 197 377 195 
1934 362 1244 878 
1935 699 1190 700 
1936 701 1199 659 
1937 1187 1202 618 
1938 198 199 197 
1939 431 1210 1099 
1940 1067 1190 1181 
1941 1154 1185 529 
1942 1133 1186 782 
1943 1184 1191 382 
1944 992 1257 1249 
1945 543 1187 559 
1946 1201 1212 816 
1947 511 1186 1133 
1948 1165 1185 695 
1949 1181 1190 699 
1950 362 1205 1116 
1951 777 1192 1182 
1952 995 1257 992 
1953 1161 1200 1122 
1954 1129 1202 1187 
1955 425 1183 548 
1956 380 1190 1067 
1957 725 829 780 
1958 1182 1192 490 
1959 180 1156 75 
1960 382 1191 1094 
1961 1151 1188 315 
1962 862 1267 780 
1963 955 1245 956 
1964 337 1179 201 
1965 590 1189 591 
1966 1098 1207 1111 
1967 788 1217 712 
1968 1190 1196 700 
1969 693 1188 1151 
1970 525 1201 1154 
1971 1144 1183 404 
1972 404 1183 425 
1973 873 1227 850 
1974 998 1234 996 
1975 559 1187 618 
1976 380 1196 1190 
1977 1061 1194 482 
1978 337 1312 1179 
1979 782 1203 821 
1980 613 1214 1113 
1981 967 1243 1238 
1982 1209 1220 899 
1983 677 1221 676 
1984 1127 1211 661 
1985 1183 1200 704 
1986 196 198 197 
1987 1098 1234 1207 
1988 147 1315 1130 
1989 1153 1207 585 
1990 872 1215 1124 
1991 996 1231 995 
1992 1100 1196 380 
1993 1171 1197 423 
1994 1160 1228 1212 
1995 1124 1215 976 
1996 1088 1284 158 
1997 697 1203 1186 
1998 1206 1248 486 
1999 1199 1220 1000 
2000 956 1241 957 
2001 1186 1203 782 
2002 74 1156 188 
2003 1154 1201 815 
2004 880 1245 919 
2005 196 428 198 
2006 196 1279 428 
2007 1101 1204 1196 
2008 850 1227 703 
2009 1120 1227 759 
2010 465 1225 1110 
2011 725 1189 829 
2012 985 1225 491 
2013 684 1198 683 
2014 793 1189 590 
2015 996 1234 1231 
2016 491 1225 471 
2017 1200 1216 704 
2018 1168 1195 611 
2019 659 1199 660 
2020 1293 1368 866 
2021 338 1278 913 
2022 1060 1232 1032 
2023 308 1226 317 
2024 1160 1212 535 
2025 1176 1197 1146 
2026 317 1226 1125 
2027 1261 1271 1015 
2028 1128 1233 386 
2029 1000 1220 349 
2030 268 1206 329 
2031 423 1197 1176 
2032 870 1298 1265 
2033 772 1237 549 
2034 489 1237 770 
2035 696 1213 1137 
2036 1116 1205 688 
2037 611 1195 808 
2038 700 1204 705 
2039 752 1218 1197 
2040 1139 1201 525 
2041 688 1208 874 
2042 290 1239 287 
2043 196 197 195 
2044 285 1251 1241 
2045 1122 1200 1144 
2046 787 1203 697 
2047 315 1229 304 
2048 349 1209 277 
2049 1205 1208 688 
2050 1099 1210 728 
2051 307 1246 344 
2052 767 1195 1168 
2053 1111 1207 1153 
2054 1144 1200 1183 
2055 831 1202 1129 
2056 1162 1213 696 
2057 1197 1218 1146 
2058 785 1291 914 
2059 1229 1235 783 
2060 710 1274 708 
2061 1212 1228 816 
2062 1196 1204 700 
2063 786 1254 1115 
2064 912 1273 913 
2065 706 1252 943 
2066 913 1280 720 
2067 630 1247 1068 
2068 809 1247 667 
2069 838 1214 613 
2070 753 1218 752 
2071 894 1258 895 
2072 789 1297 788 
2073 916 1273 915 
2074 890 1211 1127 
2075 1207 1234 998 
2076 985 1232 1225 
2077 1072 1411 1334 
2078 716 1256 779 
2079 263 1240 207 
2080 1139 1212 1201 
2081 535 1212 1139 
2082 895 1256 717 
2083 960 1251 962 
2084 833 1281 1202 
2085 263 1305 1302 
2086 867 1248 1206 
2087 721 1280 858 
2088 284 1250 285 
2089 1117 1215 872 
2090 344 1269 947 
2091 317 1213 1162 
2092 827 1219 733 
2093 1219 1222 733 
2094 942 1277 316 
2095 676 1221 857 
2096 965 1250 1239 
2097 733 1222 847 
2098 712 1217 710 
2099 993 1266 1262 
2100 899 1220 701 
2101 194 196 195 
2102 757 1223 861 
2103 757 1224 1223 
2104 587 1261 1015 
2105 1146 1218 714 
2106 486 1224 757 
2107 438 1216 1161 
2108 471 1225 465 
2109 289 1253 280 
2110 1232 1238 1032 
2111 788 1263 1217 
2112 822 1264 190 
2113 276 1255 283 
2114 259 1268 925 
2115 179 1259 82 
2116 902 1262 719 
2117 272 1260 408 
2118 81 1259 148 
2119 306 1226 308 
2120 444 1263 442 
2121 316 1277 311 
2122 283 1260 274 
2123 259 1266 208 
2124 786 1261 1254 
2125 708 1271 596 
2126 210 1266 1157 
2127 572 1275 468 
2128 703 1227 1120 
2129 816 1228 817 
2130 408 1270 270 
2131 206 1268 259 
2132 285 1242 282 
2133 242 1270 1119 
2134 192 602 194 
2135 153 1283 941 
2136 306 1229 1226 
2137 1084 1332 151 
2138 304 1229 306 
2139 1239 1243 965 
2140 194 195 193 
2141 1157 1266 993 
2142 1231 1257 995 
2143 919 1245 955 
2144 811 1228 1160 
2145 1110 1232 1060 
2146 783 1235 707 
2147 770 1233 1128 
2148 1109 1231 469 
2149 151 1298 869 
2150 282 1242 289 
2151 773 1236 772 
2152 549 1237 489 
2153 1265 1298 755 
2154 469 1234 1098 
2155 338 1272 202 
2156 294 1239 290 
2157 1231 1234 469 
2158 964 1243 967 
2159 190 1264 192 
2160 879 1244 1030 
2161 56 1282 136 
2162 177 1282 57 
2163 878 1244 879 
2164 780 1267 781 
2165 207 1240 205 
2166 956 1242 1241 
2167 263 1302 1240 
2168 1250 1251 285 
2169 957 1241 960 
2170 1270 1294 1119 
2171 200 1278 338 
2172 1188 1235 315 
2173 1217 1263 444 
2174 157 1355 844 
2175 727 1284 1072 
2176 1198 1269 886 
2177 909 1300 183 
2178 309 1246 307 
2179 786 1271 1261 
2180 667 1247 630 
2181 865 1388 1293 
2182 708 1274 1271 
2183 428 1278 198 
2184 1109 1257 1231 
2185 985 1238 1232 
2186 947 1269 1198 
2187 146 1289 94 
2188 93 1289 175 
2189 192 194 193 
2190 943 1296 722 
2191 1157 1249 245 
2192 61 1288 140 
2193 714 1286 713 
2194 287 1250 284 
2195 178 1288 62 
2196 468 1275 1236 
2197 731 1294 897 
2198 792 1252 706 
2199 962 1251 965 
2200 896 1258 894 
2201 987 1291 784 
2202 280 1253 278 
2203 16 1350 892 
2204 722 1295 731 
2205 1249 1257 245 
2206 1241 1242 285 
2207 806 1290 804 
2208 278 1255 276 
2209 717 1256 716 
2210 1253 1255 278 
2211 309 1277 1246 
2212 82 1259 81 
2213 194 1279 196 
2214 993 1262 902 
2215 1236 1275 772 
2216 707 1261 587 
2217 245 1257 1109 
2218 274 1260 272 
2219 1115 1254 1188 
2220 915 1273 912 
2221 731 1295 1294 
2222 208 1266 210 
2223 204 1268 206 
2224 792 1303 1299 
2225 192 193 191 
2226 840 1366 140 
2227 6 185 7 
2228 202 1272 204 
2229 442 1263 466 
2230 886 1269 888 
2231 596 1271 786 
2232 270 1270 242 
2233 722 1296 1295 
2234 8 157 9 
2235 1202 1281 618 
2236 204 1272 1268 
2237 863 1307 1292 
2238 863 1308 726 
2239 1188 1254 1235 
2240 1235 1254 707 
2241 1254 1261 707 
2242 486 1248 1224 
2243 175 1293 92 
2244 1015 1274 444 
2245 294 1243 1239 
2246 965 1251 1250 
2247 1057 1275 572 
2248 723 1305 792 
2249 311 1277 309 
2250 836 1400 1142 
2251 724 1308 791 
2252 1214 1315 806 
2253 198 1278 200 
2254 134 1301 133 
2255 12 1300 11 
2256 720 1280 721 
2257 1006 1285 1005 
2258 794 1302 730 
2259 185 822 190 
2260 897 1294 1270 
2261 1045 1328 856 
2262 254 1299 213 
2263 865 1409 138 
2264 729 1310 794 
2265 864 1409 865 
2266 1142 1333 836 
2267 105 1304 104 
2268 791 1312 635 
2269 1271 1274 1015 
2270 209 1303 263 
2271 618 1281 793 
2272 814 1306 813 
2273 57 1282 56 
2274 192 1264 602 
2275 170 1311 1084 
2276 792 1299 1252 
2277 602 1279 194 
2278 1179 1312 791 
2279 1003 1283 153 
2280 1228 1276 817 
2281 190 192 191 
2282 845 846 799 
2283 844 845 799 
2284 811 1276 1228 
2285 982 1317 1297 
2286 203 1309 337 
2287 157 799 9 
2288 854 1396 139 
2289 179 1396 854 
2290 800 1284 727 
2291 1179 1313 199 
2292 195 1292 193 
2293 1240 1302 794 
2294 154 1316 98 
2295 97 1316 173 
2296 197 1313 377 
2297 1091 1285 142 
2298 1163 1383 810 
2299 920 1324 841 
2300 185 189 7 
2301 791 1313 1179 
2302 713 1286 736 
2303 190 191 189 
2304 62 1288 61 
2305 1252 1299 254 
2306 94 1289 93 
2307 793 1314 1189 
2308 825 1318 629 
2309 154 1367 839 
2310 1240 1309 205 
2311 171 1353 107 
2312 853 1321 1031 
2313 579 1321 1043 
2314 44 1319 161 
2315 157 844 799 
2316 1012 1322 1013 
2317 794 1309 1240 
2318 180 1318 1156 
2319 176 1323 87 
2320 804 1290 820 
2321 837 1410 842 
2322 842 1410 812 
2323 819 1324 734 
2324 929 1359 181 
2325 784 1291 785 
2326 862 1363 162 
2327 185 190 189 
2328 141 1364 833 
2329 1163 1342 144 
2330 141 1326 31 
2331 138 1409 843 
2332 193 1292 756 
2333 160 1329 130 
2334 92 1293 91 
2335 129 1329 1003 
2336 1043 1328 583 
2337 938 1370 1216 
2338 1044 1328 1045 
2339 1119 1294 407 
2340 115 1320 1079 
2341 407 1295 1121 
2342 1294 1295 407 
2343 914 1400 836 
2344 923 1305 723 
2345 1302 1305 923 
2346 1295 1296 1121 
2347 1121 1296 254 
2348 788 1297 1263 
2349 38 1391 162 
2350 987 1369 156 
2351 1006 1287 1285 
2352 213 1299 211 
2353 183 1300 12 
2354 133 1301 184 
2355 1285 1325 1005 
2356 1299 1303 211 
2357 730 1302 923 
2358 869 1298 870 
2359 211 1303 209 
2360 1203 1327 821 
2361 781 1307 863 
2362 104 1304 182 
2363 1283 1398 941 
2364 116 1320 115 
2365 152 1395 1167 
2366 148 1333 80 
2367 79 1333 1142 
2368 162 1363 37 
2369 817 1306 814 
2370 778 1335 750 
2371 726 1308 724 
2372 903 1310 729 
2373 903 1312 1310 
2374 65 1337 147 
2375 790 1338 751 
2376 150 1340 46 
2377 149 1314 1083 
2378 205 1309 203 
2379 1148 1352 907 
2380 810 1339 811 
2381 139 1344 856 
2382 1081 1311 170 
2383 1091 1325 1285 
2384 1039 1377 1038 
2385 635 1312 903 
2386 1263 1297 466 
2387 199 1313 197 
2388 85 1344 139 
2389 714 1379 1286 
2390 58 1345 177 
2391 1297 1317 466 
2392 1189 1314 829 
2393 1051 1361 150 
2394 70 1343 181 
2395 745 1351 742 
2396 934 1349 935 
2397 171 1384 1353 
2398 187 1343 71 
2399 55 1346 54 
2400 834 1408 1354 
2401 940 1317 982 
2402 168 1320 116 
2403 930 1395 152 
2404 843 1341 921 
2405 738 1352 1148 
2406 796 1347 767 
2407 617 1398 1283 
2408 838 1315 1214 
2409 749 1341 843 
2410 744 1352 740 
2411 1284 1362 158 
2412 807 1368 1010 
2413 191 1355 189 
2414 891 1350 152 
2415 98 1316 97 
2416 150 1387 1051 
2417 36 1363 149 
2418 67 1356 66 
2419 1079 1320 790 
2420 764 1342 1163 
2421 1050 1361 1051 
2422 818 1361 795 
2423 152 1350 17 
2424 68 1359 155 
2425 32 1364 141 
2426 169 1364 33 
2427 181 1359 69 
2428 926 1407 744 
2429 744 1351 926 
2430 754 1357 616 
2431 926 1351 928 
2432 99 1367 154 
2433 1090 1367 100 
2434 1354 1408 148 
2435 809 1392 1089 
2436 140 1366 60 
2437 466 1317 1150 
2438 1013 1371 1063 
2439 832 1326 830 
2440 908 1407 926 
2441 135 1401 1024 
2442 612 1410 837 
2443 870 1384 171 
2444 747 1331 1158 
2445 570 1370 617 
2446 812 1410 1049 
2447 4 1372 105 
2448 40 1372 4 
2449 156 1369 77 
2450 76 1369 180 
2451 16 1402 15 
2452 936 1398 938 
2453 1286 1379 1024 
2454 629 1318 986 
2455 29 1389 167 
2456 147 1337 1290 
2457 47 1387 150 
2458 172 1387 48 
2459 90 1388 138 
2460 139 1396 84 
2461 83 1396 179 
2462 45 1319 44 
2463 1031 1321 579 
2464 11 1375 3 
2465 5 1376 134 
2466 159 1402 1148 
2467 3 1375 72 
2468 73 1376 5 
2469 1267 1397 781 
2470 1005 1325 778 
2471 1148 1402 892 
2472 1092 1322 146 
2473 1041 1386 1040 
2474 1011 1322 1012 
2475 87 1323 86 
2476 1216 1370 704 
2477 813 1331 747 
2478 929 1390 978 
2479 734 1324 920 
2480 1195 1365 808 
2481 174 1325 1091 
2482 1024 1401 1286 
2483 162 1391 1348 
2484 753 1379 1218 
2485 800 1362 1284 
2486 31 1326 30 
2487 793 1374 1314 
2488 185 1330 822 
2489 808 1385 825 
2490 940 1336 1317 
2491 1090 1362 802 
2492 1317 1336 1150 
2493 583 1328 1044 
2494 1311 1357 754 
2495 787 1327 1203 
2496 130 1329 129 
2497 45 1340 1319 
2498 755 1332 754 
2499 167 1331 1022 
2500 1293 1388 91 
2501 1284 1411 1072 
2502 1323 1344 86 
2503 162 1348 1267 
2504 1286 1401 736 
2505 817 1377 1306 
2506 6 1330 185 
2507 745 1390 1351 
2508 978 1390 745 
2509 151 1332 1298 
2510 797 1354 852 
2511 834 1354 797 
2512 80 1333 79 
2513 1023 1360 168 
2514 935 1336 940 
2515 1290 1337 820 
2516 1314 1374 1083 
2517 2 1373 39 
2518 832 1389 1326 
2519 1365 1385 808 
2520 1088 1411 1284 
2521 1316 1371 173 
2522 53 1358 174 
2523 825 1380 1318 
2524 750 1335 1041 
2525 66 1337 65 
2526 803 1381 978 
2527 751 1338 753 
2528 813 1393 1331 
2529 1150 1336 476 
2530 821 1342 764 
2531 852 1354 1259 
2532 54 1358 53 
2533 1322 1382 146 
2534 46 1340 45 
2535 826 1341 749 
2536 1011 1382 1322 
2537 1298 1332 755 
2538 476 1378 436 
2539 1216 1403 938 
2540 144 1342 945 
2541 921 1341 176 
2542 1326 1389 30 
2543 71 1343 70 
2544 1024 1360 1023 
2545 86 1344 85 
2546 1080 1404 1077 
2547 59 1345 58 
2548 844 1397 845 
2549 811 1339 1276 
2550 787 1395 1327 
2551 1077 1404 1081 
2552 1346 1386 1041 
2553 843 1409 864 
2554 1355 1405 189 
2555 1331 1393 1022 
2556 17 1350 16 
2557 928 1390 929 
2558 1142 1400 156 
2559 136 1346 55 
2560 937 1349 934 
2561 826 1394 1341 
2562 742 1351 744 
2563 892 1350 891 
2564 1307 1397 844 
2565 740 1352 738 
2566 1304 1334 182 
2567 1081 1357 1311 
2568 767 1347 1195 
2569 1341 1394 176 
2570 910 1365 160 
2571 756 1355 191 
2572 158 1362 1090 
2573 1259 1354 148 
2574 821 1412 1342 
2575 169 1374 1281 
2576 744 1407 1352 
2577 59 1366 1345 
2578 1334 1411 182 
2579 846 1391 1373 
2580 828 1371 1316 
2581 436 1378 438 
2582 107 1353 106 
2583 1342 1412 945 
2584 134 1376 1301 
2585 1300 1375 11 
2586 155 1356 67 
2587 616 1357 615 
2588 845 1348 846 
2589 69 1359 68 
2590 1318 1380 1156 
2591 820 1381 803 
2592 1089 1392 186 
2593 156 1400 1291 
2594 795 1361 1050 
2595 1353 1384 822 
2596 802 1362 800 
2597 37 1363 36 
2598 105 1372 1304 
2599 33 1364 32 
2600 810 1383 1339 
2601 1373 1391 39 
2602 1378 1403 438 
2603 60 1366 59 
2604 100 1367 99 
2605 77 1369 76 
2606 704 1370 570 
2607 1063 1371 828 
2608 1306 1393 813 
2609 1291 1400 914 
2610 1087 1372 40 
2611 168 1360 1338 
2612 146 1382 1289 
2613 1083 1374 169 
2614 1281 1374 793 
2615 72 1375 187 
2616 188 1376 73 
2617 438 1403 1216 
2618 174 1358 1335 
2619 1010 1382 1011 
2620 1156 1380 188 
2621 184 1385 910 
2622 1040 1386 1042 
2623 165 1383 983 
2624 148 1408 1333 
2625 1386 1406 1042 
2626 615 1404 1080 
2627 1218 1379 714 
2628 136 1406 1386 
2629 39 1391 38 
2630 48 1387 47 
2631 176 1394 1323 
2632 91 1388 90 
2633 1301 1376 188 
2634 187 1375 1300 
2635 10 1373 2 
2636 30 1389 29 
2637 1330 1353 822 
2638 1081 1404 1357 
2639 941 1398 936 
2640 1022 1393 137 
2641 1045 1394 826 
2642 823 1392 809 
2643 1036 1401 135 
2644 1327 1412 821 
2645 15 1402 159 
2646 907 1407 908 
2647 938 1403 937 
2648 937 1403 1378 
2649 84 1396 83 
2650 186 1399 1087 
2651 822 1384 1264 
2652 1042 1406 819 
2653 1049 1410 612 
2654 945 1412 166 
2655 836 1408 834 
2656 1167 1395 787 
2657 1282 1406 136 
2658 182 1411 1088 
2659 1351 1390 928 
2660 1276 1377 817 
2661 1349 1378 476 
2662 1304 1372 1087 
2663 1289 1382 1010 
2664 910 1385 1365 
2665 137 1393 1306 
2666 8 1405 157 
2667 819 1406 1282 
2668 1335 1358 1041 
2669 160 1365 1347 
2670 1338 1360 753 
2671 106 1353 1330 
2672 1357 1404 615 
2673 781 1397 1307 
2674 823 1399 1392 
2675 1334 1399 823 
2676 1323 1394 1045 
2677 1352 1407 907 
2678 166 1412 1327 
2679 1339 1383 165 
2680 1356 1381 820 
2681 1347 1365 1195 
2682 1392 1399 186 
2683 937 1378 1349 
2684 136 1386 1346 
2685 1333 1408 836 
2686 155 1381 1356 
2687 1348 1391 846 
2688 157 1405 1355 
$EndElements
