$MeshFormat
4.1 0 8
$EndMeshFormat
$PhysicalNames
7
1 1 "bottom"
1 2 "top"
1 3 "left"
1 4 "right"
1 5 "hole1"
1 6 "hole2"
2 1 "domain"
$EndPhysicalNames
$Entities
6 6 1 0
6 0.625 0.25 0 0 
7 0.7500000000000001 0.8749999999999999 0 0 
8 0 0 0 0 
9 1 0 0 0 
10 0 1 0 0 
11 1 1 0 0 
6 0.1249999 0.1249999 -1e-07 0.6250000999999999 0.3750001 1e-07 1 6 2 6 -6 
7 0.6249999000000002 0.3749999 -1e-07 0.8750001000000001 0.8750000999999999 1e-07 1 5 2 7 -7 
8 -9.999999994736442e-08 -1e-07 -1e-07 1.0000001 1e-07 1e-07 1 1 2 8 -9 
9 -1e-07 -9.999999994736442e-08 -1e-07 1e-07 1.0000001 1e-07 1 3 2 10 -8 
10 0.9999999000000001 -9.999999994736442e-08 -1e-07 1.0000001 1.0000001 1e-07 1 4 2 9 -11 
11 -9.999999994736442e-08 0.9999999000000001 -1e-07 1.0000001 1.0000001 1e-07 1 2 2 11 -10 
1 -9.999999994736442e-08 -9.999999994736442e-08 -1e-07 1.0000001 1.0000001 1e-07 1 1 6 8 10 11 9 -6 -7 
$EndEntities
$Nodes
13 2571 1 2571
0 6 0 1
1
0.625 0.25 0
0 7 0 1
2
0.7500000000000001 0.875 0
0 8 0 1
3
0 0 0
0 9 0 1
4
1 0 0
0 10 0 1
5
0 1 0
0 11 0 1
6
1 1 0
1 6 0 60
7
8
9
10
11
12
13
14
15
16
17
18
19
20
21
22
23
24
25
26
27
28
29
30
31
32
33
34
35
36
37
38
39
40
41
42
43
44
45
46
47
48
49
50
51
52
53
54
55
56
57
58
59
60
61
62
63
64
65
66
0.6219281313750038 0.2695352113864228 0
0.6135117375612069 0.2874571456651931 0
0.6013279303814529 0.3030934740086957 0
0.5866989293443028 0.3164897798809634 0
0.5704802715482502 0.3279221782219645 0
0.5531944867117482 0.3376737202722923 0
0.535166206211116 0.3459775838255192 0
0.5166053948656442 0.3530144554722116 0
0.4976540670541205 0.3589219672920519 0
0.4784126436970675 0.3638044651184471 0
0.4589552534854681 0.3677407272486785 0
0.4393389989478638 0.3707895827610838 0
0.4196098334199744 0.3729938644427458 0
0.3998064888990338 0.3743831159246525 0
0.3799632629381332 0.3749753635931968 0
0.3601121708511691 0.3747781556836324 0
0.3402847864660675 0.3737889877465818 0
0.3205140235524592 0.3719951621689955 0
0.3008360955623282 0.369373065721041 0
0.2812929419753442 0.3658867844885298 0
0.2619355014358565 0.3614858950321057 0
0.242828487449723 0.3561021810216123 0
0.2240577211538663 0.349644905109012 0
0.2057419711619204 0.3419941841556408 0
0.1880529566560549 0.3329921728010496 0
0.1712501904784759 0.322432753502719 0
0.1557441251211575 0.3100559350337529 0
0.1422035221469091 0.2955680806573948 0
0.1317087435986765 0.2787635383718062 0
0.1257830062973265 0.2598854697637693 0
0.1257830062973248 0.2401145302362412 0
0.131708743598672 0.2212364616282033 0
0.1422035221469025 0.2044319193426136 0
0.15574412512115 0.189944064966254 0
0.1712501904784683 0.1775672464972863 0
0.1880529566560477 0.1670078271989545 0
0.2057419711619128 0.1580058158443627 0
0.2240577211538586 0.1503550948909909 0
0.2428284874497159 0.1438978189783899 0
0.2619355014358506 0.1385141049678958 0
0.2812929419753397 0.1341132155114711 0
0.3008360955623228 0.1306269342789599 0
0.3205140235524542 0.1280048378310051 0
0.340284786466063 0.1262110122534186 0
0.3601121708511649 0.1252218443163677 0
0.379963262938129 0.1250246364068032 0
0.39980648889903 0.1256168840753474 0
0.419609833419971 0.1270061355572539 0
0.4393389989478592 0.1292104172389157 0
0.4589552534854635 0.1322592727513207 0
0.4784126436970625 0.1361955348815518 0
0.4976540670541174 0.1410780327079472 0
0.5166053948656422 0.1469855445277878 0
0.5351662062111144 0.1540224161744801 0
0.5531944867117468 0.162326279727707 0
0.5704802715482484 0.1720778217780344 0
0.5866989293443012 0.1835102201190353 0
0.6013279303814515 0.1969065259913028 0
0.613511737561207 0.2125428543348071 0
0.6219281313750039 0.2304647886135776 0
1 7 0 60
67
68
69
70
71
72
73
74
75
76
77
78
79
80
81
82
83
84
85
86
87
88
89
90
91
92
93
94
95
96
97
98
99
100
101
102
103
104
105
106
107
108
109
110
111
112
113
114
115
116
117
118
119
120
121
122
123
124
125
126
0.7304647886135773 0.8719281313750038 0
0.712542854334807 0.8635117375612069 0
0.6969065259913044 0.8513279303814529 0
0.6835102201190367 0.8366989293443028 0
0.6720778217780357 0.8204802715482502 0
0.6623262797277079 0.8031944867117482 0
0.654022416174481 0.785166206211116 0
0.6469855445277886 0.7666053948656442 0
0.6410780327079482 0.7476540670541205 0
0.636195534881553 0.7284126436970675 0
0.6322592727513217 0.7089552534854681 0
0.6292104172389164 0.6893389989478638 0
0.6270061355572543 0.6696098334199745 0
0.6256168840753477 0.6498064888990338 0
0.6250246364068033 0.6299632629381332 0
0.6252218443163677 0.6101121708511691 0
0.6262110122534184 0.5902847864660675 0
0.6280048378310046 0.5705140235524592 0
0.6306269342789591 0.5508360955623282 0
0.6341132155114703 0.5312929419753443 0
0.6385141049678944 0.5119355014358565 0
0.6438978189783877 0.4928284874497231 0
0.6503550948909881 0.4740577211538664 0
0.6580058158443594 0.4557419711619204 0
0.6670078271989505 0.4380529566560549 0
0.6775672464972811 0.4212501904784759 0
0.6899440649662472 0.4057441251211575 0
0.7044319193426053 0.3922035221469091 0
0.7212364616281939 0.3817087435986765 0
0.7401145302362309 0.3757830062973265 0
0.7598854697637589 0.3757830062973249 0
0.7787635383717968 0.381708743598672 0
0.7955680806573865 0.3922035221469025 0
0.8100559350337461 0.40574412512115 0
0.8224327535027138 0.4212501904784683 0
0.8329921728010456 0.4380529566560477 0
0.8419941841556374 0.4557419711619128 0
0.8496449051090091 0.4740577211538586 0
0.8561021810216103 0.4928284874497159 0
0.8614858950321044 0.5119355014358506 0
0.865886784488529 0.5312929419753397 0
0.8693730657210402 0.5508360955623228 0
0.871995162168995 0.5705140235524542 0
0.8737889877465815 0.590284786466063 0
0.8747781556836324 0.6101121708511649 0
0.8749753635931969 0.629963262938129 0
0.8743831159246528 0.64980648889903 0
0.8729938644427462 0.6696098334199709 0
0.8707895827610844 0.6893389989478591 0
0.8677407272486795 0.7089552534854635 0
0.8638044651184483 0.7284126436970625 0
0.8589219672920529 0.7476540670541174 0
0.8530144554722123 0.7666053948656422 0
0.84597758382552 0.7851662062111144 0
0.8376737202722931 0.8031944867117468 0
0.8279221782219657 0.8204802715482484 0
0.8164897798809648 0.8366989293443012 0
0.8030934740086974 0.8513279303814515 0
0.7874571456651931 0.863511737561207 0
0.7695352113864224 0.8719281313750039 0
1 8 0 49
127
128
129
130
131
132
133
134
135
136
137
138
139
140
141
142
143
144
145
146
147
148
149
150
151
152
153
154
155
156
157
158
159
160
161
162
163
164
165
166
167
168
169
170
171
172
173
174
175
0.02 0 0
0.04 0 0
0.06 0 0
0.08 0 0
0.1 0 0
0.12 0 0
0.14 0 0
0.16 0 0
0.18 0 0
0.2 0 0
0.22 0 0
0.24 0 0
0.26 0 0
0.28 0 0
0.3 0 0
0.32 0 0
0.34 0 0
0.36 0 0
0.38 0 0
0.4 0 0
0.42 0 0
0.44 0 0
0.46 0 0
0.48 0 0
0.5 0 0
0.52 0 0
0.54 0 0
0.5600000000000001 0 0
0.58 0 0
0.6 0 0
0.62 0 0
0.64 0 0
0.66 0 0
0.68 0 0
0.7 0 0
0.72 0 0
0.74 0 0
0.76 0 0
0.78 0 0
0.8 0 0
0.82 0 0
0.84 0 0
0.86 0 0
0.88 0 0
0.9 0 0
0.92 0 0
0.9399999999999999 0 0
0.96 0 0
0.98 0 0
1 9 0 49
176
177
178
179
180
181
182
183
184
185
186
187
188
189
190
191
192
193
194
195
196
197
198
199
200
201
202
203
204
205
206
207
208
209
210
211
212
213
214
215
216
217
218
219
220
221
222
223
224
0 0.98 0
0 0.96 0
0 0.9399999999999999 0
0 0.92 0
0 0.9 0
0 0.88 0
0 0.86 0
0 0.84 0
0 0.8200000000000001 0
0 0.8 0
0 0.78 0
0 0.76 0
0 0.74 0
0 0.72 0
0 0.7 0
0 0.6799999999999999 0
0 0.6599999999999999 0
0 0.64 0
0 0.62 0
0 0.6 0
0 0.5800000000000001 0
0 0.5600000000000001 0
0 0.54 0
0 0.52 0
0 0.5 0
0 0.48 0
0 0.46 0
0 0.4399999999999999 0
0 0.42 0
0 0.4 0
0 0.38 0
0 0.36 0
0 0.34 0
0 0.32 0
0 0.3 0
0 0.28 0
0 0.26 0
0 0.24 0
0 0.22 0
0 0.2 0
0 0.18 0
0 0.16 0
0 0.14 0
0 0.12 0
0 0.09999999999999998 0
0 0.07999999999999996 0
0 0.06000000000000005 0
0 0.04000000000000004 0
0 0.02000000000000002 0
1 10 0 49
225
226
227
228
229
230
231
232
233
234
235
236
237
238
239
240
241
242
243
244
245
246
247
248
249
250
251
252
253
254
255
256
257
258
259
260
261
262
263
264
265
266
267
268
269
270
271
272
273
1 0.02 0
1 0.04 0
1 0.06 0
1 0.08 0
1 0.1 0
1 0.12 0
1 0.14 0
1 0.16 0
1 0.18 0
1 0.2 0
1 0.22 0
1 0.24 0
1 0.26 0
1 0.28 0
1 0.3 0
1 0.32 0
1 0.34 0
1 0.36 0
1 0.38 0
1 0.4 0
1 0.42 0
1 0.44 0
1 0.46 0
1 0.48 0
1 0.5 0
1 0.52 0
1 0.54 0
1 0.5600000000000001 0
1 0.58 0
1 0.6 0
1 0.62 0
1 0.64 0
1 0.66 0
1 0.68 0
1 0.7 0
1 0.72 0
1 0.74 0
1 0.76 0
1 0.78 0
1 0.8 0
1 0.82 0
1 0.84 0
1 0.86 0
1 0.88 0
1 0.9 0
1 0.92 0
1 0.9399999999999999 0
1 0.96 0
1 0.98 0
1 11 0 49
274
275
276
277
278
279
280
281
282
283
284
285
286
287
288
289
290
291
292
293
294
295
296
297
298
299
300
301
302
303
304
305
306
307
308
309
310
311
312
313
314
315
316
317
318
319
320
321
322
0.98 1 0
0.96 1 0
0.9399999999999999 1 0
0.92 1 0
0.9 1 0
0.88 1 0
0.86 1 0
0.84 1 0
0.8200000000000001 1 0
0.8 1 0
0.78 1 0
0.76 1 0
0.74 1 0
0.72 1 0
0.7 1 0
0.6799999999999999 1 0
0.6599999999999999 1 0
0.64 1 0
0.62 1 0
0.6 1 0
0.5800000000000001 1 0
0.5600000000000001 1 0
0.54 1 0
0.52 1 0
0.5 1 0
0.48 1 0
0.46 1 0
0.4399999999999999 1 0
0.42 1 0
0.4 1 0
0.38 1 0
0.36 1 0
0.34 1 0
0.32 1 0
0.3 1 0
0.28 1 0
0.26 1 0
0.24 1 0
0.22 1 0
0.2 1 0
0.18 1 0
0.16 1 0
0.14 1 0
0.12 1 0
0.09999999999999998 1 0
0.07999999999999996 1 0
0.06000000000000005 1 0
0.04000000000000004 1 0
0.02000000000000002 1 0
2 1 0 2249
323
324
325
326
327
328
329
330
331
332
333
334
335
336
337
338
339
340
341
342
343
344
345
346
347
348
349
350
351
352
353
354
355
356
357
358
359
360
361
362
363
364
365
366
367
368
369
370
371
372
373
374
375
376
377
378
379
380
381
382
383
384
385
386
387
388
389
390
391
392
393
394
395
396
397
398
399
400
401
402
403
404
405
406
407
408
409
410
411
412
413
414
415
416
417
418
419
420
421
422
423
424
425
426
427
428
429
430
431
432
433
434
435
436
437
438
439
440
441
442
443
444
445
446
447
448
449
450
451
452
453
454
455
456
457
458
459
460
461
462
463
464
465
466
467
468
469
470
471
472
473
474
475
476
477
478
479
480
481
482
483
484
485
486
487
488
489
490
491
492
493
494
495
496
497
498
499
500
501
502
503
504
505
506
507
508
509
510
511
512
513
514
515
516
517
518
519
520
521
522
523
524
525
526
527
528
529
530
531
532
533
534
535
536
537
538
539
540
541
542
543
544
545
546
547
548
549
550
551
552
553
554
555
556
557
558
559
560
561
562
563
564
565
566
567
568
569
570
571
572
573
574
575
576
577
578
579
580
581
582
583
584
585
586
587
588
589
590
591
592
593
594
595
596
597
598
599
600
601
602
603
604
605
606
607
608
609
610
611
612
613
614
615
616
617
618
619
620
621
622
623
624
625
626
627
628
629
630
631
632
633
634
635
636
637
638
639
640
641
642
643
644
645
646
647
648
649
650
651
652
653
654
655
656
657
658
659
660
661
662
663
664
665
666
667
668
669
670
671
672
673
674
675
676
677
678
679
680
681
682
683
684
685
686
687
688
689
690
691
692
693
694
695
696
697
698
699
700
701
702
703
704
705
706
707
708
709
710
711
712
713
714
715
716
717
718
719
720
721
722
723
724
725
726
727
728
729
730
731
732
733
734
735
736
737
738
739
740
741
742
743
744
745
746
747
748
749
750
751
752
753
754
755
756
757
758
759
760
761
762
763
764
765
766
767
768
769
770
771
772
773
774
775
776
777
778
779
780
781
782
783
784
785
786
787
788
789
790
791
792
793
794
795
796
797
798
799
800
801
802
803
804
805
806
807
808
809
810
811
812
813
814
815
816
817
818
819
820
821
822
823
824
825
826
827
828
829
830
831
832
833
834
835
836
837
838
839
840
841
842
843
844
845
846
847
848
849
850
851
852
853
854
855
856
857
858
859
860
861
862
863
864
865
866
867
868
869
870
871
872
873
874
875
876
877
878
879
880
881
882
883
884
885
886
887
888
889
890
891
892
893
894
895
896
897
898
899
900
901
902
903
904
905
906
907
908
909
910
911
912
913
914
915
916
917
918
919
920
921
922
923
924
925
926
927
928
929
930
931
932
933
934
935
936
937
938
939
940
941
942
943
944
945
946
947
948
949
950
951
952
953
954
955
956
957
958
959
960
961
962
963
964
965
966
967
968
969
970
971
972
973
974
975
976
977
978
979
980
981
982
983
984
985
986
987
988
989
990
991
992
993
994
995
996
997
998
999
1000
1001
1002
1003
1004
1005
1006
1007
1008
1009
1010
1011
1012
1013
1014
1015
1016
1017
1018
1019
1020
1021
1022
1023
1024
1025
1026
1027
1028
1029
1030
1031
1032
1033
1034
1035
1036
1037
1038
1039
1040
1041
1042
1043
1044
1045
1046
1047
1048
1049
1050
1051
1052
1053
1054
1055
1056
1057
1058
1059
1060
1061
1062
1063
1064
1065
1066
1067
1068
1069
1070
1071
1072
1073
1074
1075
1076
1077
1078
1079
1080
1081
1082
1083
1084
1085
1086
1087
1088
1089
1090
1091
1092
1093
1094
1095
1096
1097
1098
1099
1100
1101
1102
1103
1104
1105
1106
1107
1108
1109
1110
1111
1112
1113
1114
1115
1116
1117
1118
1119
1120
1121
1122
1123
1124
1125
1126
1127
1128
1129
1130
1131
1132
1133
1134
1135
1136
1137
1138
1139
1140
1141
1142
1143
1144
1145
1146
1147
1148
1149
1150
1151
1152
1153
1154
1155
1156
1157
1158
1159
1160
1161
1162
1163
1164
1165
1166
1167
1168
1169
1170
1171
1172
1173
1174
1175
1176
1177
1178
1179
1180
1181
1182
1183
1184
1185
1186
1187
1188
1189
1190
1191
1192
1193
1194
1195
1196
1197
1198
1199
1200
1201
1202
1203
1204
1205
1206
1207
1208
1209
1210
1211
1212
1213
1214
1215
1216
1217
1218
1219
1220
1221
1222
1223
1224
1225
1226
1227
1228
1229
1230
1231
1232
1233
1234
1235
1236
1237
1238
1239
1240
1241
1242
1243
1244
1245
1246
1247
1248
1249
1250
1251
1252
1253
1254
1255
1256
1257
1258
1259
1260
1261
1262
1263
1264
1265
1266
1267
1268
1269
1270
1271
1272
1273
1274
1275
1276
1277
1278
1279
1280
1281
1282
1283
1284
1285
1286
1287
1288
1289
1290
1291
1292
1293
1294
1295
1296
1297
1298
1299
1300
1301
1302
1303
1304
1305
1306
1307
1308
1309
1310
1311
1312
1313
1314
1315
1316
1317
1318
1319
1320
1321
1322
1323
1324
1325
1326
1327
1328
1329
1330
1331
1332
1333
1334
1335
1336
1337
1338
1339
1340
1341
1342
1343
1344
1345
1346
1347
1348
1349
1350
1351
1352
1353
1354
1355
1356
1357
1358
1359
1360
1361
1362
1363
1364
1365
1366
1367
1368
1369
1370
1371
1372
1373
1374
1375
1376
1377
1378
1379
1380
1381
1382
1383
1384
1385
1386
1387
1388
1389
1390
1391
1392
1393
1394
1395
1396
1397
1398
1399
1400
1401
1402
1403
1404
1405
1406
1407
1408
1409
1410
1411
1412
1413
1414
1415
1416
1417
1418
1419
1420
1421
1422
1423
1424
1425
1426
1427
1428
1429
1430
1431
1432
1433
1434
1435
1436
1437
1438
1439
1440
1441
1442
1443
1444
1445
1446
1447
1448
1449
1450
1451
1452
1453
1454
1455
1456
1457
1458
1459
1460
1461
1462
1463
1464
1465
1466
1467
1468
1469
1470
1471
1472
1473
1474
1475
1476
1477
1478
1479
1480
1481
1482
1483
1484
1485
1486
1487
1488
1489
1490
1491
1492
1493
1494
1495
1496
1497
1498
1499
1500
1501
1502
1503
1504
1505
1506
1507
1508
1509
1510
1511
1512
1513
1514
1515
1516
1517
1518
1519
1520
1521
1522
1523
1524
1525
1526
1527
1528
1529
1530
1531
1532
1533
1534
1535
1536
1537
1538
1539
1540
1541
1542
1543
1544
1545
1546
1547
1548
1549
1550
1551
1552
1553
1554
1555
1556
1557
1558
1559
1560
1561
1562
1563
1564
1565
1566
1567
1568
1569
1570
1571
1572
1573
1574
1575
1576
1577
1578
1579
1580
1581
1582
1583
1584
1585
1586
1587
1588
1589
1590
1591
1592
1593
1594
1595
1596
1597
1598
1599
1600
1601
1602
1603
1604
1605
1606
1607
1608
1609
1610
1611
1612
1613
1614
1615
1616
1617
1618
1619
1620
1621
1622
1623
1624
1625
1626
1627
1628
1629
1630
1631
1632
1633
1634
1635
1636
1637
1638
1639
1640
1641
1642
1643
1644
1645
1646
1647
1648
1649
1650
1651
1652
1653
1654
1655
1656
1657
1658
1659
1660
1661
1662
1663
1664
1665
1666
1667
1668
1669
1670
1671
1672
1673
1674
1675
1676
1677
1678
1679
1680
1681
1682
1683
1684
1685
1686
1687
1688
1689
1690
1691
1692
1693
1694
1695
1696
1697
1698
1699
1700
1701
1702
1703
1704
1705
1706
1707
1708
1709
1710
1711
1712
1713
1714
1715
1716
1717
1718
1719
1720
1721
1722
1723
1724
1725
1726
1727
1728
1729
1730
1731
1732
1733
1734
1735
1736
1737
1738
1739
1740
1741
1742
1743
1744
1745
1746
1747
1748
1749
1750
1751
1752
1753
1754
1755
1756
1757
1758
1759
1760
1761
1762
1763
1764
1765
1766
1767
1768
1769
1770
1771
1772
1773
1774
1775
1776
1777
1778
1779
1780
1781
1782
1783
1784
1785
1786
1787
1788
1789
1790
1791
1792
1793
1794
1795
1796
1797
1798
1799
1800
1801
1802
1803
1804
1805
1806
1807
1808
1809
1810
1811
1812
1813
1814
1815
1816
1817
1818
1819
1820
1821
1822
1823
1824
1825
1826
1827
1828
1829
1830
1831
1832
1833
1834
1835
1836
1837
1838
1839
1840
1841
1842
1843
1844
1845
1846
1847
1848
1849
1850
1851
1852
1853
1854
1855
1856
1857
1858
1859
1860
1861
1862
1863
1864
1865
1866
1867
1868
1869
1870
1871
1872
1873
1874
1875
1876
1877
1878
1879
1880
1881
1882
1883
1884
1885
1886
1887
1888
1889
1890
1891
1892
1893
1894
1895
1896
1897
1898
1899
1900
1901
1902
1903
1904
1905
1906
1907
1908
1909
1910
1911
1912
1913
1914
1915
1916
1917
1918
1919
1920
1921
1922
1923
1924
1925
1926
1927
1928
1929
1930
1931
1932
1933
1934
1935
1936
1937
1938
1939
1940
1941
1942
1943
1944
1945
1946
1947
1948
1949
1950
1951
1952
1953
1954
1955
1956
1957
1958
1959
1960
1961
1962
1963
1964
1965
1966
1967
1968
1969
1970
1971
1972
1973
1974
1975
1976
1977
1978
1979
1980
1981
1982
1983
1984
1985
1986
1987
1988
1989
1990
1991
1992
1993
1994
1995
1996
1997
1998
1999
2000
2001
2002
2003
2004
2005
2006
2007
2008
2009
2010
2011
2012
2013
2014
2015
2016
2017
2018
2019
2020
2021
2022
2023
2024
2025
2026
2027
2028
2029
2030
2031
2032
2033
2034
2035
2036
2037
2038
2039
2040
2041
2042
2043
2044
2045
2046
2047
2048
2049
2050
2051
2052
2053
2054
2055
2056
2057
2058
2059
2060
2061
2062
2063
2064
2065
2066
2067
2068
2069
2070
2071
2072
2073
2074
2075
2076
2077
2078
2079
2080
2081
2082
2083
2084
2085
2086
2087
2088
2089
2090
2091
2092
2093
2094
2095
2096
2097
2098
2099
2100
2101
2102
2103
2104
2105
2106
2107
2108
2109
2110
2111
2112
2113
2114
2115
2116
2117
2118
2119
2120
2121
2122
2123
2124
2125
2126
2127
2128
2129
2130
2131
2132
2133
2134
2135
2136
2137
2138
2139
2140
2141
2142
2143
2144
2145
2146
2147
2148
2149
2150
2151
2152
2153
2154
2155
2156
2157
2158
2159
2160
2161
2162
2163
2164
2165
2166
2167
2168
2169
2170
2171
2172
2173
2174
2175
2176
2177
2178
2179
2180
2181
2182
2183
2184
2185
2186
2187
2188
2189
2190
2191
2192
2193
2194
2195
2196
2197
2198
2199
2200
2201
2202
2203
2204
2205
2206
2207
2208
2209
2210
2211
2212
2213
2214
2215
2216
2217
2218
2219
2220
2221
2222
2223
2224
2225
2226
2227
2228
2229
2230
2231
2232
2233
2234
2235
2236
2237
2238
2239
2240
2241
2242
2243
2244
2245
2246
2247
2248
2249
2250
2251
2252
2253
2254
2255
2256
2257
2258
2259
2260
2261
2262
2263
2264
2265
2266
2267
2268
2269
2270
2271
2272
2273
2274
2275
2276
2277
2278
2279
2280
2281
2282
2283
2284
2285
2286
2287
2288
2289
2290
2291
2292
2293
2294
2295
2296
2297
2298
2299
2300
2301
2302
2303
2304
2305
2306
2307
2308
2309
2310
2311
2312
2313
2314
2315
2316
2317
2318
2319
2320
2321
2322
2323
2324
2325
2326
2327
2328
2329
2330
2331
2332
2333
2334
2335
2336
2337
2338
2339
2340
2341
2342
2343
2344
2345
2346
2347
2348
2349
2350
2351
2352
2353
2354
2355
2356
2357
2358
2359
2360
2361
2362
2363
2364
2365
2366
2367
2368
2369
2370
2371
2372
2373
2374
2375
2376
2377
2378
2379
2380
2381
2382
2383
2384
2385
2386
2387
2388
2389
2390
2391
2392
2393
2394
2395
2396
2397
2398
2399
2400
2401
2402
2403
2404
2405
2406
2407
2408
2409
2410
2411
2412
2413
2414
2415
2416
2417
2418
2419
2420
2421
2422
2423
2424
2425
2426
2427
2428
2429
2430
2431
2432
2433
2434
2435
2436
2437
2438
2439
2440
2441
2442
2443
2444
2445
2446
2447
2448
2449
2450
2451
2452
2453
2454
2455
2456
2457
2458
2459
2460
2461
2462
2463
2464
2465
2466
2467
2468
2469
2470
2471
2472
2473
2474
2475
2476
2477
2478
2479
2480
2481
2482
2483
2484
2485
2486
2487
2488
2489
2490
2491
2492
2493
2494
2495
2496
2497
2498
2499
2500
2501
2502
2503
2504
2505
2506
2507
2508
2509
2510
2511
2512
2513
2514
2515
2516
2517
2518
2519
2520
2521
2522
2523
2524
2525
2526
2527
2528
2529
2530
2531
2532
2533
2534
2535
2536
2537
2538
2539
2540
2541
2542
2543
2544
2545
2546
2547
2548
2549
2550
2551
2552
2553
2554
2555
2556
2557
2558
2559
2560
2561
2562
2563
2564
2565
2566
2567
2568
2569
2570
2571
0.6089108610777536 0.6615751970372692 0
0.0188478057281285 0.6897617272246801 0
0.3092381837018582 0.9833778211514035 0
0.3288245718820436 0.3903386494203931 0
0.4112329717833763 0.9821472618044401 0
0.01699065183688397 0.5899992204872928 0
0.2095949129300584 0.9837525677570644 0
0.4095356412007741 0.3908802431626686 0
0.6248041269670792 0.7450466494927814 0
0.01745833573817779 0.7884535868632639 0
0.2469687464617336 0.3754490276781104 0
0.8104348162020178 0.01683934555877387 0
0.6107041667774487 0.579336191145755 0
0.7740424577025669 0.3615358336961516 0
0.9826796982479791 0.1900047253269682 0
0.4885521837948347 0.983529060879599 0
0.01689391771782434 0.5099999190667621 0
0.6357132941119309 0.2137806044062452 0
0.4723892350545391 0.383056401808533 0
0.6441578065689186 0.8005270146985083 0
0.1892553919483286 0.3528682862912454 0
0.9816535764237015 0.2709699696433489 0
0.0173205080756888 0.87 0
0.7294779594324065 0.01941532914742239 0
0.6177806088899145 0.5152284572843565 0
0.1300000748642482 0.9826795338232375 0
0.8145331974460996 0.386432662182561 0
0.5701654831610385 0.9829776752735071 0
0.01780359104790452 0.430771673815408 0
0.6056110720865885 0.1775435442779752 0
0.9842315325145363 0.1104982204620606 0
0.8690482978822343 0.0169843356652295 0
0.6415487375048662 0.2592346541369908 0
0.9815243161731314 0.3287952812408304 0
0.1506154504701551 0.1710300672666543 0
0.6707411272172845 0.01689255703560577 0
0.9833895091460347 0.88923143974719 0
0.531715621467822 0.3655269693989326 0
0.8885263597474105 0.9833907322463091 0
0.6764443048729483 0.8543450919958797 0
0.1067048091062748 0.01899295880981233 0
0.9826794919243113 0.3899999999999999 0
0.0164608653169559 0.3690813248601548 0
0.8356931979100799 0.8391729244972808 0
0.61 0.0173205080756888 0
0.01732309957129474 0.109988366983524 0
0.168054679860771 0.01633793315735921 0
0.8419662005748969 0.4188433721781071 0
0.6391246389829961 0.4588478081499228 0
0.9826536408257666 0.8299688261246361 0
0.6321026482997513 0.9816677345435509 0
0.7255456428692556 0.3624033148332318 0
0.8067334426743231 0.8707241242725898 0
0.5328523918888157 0.1343661258139338 0
0.1371454055964267 0.3147568012902485 0
0.9836160873093831 0.4489708864926959 0
0.01808348212921884 0.1698251983391955 0
0.1878630120943431 0.1470740808015046 0
0.8716817044079499 0.7634746582781731 0
0.2284375921053133 0.01750793261839312 0
0.5884886130846029 0.336249287700361 0
0.06999999980962712 0.9838415415663471 0
0.6899636024865721 0.9832400083358934 0
0.8795973700339138 0.5178724325582607 0
0.6199605142332759 0.3071368418787089 0
0.51 0.0173205080756888 0
0.8618958754935571 0.4574220424859239 0
0.01638238468554615 0.3099912977434518 0
0.5717472657727273 0.1524097767057288 0
0.9831111854610437 0.7298798243029518 0
0.9300482164446916 0.01690715752513727 0
0.2879302610746121 0.1163112537941934 0
0.8300918711661578 0.9820733175749914 0
0.4519903213206196 0.1152342102537581 0
0.228566602512763 0.1321722737014419 0
0.6581309791877131 0.42030085022832 0
0.1229021083760858 0.2034813718879986 0
0.8574091154809866 0.8025322410330978 0
0.7618939702524423 0.8926779570263315 0
0.8883672672039167 0.6816232659097132 0
0.9826794919243113 0.55 0
0.1083819367405721 0.2518289509799557 0
0.33 0.01732050807568875 0
0.4091658911191995 0.01629668566511316 0
0.8872179359592212 0.5993628855089523 0
0.3688672386910548 0.1054738166067652 0
0.4914775379802714 0.1230741649745706 0
0.7151260461690861 0.8830352358355443 0
0.6836614866910362 0.3884935465965077 0
0.2879687184617936 0.3848343216610464 0
0.6132797149070519 0.702386704059341 0
0.9826794919243111 0.65 0
0.3694027682447826 0.392268424910173 0
0.6077318946953214 0.6194009461142149 0
0.8826230510504027 0.7220928234017175 0
0.8891088687408768 0.5589568170268117 0
0.01700551160765884 0.2300031135401532 0
0.7516014572372729 0.9825599187625289 0
0.3280443282264762 0.1101868896255446 0
0.4092779930967733 0.1092291183334287 0
0.8913356103423464 0.640512417257604 0
0.01675994074874176 0.9299999999520685 0
0.01731541952911997 0.2699891223484745 0
0.7884128455316662 0.9818829306793537 0
0.3700039251217475 0.01649178500011067 0
0.4512287304768169 0.01638620473156682 0
0.2895775566725232 0.01551584260848016 0
0.9826832270108936 0.6899920518240532 0
0.9814639918383383 0.6098960524987591 0
0.9826830076547289 0.7699928508035178 0
0.9832686732050732 0.5100000275936242 0
0.5502877938725114 0.01943529623921381 0
0.7699506798285024 0.0170215033414548 0
0.9829922967206423 0.2294622384987743 0
0.01731871488358461 0.07000334321772494 0
0.9838782929624668 0.929213392746274 0
0.06980771770992389 0.0177896088956786 0
0.01702400968965795 0.5500000030194313 0
0.01689206427078227 0.4692583845656215 0
0.5315426683634275 0.9822400034080242 0
0.01727317115211813 0.6298890943500335 0
0.3686826352428851 0.9834600526162021 0
0.450147743848983 0.9842667168997999 0
0.9305219087644522 0.983065574856496 0
0.0219365265339499 0.7323681183714686 0
0.9830987994051305 0.1503838697942714 0
0.2687395306231696 0.9819168941084033 0
0.9845400360868435 0.0666750277569742 0
0.0164324818303706 0.8290997596253824 0
0.1699999987790235 0.9842713433345108 0
0.9819047683745065 0.03193739541078905 0
0.02987947575973965 0.9805981079894911 0
0.9810175648595052 0.9689228064132884 0
0.01687556486511355 0.03079133562852965 0
0.7440726816136096 0.3548268144187761 0
0.7297921833210688 0.3428238242011391 0
0.7487207660074404 0.3371776240435306 0
0.7343647661160628 0.3244458470633932 0
0.753070243649564 0.317972581876483 0
0.7362456872414318 0.3037994163135944 0
0.7569931687616835 0.2984509489291613 0
0.7427666799621053 0.285133786010116 0
0.7616204463898352 0.279190268635426 0
0.7470696847393724 0.2657851528281213 0
0.7659867509031363 0.2598427562139098 0
0.7805995384034619 0.2732686897531506 0
0.784926540894987 0.2539029881958126 0
0.7703109453787347 0.2404726475310643 0
0.7892580944723256 0.234528155346761 0
0.7746236685641383 0.2210834043526506 0
0.7935901329442738 0.2151370237108663 0
0.7789433985946256 0.2016832538000788 0
0.7979177548918261 0.1957289525299287 0
0.7995373368416627 0.2673406190548954 0
0.8125657823609886 0.2091894388255102 0
0.8168983697176952 0.1897705421892095 0
0.7832651147137403 0.1822809374605517 0
0.8315537047468795 0.2032412033674367 0
0.8358861606479582 0.1838095532788933 0
0.7642932954483896 0.188233427405069 0
0.7686151494079196 0.1688271514941008 0
0.749643485659502 0.1747827919785345 0
0.7539686723113593 0.1553680755807869 0
0.7729445865132571 0.1494157464224861 0
0.7349964804490841 0.1613297851730983 0
0.8505518771919591 0.1972878433230729 0
0.8548898755412542 0.1778446994639457 0
0.7393194473556604 0.141910024551628 0
0.7203415800256026 0.1478764776272418 0
0.7246660485239933 0.1284484131323617 0
0.7056761831547953 0.1344169183810302 0
0.869556623619272 0.1913245287813167 0
0.8652164771493955 0.2107734296533158 0
0.8738991606420901 0.1718767176033388 0
0.8592228097873555 0.1583918858773851 0
0.8782433809101161 0.1524205482401405 0
0.8635566553246052 0.1389272334886133 0
0.8825892686645552 0.132953369998055 0
0.730698266337134 0.1807481881025051 0
0.8678985697105541 0.1194568858283152 0
0.8869371966743991 0.1134785004566861 0
0.7100020891017691 0.1149841538739062 0
0.6910128202412569 0.1209542630539969 0
0.7290003852447587 0.1090145638714133 0
0.8838991514957852 0.2051682456148343 0
0.8798283736612909 0.2243213602725898 0
0.7152773529667358 0.329719010922325 0
0.6866883787114386 0.1403802390957199 0
0.6720307119374567 0.1269230563259088 0
0.6763472114160773 0.1074967734060295 0
0.6573725270332867 0.1134723584463656 0
0.7290318772337632 0.2707815094583463 0
0.8941685401454351 0.1651620966621264 0
0.79521516869659 0.2867124200417512 0
0.8141553180100034 0.2807784454932825 0
0.8098274935648617 0.3001549214500491 0
0.8287776214828946 0.2942161464272596 0
0.8488638354967076 0.1254342747341343 0
0.8532039738938122 0.1059622635590911 0
0.834169055445154 0.1119397838747595 0
0.714327778581112 0.09554230464071178 0
0.8985106680487815 0.2187256507058717 0
0.894472040057062 0.2378047854321305 0
0.9016321170723718 0.1269822684075976 0
0.9059826396126571 0.1075006034240508 0
0.7333169776331611 0.0895905136211782 0
0.6616793693980068 0.09403478290737893 0
0.6426943020023268 0.1000141858996513 0
0.8385090360891149 0.0924645880648382 0
0.8194947663702958 0.09844869763456765 0
0.8912807204076506 0.09399276433421822 0
0.9103330969811989 0.08801055012016529 0
0.8244454746100816 0.3136012731497587 0
0.8434029576757598 0.3076577972267536 0
0.8390421505843653 0.3269681621600218 0
0.8580308348785732 0.321091375810489 0
0.8548638743594312 0.3432964702654626 0
0.8726672921277093 0.334565340936657 0
0.8770106614504908 0.3151481737902638 0
0.8916580014868811 0.3286197893889585 0
0.8879860371561585 0.3473158745185833 0
0.896001504406961 0.3091934433882417 0
0.9064246280823438 0.3419741568913532 0
0.9020940628863475 0.3613922523317538 0
0.6470058430675921 0.08056740244945731 0
0.6280053709525204 0.08654617713328705 0
0.7326203149413646 0.2522202530844881 0
0.7139858495892142 0.257858981895698 0
0.6677123995911258 0.146341256632284 0
0.9204905164182484 0.3561040487248688 0
0.916561703385983 0.3750834723541061 0
0.6238080659935166 0.1058942531603404 0
0.6091164455944446 0.09241077470554226 0
0.9135031120710532 0.2318704088409266 0
0.9157117154666891 0.2110638051522137 0
0.8331040076512304 0.2748429307241311 0
0.8976232572378144 0.3809592673792487 0
0.9122571964719169 0.394465992698924 0
0.9239950732427539 0.3365177147246274 0
0.920683867342829 0.1210106623757606 0
0.666002323841961 0.07458414303677818 0
0.6823644486732819 0.1597950884514395 0
0.7179708350709675 0.2388663351731437 0
0.6994604191685664 0.2443686951860637 0
0.6947250759475485 0.2658878967534383 0
0.8212265058859086 0.1703405203306247 0
0.7480088847562877 0.1030527305556581 0
0.7522504284717438 0.08360480230392436 0
0.7033688061214882 0.2254592887734358 0
0.8813455597793819 0.2957209406496072 0
0.9092330011814934 0.2512523096027914 0
0.71863375511053 0.07611251856893969 0
0.8238159750159918 0.07896590033638845 0
0.8428468086586715 0.0729832751345465 0
0.8956235516482134 0.07449818157028121 0
0.9282526377239344 0.2453004486468988 0
0.9239152356793802 0.2647542334570858 0
0.6634050332409158 0.1657518727145996 0
0.8934865196914867 0.4001564205438624 0
0.9079458073624455 0.4138576498792462 0
0.8804758420295653 0.3870203254376514 0
0.9269279753962919 0.4079420732299313 0
0.9225665664871689 0.4273877556617971 0
0.6487590042352389 0.1523063907535277 0
0.613320434380198 0.07308107493268656 0
0.5946206681951642 0.07994918904116805 0
0.5932629313714386 0.09596166398359807 0
0.5762328433014094 0.08943807843408608 0
0.5796275567318305 0.06560604133481773 0
0.5607764384365093 0.07232942008196486 0
0.9146834024162052 0.06851426079088091 0
0.9293938739883961 0.08203038496333859 0
0.8210727232378709 0.3317912793231439 0
0.6848719746065881 0.2309463151874043 0
0.6513246281103426 0.06110488285773708 0
0.6887704631314825 0.2120476902109345 0
0.8755198030857647 0.2437026250708014 0
0.8151467115822966 0.1179255945500282 0
0.9337479164877158 0.06252909289816166 0
0.827212935587909 0.22266925561127 0
0.8048319938721692 0.08497976759049547 0
0.9356682441002111 0.369594099662049 0
0.9407288845691365 0.4212487447060728 0
0.9362079331687627 0.4406796910154119 0
0.9180324138332322 0.4468053255567547 0
0.9326484623942796 0.4603119801085105 0
0.9137754993157255 0.4662737652762424 0
0.928445414399103 0.4797835955048442 0
0.5563156200285325 0.09105443772854011 0
0.5416420932052048 0.07772051902274235 0
0.8999698063330865 0.05499700347623193 0
0.8091231538341019 0.06546863197056901 0
0.947465185216637 0.473851701848944 0
0.9431473853958801 0.4932954254286273 0
0.9241170210496522 0.4992316441834549 0
0.9387720309958973 0.5127400358039109 0
0.8908958321142548 0.419880534349822 0
0.9202726090536074 0.5184724532335466 0
0.9347645863902507 0.5322137964363246 0
0.6447203880490726 0.1717295544384017 0
0.6596334480861994 0.1853491134299203 0
0.5459561894957193 0.05827883795514821 0
0.5269185605621999 0.0641423231432755 0
0.522618588049016 0.08361944669472743 0
0.5079203822750159 0.07015346395585809 0
0.7221864041495425 0.2195664031680596 0
0.7908805995156745 0.3060854717042655 0
0.9159746400521416 0.1393670316694259 0
0.9353872225509214 0.1345244887896062 0
0.929361690097966 0.1562031876895467 0
0.9397421999511975 0.1150304646004976 0
0.8809131103108327 0.06098520552689457 0
0.6705074005526341 0.05176692670848654 0
0.766977259328441 0.09710119468442235 0
0.7900673378628239 0.07144533559159039 0
0.7944784301616192 0.05217232870763044 0
0.7754141370773852 0.05802676855848143 0
0.9435597432754756 0.2591946848108302 0
0.9390125217409933 0.2788898541036552 0
0.9457185784975609 0.4020525987849451 0
0.9614467754068365 0.4190934791136512 0
0.7664825588987233 0.3307010411333405 0
0.9001066330856748 0.4532277209041187 0
0.8967104319797531 0.4731897452974888 0
0.9474540135914902 0.2407758000805467 0
0.6700280328335042 0.217800936043255 0
0.9541351230054209 0.1285108768049628 0
0.9527242700371469 0.526242297743733 0
0.9487888317041306 0.5457407388656927 0
0.9303176178390362 0.5517041540653778 0
0.9446654014411389 0.5651463677358162 0
0.9256894121179228 0.5710856083717709 0
0.9402897390657201 0.5845961277956823 0
0.9590193307498032 0.5779835923339283 0
0.11122034673526 0.2724317566131246 0
0.09278316049396662 0.2647327054050929 0
0.09480395248591034 0.2847585587927203 0
0.08894834911780497 0.2452356864324694 0
0.07700471658382163 0.2763903778084564 0
0.07853598524075578 0.2960704122745812 0
0.06178689166895895 0.2873590234736545 0
0.06317522329233899 0.3071788003601881 0
0.08022386405409837 0.3158910327986439 0
0.06466174431653005 0.3270191092827717 0
0.08181396186713275 0.3357338300893441 0
0.06588200013702833 0.3468935275701496 0
0.08326724779186895 0.355597033797462 0
0.06730047421742436 0.36676052596836 0
0.08472584201605282 0.3754616562270316 0
0.1010802764579156 0.3642608747634342 0
0.1025626050722312 0.3841236998593866 0
0.08609406083918109 0.3953408612321817 0
0.1040266389108087 0.4039953501034654 0
0.08755262337822572 0.4152192496018817 0
0.1055047829546208 0.4238721710018267 0
0.1220357575269576 0.4126598014345199 0
0.1235098069715924 0.4325266369087534 0
0.1069891224306819 0.4437459377463236 0
0.1249518861941465 0.4523905904579471 0
0.1415606170617138 0.4412629576751379 0
0.1429417139349766 0.4610837774443479 0
0.1264388931007271 0.4722615770635765 0
0.1443923817705602 0.4809125953096501 0
0.1608740425567508 0.4697216961634103 0
0.1623418968202054 0.4895550156961176 0
0.1458768191592635 0.5007759586676044 0
0.1638295419812665 0.5094149563648552 0
0.1802877693083729 0.4981884445576444 0
0.181781237322198 0.5180519417018695 0
0.1982365175490502 0.5068240673535478 0
0.1997322063595689 0.5266891676967007 0
0.1832753221973303 0.5379183162189818 0
0.2012300126159303 0.5465546727458219 0
0.2176858828264618 0.5353257734252297 0
0.2191846769507433 0.5551898115876198 0
0.2356396256695008 0.5439619792007174 0
0.2371375833566728 0.5638250370697195 0
0.2535905489824342 0.5525963349192119 0
0.2550894323999168 0.5724607971047344 0
0.238648304634687 0.583690177576166 0
0.2565917670483354 0.5923267688541527 0
0.2730449678991629 0.5810939214710252 0
0.2745325961199785 0.6009622388616014 0
0.2580872328319144 0.612195973145452 0
0.2760323693088896 0.6208320251011427 0
0.2595867737525445 0.6320674987785231 0
0.2775516799117462 0.6407031688273463 0
0.2610883047716125 0.6519414917316004 0
0.279057188735975 0.6605816599343211 0
0.2625885866449458 0.6718213597914375 0
0.2805596805054187 0.6804614917888238 0
0.2910034168638704 0.5897759653055407 0
0.2970260146497041 0.6692204878926905 0
0.2985289324294375 0.6890994127285344 0
0.2640918569991482 0.6917055828764979 0
0.3149922842237746 0.6778578585683259 0
0.3164963224217176 0.6977358723932201 0
0.3329579625411012 0.6864954751969954 0
0.334461992248361 0.7063716487990043 0
0.3509226638519867 0.6951322055179691 0
0.3524283304265871 0.715008378631893 0
0.3359642209091583 0.7262489239412778 0
0.3539351488201042 0.7348865876421495 0
0.3374667708664431 0.7461298010226716 0
0.3554396508891433 0.7547677268701531 0
0.3719060973583528 0.7435233193129214 0
0.3734119337829925 0.763403286602625 0
0.3898737321816593 0.7521588653356072 0
0.3913816354916299 0.7720383861940601 0
0.246117407864818 0.683062716193501 0
0.2476205909695712 0.7029524330606669 0
0.3389717559551055 0.7660152220860059 0
0.4078418066321994 0.7607949734566599 0
0.4093539972049668 0.7806638392386053 0
0.2296448840651351 0.6943076049394173 0
0.231145602685035 0.7142015776619143 0
0.3929391219407761 0.7919295963776617 0
0.425811943628871 0.7694295956100226 0
0.4243054237575625 0.7495561222524986 0
0.4273218697938249 0.7892948995240064 0
0.2131630781566385 0.7055530902724857 0
0.21466618491595 0.7254525321501892 0
0.4437765438583482 0.7780639560562979 0
0.4452820968899967 0.7979361327567371 0
0.1966820156329899 0.7168034270177852 0
0.1981839540435265 0.7367050761925276 0
0.184784587059129 0.5578022554636757 0
0.4617322376271463 0.7866982116942214 0
0.4632395022274516 0.8065711303188248 0
0.4467864446897358 0.8178126617721 0
0.4647527751928083 0.8264468749212357 0
0.34941908315676 0.6752591410752204 0
0.2161713385136941 0.7453540931340936 0
0.1996871924540247 0.7566088440964853 0
0.2176779560591914 0.7652584104171537 0
0.2011901012910882 0.7765148276102527 0
0.2191851903558378 0.7851662410345468 0
0.2026932999189103 0.7964241788342985 0
0.2206918390406951 0.8050768846527359 0
0.2041989027604124 0.8163358622025164 0
0.2221982090319325 0.8249880033972056 0
0.1861993708364442 0.8076824491437615 0
0.1817017949619785 0.7479580844617222 0
0.1877024252583599 0.8275948624947749 0
0.4812130830596583 0.8152026727478017 0
0.4827218942649589 0.8350775755710689 0
0.195178790669371 0.6969024804737367 0
0.252092909842038 0.5327364262308055 0
0.1697016941021559 0.8189424390532958 0
0.4482909964791109 0.8376947423242077 0
0.171204451116405 0.8388597251174678 0
0.4991834237197064 0.8238398074745493 0
0.5006888694867336 0.8437081301079998 0
0.1532009975006713 0.8302048488244671 0
0.1547064502737581 0.8501279370091479 0
0.1727110194168187 0.8587814210635281 0
0.5171423237259308 0.832464337834385 0
0.5156382625933251 0.8126037324482771 0
0.5186538715974215 0.8523359242900125 0
0.5021958110570698 0.8635837879958739 0
0.5201669978005379 0.8722133992737782 0
0.5366174581237306 0.860962153185943 0
0.3673771786578136 0.6838942646090439 0
0.3658741166930867 0.6640278815865867 0
0.3838275649433825 0.6726574069975739 0
0.382326620182962 0.6527973137876674 0
0.4002730773520167 0.6614250050898635 0
0.3987725117133724 0.6415727009474114 0
0.416712504273279 0.6501970352141587 0
0.4152135075666651 0.6303512929625529 0
0.4331482086638356 0.6389726959271825 0
0.4316481750530621 0.6191306498105141 0
0.4137158067988201 0.6105086648975147 0
0.4301470572511149 0.5992912590919001 0
0.4122190966499493 0.5906704669618175 0
0.4286465428622344 0.5794536449277523 0
0.4107214771992516 0.5708345174060345 0
0.4271494623523598 0.5596231730106829 0
0.4092270586312777 0.5510033114353783 0
0.4450707568854406 0.568238368017566 0
0.4435734310563484 0.5484102796179758 0
0.4495797457202896 0.6277531285895686 0
0.4614923291256654 0.5570267557676359 0
0.4599949615697546 0.5372036214204391 0
0.4510806008379774 0.6475906402980303 0
0.4779177284964328 0.5458275599845617 0
0.4764233216638725 0.5260149242508602 0
0.4675086761567566 0.6363712177841121 0
0.4690111670848243 0.6562064214803049 0
0.4585021802593431 0.5173879411458809 0
0.4749060740181963 0.5061758541250234 0
0.492833564622351 0.5148092396531192 0
0.4913082701544997 0.4949687881829319 0
0.4854364727200198 0.6449889054033104 0
0.4869393638429686 0.6648217353978323 0
0.1367104545155219 0.8414685949433055 0
0.1352099487450117 0.8215518728059688 0
0.1382047752764333 0.8613959312574549 0
0.4569831645929179 0.4975491868219926 0
0.2386909130925117 0.8137288231592442 0
0.2401971544759043 0.8336414800775692 0
0.509227171963906 0.5035890783732163 0
0.5077299211728977 0.4837803851072158 0
0.2566894733883367 0.8223809627193487 0
0.2581958049895951 0.8422945866898424 0
0.2746747780920715 0.8310143687241326 0
0.276187746270719 0.8509447322268003 0
0.2597003779440292 0.8622098979573467 0
0.2777018103353932 0.8708629783620767 0
0.2941791944671296 0.8595952173424243 0
0.2957025807179877 0.879515400843589 0
0.3121856044429018 0.8682466731779643 0
0.2612075033768084 0.882129356359967 0
0.5381374722571441 0.8808412030286799 0
0.5545871622803011 0.8695919173405515 0
0.3137055137358357 0.8881674767326097 0
0.3301991186721324 0.8769032120718276 0
0.503361648956249 0.653604839177802 0
0.5048648359505479 0.6734353875182368 0
0.5018610862053062 0.6337778084643292 0
0.3927988030288261 0.5622154960878902 0
0.3913045968748933 0.5423827882573692 0
0.120215464103079 0.8527448629737082 0
0.1216971974686031 0.8726651647906696 0
0.3209953352832327 0.7573742817866234 0
0.5037045657050438 0.8834661697358309 0
0.5256310699193648 0.4923873973205563 0
0.5241350886981589 0.4725831810725169 0
0.5271430405527161 0.5122103937519429 0
0.5561070718186181 0.8894663419761679 0
0.5725540911564488 0.8782216433090773 0
0.5710496515893108 0.8583539360922251 0
0.5740752415235648 0.8980918149329512 0
0.3643893270281367 0.6441685007268039 0
0.3748751800639998 0.5535947231270323 0
0.373378193635126 0.533761542794994 0
0.5905174901255322 0.8868485647763591 0
0.4884410351609693 0.6846535273227203 0
0.5063685488448675 0.693266734909969 0
0.3317107353868126 0.8968202942222964 0
0.3482036702326976 0.8855564085900626 0
0.3286597203652991 0.8569665644033475 0
0.5420331354411673 0.4811882200519951 0
0.5405374202658045 0.4613869157094489 0
0.5197848184465887 0.6423960308571403 0
0.5182822134869541 0.6225710315582585 0
0.5062078629526738 0.4639596386319912 0
0.3898080132768397 0.5225519461634199 0
0.3718834615195442 0.5139318703080341 0
0.3554548728668214 0.5251378699615414 0
0.3539650898686117 0.5053098334903621 0
0.3703885651507277 0.4941039960045844 0
0.3524719203535489 0.4854837833795209 0
0.3360484171968475 0.4966889082934586 0
0.3345558558253209 0.4768625663510105 0
0.3691366116072482 0.474636855134249 0
0.3181351626064653 0.4880607748058694 0
0.3166396345720804 0.4682394654476161 0
0.4602299768612207 0.7668290445521023 0
0.1967593005140877 0.4869895488892214 0
0.5227911361885886 0.6820487769144198 0
0.5242946386207354 0.7018778292273191 0
0.139710157919933 0.8813256689718475 0
0.1232028353199974 0.8925965709327834 0
0.1051873726299896 0.8839350518404825 0
0.1412179121640318 0.9012578946564498 0
0.1473664825492642 0.5206431486583959 0
0.2416281763534969 0.6234301065276396 0
0.2972142011010588 0.8994317263434017 0
0.1786958046960194 0.7081537356865406 0
0.1771935249967146 0.6882508772106897 0
0.1607076212731701 0.6995033371063679 0
0.1592057339927421 0.6795983600874285 0
0.1427172920549206 0.6908522205761364 0
0.1412287969758542 0.6709649606108744 0
0.1247260439962864 0.6822033114354921 0
0.1262274136358583 0.702110931461158 0
0.1232749249632385 0.6623347755821959 0
0.1577712272559408 0.6597536361590443 0
0.10822919458164 0.6934575807889707 0
0.1097329407824947 0.7133744062717819 0
0.4182149702892362 0.6700366491469615 0
0.3196005188787615 0.507874088136223 0
0.1294065366523837 0.5119977403814503 0
0.1308998729290848 0.531878775944403 0
0.1129300592716588 0.5232269119584657 0
0.114421995143322 0.5431171444924319 0
0.249126220749747 0.7228447747235058 0
0.2356650320347786 0.7738954479035455 0
0.3002185416676565 0.4794378985994907 0
0.1066932511689053 0.9038688408721196 0
0.5396622065838301 0.9007266925104629 0
0.5920374184442421 0.9067145231883653 0
0.6084698187491515 0.8955038831768047 0
0.3497128730490395 0.9054731990578295 0
0.3662053171605811 0.8942077673308015 0
0.3646968636670641 0.8742949962374498 0
0.3826828500604614 0.8829460582657835 0
0.3842027417737058 0.9028572867740641 0
0.4006569253222815 0.8915849601025237 0
0.6069723307818602 0.8756126697875949 0
0.2987224708172698 0.459616797255441 0
0.2823064516023149 0.47080403556034 0
0.5584332725080629 0.4699915161401717 0
0.5569366385488262 0.450191722576308 0
0.5390426537384078 0.4415871126333483 0
0.5552432759418904 0.4308038610545584 0
0.09644849337327899 0.5344668977505775 0
0.09794333708841618 0.5543642242580368 0
0.1159173162954148 0.5630041855624565 0
0.09943752181444088 0.5742618545453129 0
0.09495840524178989 0.5145719116848436 0
0.1174184964693312 0.5829063668109646 0
0.1009338779114972 0.5941640707053835 0
0.08867544696995378 0.8952058817618337 0
0.08717538288375243 0.8752765927197239 0
0.2805230061253581 0.4515809524545697 0
0.09176067121890313 0.7047146093949372 0
0.09323863441942842 0.7246369177208162 0
0.09024689636943017 0.684808166100674 0
0.1112396001451352 0.7332946999355798 0
0.09473869414819019 0.74455887594431 0
0.4021977364824068 0.9115039028174112 0
0.4186643937411354 0.9002306047779552 0
0.5407143119101437 0.6906642653052473 0
0.5422180008847028 0.7104884264737308 0
0.525800792609297 0.7217055691212065 0
0.543724852767539 0.7303158687187132 0
0.1190034079188979 0.3729134384726638 0
0.527304900211084 0.7415357119358346 0
0.5452345257091133 0.7501450828382454 0
0.2643420415149731 0.4622776811309296 0
0.3811507681285343 0.8630067890622876 0
0.386846182173016 0.4829577198606341 0
0.3856025006091844 0.4635055281455277 0
0.2940298447428067 0.6294799023240325 0
0.3763693766083476 0.5734294230271947 0
0.3584414783722807 0.5648080987732046 0
0.1936784072533617 0.6770012209022775 0
0.3225002053339193 0.7772640672613258 0
0.2432024810747266 0.8734738500179356 0
0.2447091455575375 0.8933969383392284 0
0.1127448243846506 0.753216092625802 0
0.09624359215820455 0.7644832494561957 0
0.5362095742906943 0.6311981597425211 0
0.5347026586016412 0.6113700489848197 0
0.3352329680508082 0.4570896332677705 0
0.6099943674636286 0.9153440558912103 0
0.6264267168441255 0.9041348721538895 0
0.5599303534348116 0.4897917875275468 0
0.2625498425787733 0.4430721239859455 0
0.09018210625339318 0.9151420417933072 0
0.5733006703922705 0.4390650933141064 0
0.5718381396598256 0.4191999591453197 0
0.07823403009651003 0.7558244750680452 0
0.07973941124317019 0.7757519650193074 0
0.3332174474106225 0.9167397350923157 0
0.4201973947378301 0.9201520941285402 0
0.4366696164388735 0.9088899524642279 0
0.4899441066301372 0.7044881013111963 0
0.5167725258924579 0.6027568146825191 0
0.533197009866502 0.5915486410525264 0
0.2895389122254039 0.5698999195623564 0
0.3045228822360244 0.7686181118951516 0
0.08145597272899402 0.5656057498363025 0
0.5754256057748307 0.9177065477383576 0
0.5763285877002553 0.4785955084912782 0
0.07846890437534026 0.5258130033992284 0
0.07697690526453527 0.505906688138258 0
0.4032853470152971 0.4717814116135164 0
0.2464083918204851 0.4536862445732945 0
0.2449024790715195 0.4338852810265073 0
0.5335717471235715 0.8210924764901628 0
0.4781735814071983 0.7754302773327455 0
0.4629912479514183 0.5768522123637879 0
0.3883637168765038 0.7322606031850161 0
0.1682120085415632 0.7990313930656756 0
0.3404790709008891 0.7859056536597373 0
0.3000321850655884 0.7089754941751205 0
0.4720131697469118 0.6958739027959242 0
0.4303184715629949 0.8290566032244661 0
0.2266996254388264 0.8847388595865074 0
0.228206303404404 0.9046643284296947 0
0.2462191977491534 0.9133222009695385 0
0.3599372620614761 0.5846484417394514 0
0.4857318552903125 0.874832809337698 0
0.2101953243946934 0.8960056245074985 0
0.2117018134030642 0.9159344210263143 0
0.3240046340541404 0.7971572395124824 0
0.3420232436267441 0.8058242103601563 0
0.5897228560161938 0.4278139568281366 0
0.5887863813746811 0.4079696759594418 0
0.118919765802782 0.6028172531856864 0
0.135397634871101 0.591555670688486 0
0.2285408451388969 0.4449570215763028 0
0.2269564136108764 0.4253184656474781 0
0.210617185317891 0.4363430718587372 0
0.2090316134343662 0.4167061908141146 0
0.2146879447773107 0.495603027819906 0
0.6279523052812829 0.9239679394587074 0
0.6443939952211237 0.9127296052050842 0
0.6459092128492036 0.93258468124534 0
0.6623493629831473 0.9213467431595372 0
0.1024315498960613 0.6140707329273905 0
0.08444082714435941 0.6054143564067275 0
0.0859380607575303 0.6253269322809459 0
0.487274003733293 0.894719337095943 0
0.108041877794706 0.9242163384280498 0
0.4017852841347262 0.4519661051309704 0
0.4196623253694713 0.4605257242500617 0
0.5497115351606595 0.5994351530436981 0
0.5489483534690973 0.5796013959244937 0
0.5315920712872072 0.5716110272927887 0
0.5479811866924361 0.5603906056549429 0
0.385714582818559 0.922769875203004 0
0.07216254606272898 0.9064781844853007 0
0.5616500325828946 0.7389258844372384 0
0.5631609732199858 0.75875186694912 0
0.6101700229228769 0.9349475427535112 0
0.5372140114770342 0.4224103226077394 0
0.07528223598148687 0.7159993692786267 0
0.2957956196834411 0.4381473774641899 0
0.06959252714764136 0.4065602120954581 0
0.07106864067162288 0.4264467542519905 0
0.07366883082436132 0.9264164222960087 0
0.4381694067666368 0.9287613506472561 0
0.5586351738704353 0.6992763856998708 0
0.5571303139300645 0.6794536454427167 0
0.4181477153529081 0.440697293977801 0
0.4360454564117661 0.4492995100364885 0
0.434545632180396 0.4294889581941168 0
0.4524436815435716 0.4380987132901944 0
0.3809997924770614 0.4427915532115423 0
0.05933736366568965 0.2675751452360261 0
0.1926970122160965 0.4277203599310794 0
0.1910066947478928 0.4082993733737004 0
0.5288549280745627 0.7614191048383696 0
0.4351015100685501 0.8889280616569646 0
0.4735152596839634 0.7157113211967785 0
0.4555777930814881 0.7070945018393647 0
0.342004348796668 0.5760246634366288 0
0.3435018815029597 0.595870657347514 0
0.2837459328505479 0.4905735549953543 0
0.4405886111912466 0.5087691822612953 0
0.2731635473977894 0.811080161772629 0
0.1292433029992669 0.7419528424439753 0
0.1936888782566498 0.9072743284028169 0
0.1952021461564457 0.9272056265056017 0
0.1307499700683756 0.7618718300833988 0
0.09775115013464741 0.784410573114392 0
0.08124594523618567 0.7956810065497747 0
0.1369032742455784 0.6114677543237026 0
0.1533832290978013 0.6002175799514622 0
0.06794184056443497 0.616666515821463 0
0.06943907883653755 0.6365848414291242 0
0.6062123391325562 0.4166055347681004 0
0.6047325195276541 0.3968114172799838 0
0.5874036992054898 0.3881690354811159 0
0.6424278492221138 0.8929272063165971 0
0.2132118568744779 0.9358663498048363 0
0.06172645811777577 0.7670918501889643 0
0.6032599358756445 0.3770222703924699 0
0.6206966369008396 0.3851064124257649 0
0.6194882307316755 0.3657597637761567 0
0.6369808852127982 0.3738209090589504 0
0.6362137024047645 0.3551176312821181 0
0.2090701193895242 0.3978346570340739 0
0.5777395452735761 0.4982681485585299 0
0.6638634671186913 0.9412053344657819 0
0.6802971648812385 0.9299628890430645 0
0.5941220988456655 0.4870507455242445 0
0.04753633163993942 0.3385557702987834 0
0.2620377522694974 0.4252407207188509 0
0.6798460266473414 0.9098719277760787 0
0.6978231791723203 0.9172162380923344 0
0.6984213862469184 0.9383183936509859 0
0.715339831542998 0.9262886955979968 0
0.7163287122253275 0.9469608096983408 0
0.7327381397578467 0.9357236508443606 0
0.5654542941112164 0.5683720486580262 0
0.5643842467727901 0.5491610347075764 0
0.4217043291055657 0.9400627076765552 0
0.06048230038197294 0.5171545501252157 0
0.05899101952445757 0.4972454137431075 0
0.07548615314470875 0.4859984693238631 0
0.05845909142671746 0.4775109286435015 0
0.6537513920937081 0.3632318958004184 0
0.6527117401453499 0.3441325448835504 0
0.6702060561342471 0.3521869128825933 0
0.668727745786626 0.3324508682116758 0
0.1195807546830829 0.3513186309078259 0
0.1354478261990452 0.3617135893112274 0
0.5795723102223294 0.7475330787085723 0
0.5810817444091464 0.7673565065568814 0
0.5647050030261265 0.7785741956074065 0
0.5825983537133557 0.7871801892910573 0
0.599003326056463 0.7759610878143897 0
0.6005169811087652 0.795783930925495 0
0.5841043630368818 0.8070051567442695 0
0.6020312282498452 0.8156092288241075 0
0.1967951115786861 0.94694925397156 0
0.1787163300039667 0.9384458098963042 0
0.575303408772588 0.6880476826837529 0
0.5738374059062308 0.6674178993023042 0
0.4318560341316561 0.8489420605354576 0
0.2478493190380878 0.4733428469740926 0
0.7318267949296858 0.9154570323908741 0
0.7491976178441536 0.9247172641007985 0
0.4766165113928389 0.7554833521159635 0
0.3255243099469357 0.8170733422494338 0
0.530185979244026 0.5519020819589233 0
0.5137756274210322 0.5631004259071574 0
0.1747575961972172 0.4191341194709091 0
0.1731736343336531 0.399490608413363 0
0.4539367537356853 0.457902159591931 0
0.4703442699463799 0.4467080035305532 0
0.4688466477245509 0.4269035102768145 0
0.4867553007366682 0.4355170634033725 0
0.4660008993527601 0.616539413513294 0
0.3134952175932396 0.6579881516783288 0
0.3853326807314715 0.6925173580894489 0
0.5780644982315357 0.7277122144121793 0
0.3631689352845076 0.854359836557061 0
0.3796477275813497 0.8430910888696649 0
0.1370376724286078 0.3816441412270902 0
0.4586426116779956 0.746859993945679 0
0.2700379261323668 0.5413686102737895 0
0.5927082152426265 0.4673747806946538 0
0.4047454465187728 0.491539236350316 0
0.2281421160040376 0.6744138706419522 0
0.5614137249469554 0.5095704164191044 0
0.5798076278939749 0.5176860110752218 0
0.3405092318506951 0.5561795187894018 0
0.3512231176546752 0.9253933016963342 0
0.3347246785872408 0.9366624221343884 0
0.0602222151635321 0.7471602933512712 0
0.04477728732048586 0.758349154609419 0
0.2251978452302913 0.8648170373605693 0
0.1622154085770968 0.71941121306203 0
0.3957885135583778 0.6018857565626937 0
0.452584139246066 0.6674274621329525 0
0.3167278599175176 0.9280046267287241 0
0.4914489233849224 0.7243231886368086 0
0.5052233310795196 0.9033582971827095 0
0.4887698597198525 0.9146162669093476 0
0.5067395567775417 0.9232599540568636 0
0.490307866868419 0.9345202295719601 0
0.5082771114674037 0.943136044145321 0
0.524738403703977 0.9318960890124671 0
0.1668153848478642 0.5491522673719417 0
0.06644606177524226 0.5967489144087168 0
0.3030200366406607 0.748732287491049 0
0.2865435959598321 0.7599741629238834 0
0.3614360550822259 0.6044913501958993 0
0.06197814175957367 0.5370586936513776 0
0.2850484845046928 0.7400901738371488 0
0.1577157034366314 0.8899751596777463 0
0.4498098123670601 0.8575664521949827 0
0.268566553228516 0.7513332733462443 0
0.3449999336337212 0.6157210150534883 0
0.327029575841313 0.607099089558371 0
0.0992522279969642 0.8043297584969292 0
0.08275356715724358 0.8156110167817995 0
0.06507011936261337 0.8069261995210155 0
0.06686837775941895 0.82683747663075 0
0.5320591254710639 0.8012215051916087 0
0.5140807605727743 0.7926803098019145 0
0.08434943107602844 0.8355127146383113 0
0.2700837086372174 0.771239086380091 0
0.07417872552294663 0.4661472574477756 0
0.05420470805758293 0.4569429311572926 0
0.1157582923813367 0.7930600992351995 0
0.1548919790143348 0.6200992901910556 0
0.1713574615416284 0.6088596702345495 0
0.1728650018008859 0.6287070285219392 0
0.189348386732425 0.6174925551184505 0
0.1878345729729529 0.5976164288266137 0
0.2058042202253806 0.6062293416400432 0
0.2073050119078136 0.6260990773437162 0
0.06785413420455433 0.8467810756734455 0
0.08744012492732911 0.6452450357715062 0
0.194084712306593 0.4474272372509658 0
0.07093874424503255 0.6565052336825169 0
0.0529467993780709 0.6478428715669954 0
0.05441792589255279 0.6677439093372178 0
0.3527343472103678 0.9453191593600843 0
0.1537551322914069 0.3714611350379377 0
0.7506517202116736 0.9443737320798591 0
0.7670005787041924 0.9332600742634416 0
0.05564798146569738 0.9177517513230786 0
0.05715437636543907 0.9376915070679139 0
0.05415088759420222 0.8978261669567709 0
0.07517668140745482 0.9463561765982904 0
0.4853608985756582 0.4158725352061559 0
0.09814341316995512 0.3258878217203389 0
0.05020669045830839 0.6082201532431966 0
0.6075619100492319 0.4363018600457996 0
0.05345836663774767 0.4170385929526609 0
0.05167920814480786 0.3977674156884856 0
0.5816930084249723 0.5575411063100287 0
0.3363209410521186 0.956407132695152 0
0.7685691234489166 0.9529736546706373 0
0.7849219298061003 0.9418388920381326 0
0.7831649085222776 0.9224499637301474 0
0.8012784695413157 0.9306769581867195 0
0.8006128649808697 0.9096402087315101 0
0.8182708325448763 0.9197906366951978 0
0.8193471711276308 0.9392817184297344 0
0.8357781218631712 0.9280215252137476 0
0.834572803251562 0.908716491948401 0
0.8521753080408733 0.9167865586400585 0
0.8509784369614597 0.8974694725680078 0
0.8685841332972924 0.9055251920673051 0
0.867029515952929 0.8856755469118087 0
0.8849397762981619 0.8941676357904678 0
0.8833747081555814 0.8742969017990331 0
0.9013396882329658 0.8828620638271766 0
0.8997750576458972 0.862989081859581 0
0.9028778929735303 0.9027429738256761 0
0.9177603559175138 0.8715737348952084 0
0.9162010064943074 0.8516956848472457 0
0.8700498874223407 0.9252517704785617 0
0.9339418098559447 0.8603068949613213 0
0.9322197206210423 0.8404403792056487 0
0.9145714715205622 0.8318238735973382 0
0.9308719907295224 0.820546801002322 0
0.9132369710607492 0.8119355106662813 0
0.929482148566548 0.8006966507960616 0
0.9357103652403844 0.8801717246819187 0
0.8823609917300979 0.8552309832787548 0
0.9117443956360382 0.7920684083370648 0
0.9285788413180202 0.7809142737296073 0
0.9475410818467743 0.8099796467080314 0
0.9100196502484763 0.7722232020286567 0
0.927115140847186 0.7610365072847725 0
0.8976387884251997 0.8234150213524684 0
0.8497943404991958 0.8776326815284424 0
0.951887912622691 0.8689078518115041 0
0.9083988653538644 0.7523599539686702 0
0.9238758262394552 0.7411761249166058 0
0.9444803052857059 0.7502152423736627 0
0.941685491101736 0.7300547951519986 0
0.922105249329949 0.7213579720794001 0
0.9385769743791613 0.7100684423910828 0
0.8369532169353127 0.9468991927931554 0
0.9213732113413782 0.7014995101635719 0
0.9370565720182429 0.6901591559098339 0
0.03582204329074851 0.6589644923561432 0
0.04899755283453605 0.5883342753569087 0
0.6483620072802925 0.3237473289478402 0
0.6666971067781456 0.3124999131167724 0
0.439481188743428 0.9483597963216015 0
0.6657570288091204 0.2372606920281777 0
0.92035874661977 0.6816686970636844 0
0.9355671365996231 0.670315190121728 0
0.9479878092461875 0.07594336106428257 0
0.9523074110683037 0.0564291348822793 0
0.5315232847595225 0.04563140289639689 0
0.5039430684693558 0.08925457284187222 0
0.4891376701058375 0.07592297251409108 0
0.4932566772823859 0.05665929966846822 0
0.4744187904440242 0.06248748414835636 0
0.4785925563836599 0.04331904104098105 0
0.45954416980047 0.0494077854104808 0
0.4552087731170608 0.06866554093688487 0
0.4404589132215709 0.05534099086819322 0
0.4359939379135094 0.07469116384623631 0
0.4214557195896797 0.06129401358892383 0
0.1568553268169202 0.4104662146779297 0
0.6482250553067634 0.9523917538411319 0
0.5851210884578645 0.3689589955846013 0
0.5696378792235075 0.381709306757401 0
0.5856160569720521 0.826832424643944 0
0.6035466526249359 0.8354357157262826 0
0.3616902207716228 0.8344828914332361 0
0.3240694353513748 0.5673980765027937 0
0.3225757089305039 0.5475554239383065 0
0.5122812355761982 0.5432878375321506 0
0.5031907455790615 0.4243587482996127 0
0.5006943700275168 0.4038403889848058 0
0.4718403509135233 0.4665115035503539 0
0.6292528812196267 0.1575290449715647 0
0.439083301014276 0.4889447349149636 0
0.9195448654647137 0.6616634869934097 0
0.9356339081775361 0.6513498698836504 0
0.6196958478198685 0.824760526585247 0
0.6214318652573046 0.844126938500358 0
0.6378870736590152 0.8328111913733696 0
0.6396618614945073 0.8531813631659269 0
0.6340242072403491 0.1387482975290556 0
0.6151644707057572 0.1448424362455809 0
0.2043024292601248 0.5863738356616457 0
0.5556803825781786 0.6595018290644122 0
0.5720395845625105 0.6484342248681266 0
0.1683250610715402 0.5690437692584837 0
0.378129916660767 0.8231880653307134 0
0.09201879906548299 0.4747969237074548 0
0.3285324021765035 0.6269312860826309 0
0.3584999679930657 0.7945611570080715 0
0.1503522652418787 0.5603888311471783 0
0.1472420069550662 0.7505936819747898 0
0.1921956241093458 0.8873446357325447 0
0.2685851059293494 0.5215299947653942 0
0.2864824749374769 0.530142390816094 0
0.2506140871989593 0.5129010053274033 0
0.2132826059080923 0.475779827859225 0
0.1592262486494783 0.9099082884392722 0
0.1427246974325972 0.9211915161313475 0
0.04487461902354595 0.5284762909413585 0
0.7626894834020854 0.1165435303653163 0
0.6996378162233161 0.08206949266775154 0
0.7040465946272918 0.06284835849494552 0
0.7229414328876025 0.05667733595772101 0
0.7087387426728944 0.04410227228032398 0
0.7556773292994807 0.2270419792803869 0
0.1487487112647898 0.770510715959171 0
0.3075326874411488 0.80840847914759 0
0.3090724144266603 0.8283474547152549 0
0.138399530247987 0.6313061101225506 0
0.9003267020460807 0.2897845401881343 0
0.914824507616917 0.3032219916125157 0
0.5183136883178814 0.1030468588347248 0
0.5109108841245934 0.7527663897768394 0
0.1535264499552881 0.3529564423076441 0
0.1030075824014963 0.2332108710459347 0
0.08349468616177619 0.227298209188885 0
0.5676835434188893 0.8182270928395763 0
0.3960941315948201 0.831756227966951 0
0.6248015262089142 0.4264213410354941 0
0.7816233186465102 0.1105367251447925 0
0.6105534389602927 0.4756567010195449 0
0.4693654750064912 0.8861242801678648 0
0.8856922223206496 0.2763490402337399 0
0.8667028933697782 0.28233265418952 0
0.4545822515132311 0.9173829225498491 0
0.04814081140450077 0.8362444205506097 0
0.05124231489269904 0.8580954977169795 0
0.6551236718469136 0.384982557633525 0
0.9532501988580757 0.5976338221782949 0
0.935614927081023 0.6039605937016065 0
0.9490388112517442 0.6198504909364639 0
0.621184118073724 0.3462784833064904 0
0.8946678127055134 0.7846748731919044 0
0.6652436714402384 0.9606676360723401 0
0.07000024936036991 0.2396162693068906 0
0.06523426643567343 0.2209974680943656 0
0.08143645143527467 0.2069800042140257 0
0.06052414019074676 0.2017356249540451 0
0.07306405099939128 0.1877388931455364 0
0.05460083344233668 0.1833209440565046 0
0.06824230306456086 0.1690342184193939 0
0.08636951041552116 0.1728998274198546 0
0.08165244939115252 0.1543470027151932 0
0.06237058266994178 0.1493813630103229 0
0.07546617166781772 0.1351162432694307 0
0.09546156464893585 0.140119036130968 0
0.09009815713237113 0.1209285888850604 0
0.1095029254363913 0.1259040507906233 0
0.1041775874895358 0.1067132966205581 0
0.1234926066483372 0.1116852000426715 0
0.1181576054729198 0.09249108338026102 0
0.1374622303832098 0.09746458744001746 0
0.09862169214512922 0.08528699478701962 0
0.1321210384677106 0.0782674781916699 0
0.1514263199679883 0.08324054381783802 0
0.07030295956785881 0.116045651450331 0
0.1426747603708826 0.1160465917217985 0
0.1460810323110961 0.06403256959282538 0
0.1653859974262694 0.06901302776633939 0
0.1707296615667738 0.0882160828963236 0
0.1846877528616504 0.07399324801922841 0
0.1900260703412137 0.09319116193584109 0
0.2039880360638734 0.07897296231591422 0
0.1986483993979723 0.05976995653457751 0
0.2179482112226735 0.06475457528355072 0
0.2232833691708287 0.08395438959042839 0
0.237243066677061 0.06974180474938951 0
0.2422005301206601 0.08857447914982997 0
0.2561034514026683 0.07430621511475277 0
0.251134101732148 0.05545418757108611 0
0.2704159901360176 0.06043597000735113 0
0.1267698598881112 0.05905580894444901 0
0.1139839253932414 0.1446133127771683 0
0.140738648552571 0.04481261243370582 0
0.1750940225367045 0.1063613585438622 0
0.03904369106444916 0.1998482016023821 0
0.2742617350069128 0.07955868045498604 0
0.2895142892595055 0.06547249425124424 0
0.1945850348286902 0.1126411337912692 0
0.2937852427427871 0.08503613690866763 0
0.3091514863951677 0.07103331199413226 0
0.3038213562435009 0.05161052682211498 0
0.3227962641982186 0.05750338990911508 0
0.3288631661054724 0.07618626596804401 0
0.3421012842412036 0.0626808336176552 0
0.2646585852667772 0.04141390907667575 0
0.3480872655594991 0.07962354408123073 0
0.3616164147343196 0.06631064175822676 0
0.05154433442657536 0.2310753414759779 0
0.212489478447908 0.04602635083463402 0
0.3524508037559851 0.04915956442807312 0
0.3724140501811954 0.05130384740059024 0
0.3822644979336818 0.07206837267831995 0
0.1935609166482206 0.04005682736724836 0
0.635931978858183 0.2793523957327765 0
0.6557712186640255 0.2748569616502837 0
0.6163998717968151 0.7862173180978475 0
0.6842725027855791 0.3212196898891384 0
0.6832489262001566 0.3013118141900017 0
0.04659470429775325 0.7775461920587419 0
0.04100118841013733 0.488580454659668 0
0.0463001423108631 0.548411751816138 0
0.9534377701821413 0.8887974531151827 0
0.9372467154348043 0.9000679177389288 0
0.9549212271875949 0.90870398077988 0
0.9387800117732475 0.9199784385879411 0
0.9621838891799559 0.4873545636785548 0
0.5258115520229601 0.9510902310829428 0
0.5426580170587663 0.9404217235339922 0
0.1127902098730108 0.2941439138428105 0
0.4171120494205217 0.4212950681847698 0
0.4332567037675071 0.4108892224398878 0
0.8141160951567621 0.04813325524046674 0
0.9510154253078259 0.6585675674819702 0
0.707258519090523 0.3700353414337584 0
0.03762639746200419 0.9090863295163392 0
0.7924386068759349 0.368410443840503 0
0.7899263205540936 0.3484345661726415 0
0.4858907257995717 0.09364382165765051 0
0.7815757443544027 0.8851651202303615 0
0.6530491415886823 0.0439801238209937 0
0.6351460018866815 0.04768717455157789 0
0.5423835236513838 0.9629141315863496 0
0.5594548833865582 0.9478675383584232 0
0.4178653610841718 0.07997741983699991 0
0.04480748389284051 0.2986134167968798 0
0.05882823570231699 0.9563341316777623 0
0.04063835657161435 0.9489666822559655 0
0.4263646876040799 0.04156017268137102 0
0.4095260450015489 0.04801375471085723 0
0.9268208729208273 0.6236985454252456 0
0.906613973306065 0.5042670355567858 0
0.03873135754243212 0.4077269852999147 0
0.6217883334068478 0.1953349438980121 0
0.694297699219775 0.874148342587604 0
0.6735920830761509 0.8735512338570606 0
0.2152582154582808 0.9546847297026499 0
0.2313203730685978 0.9443410523615718 0
0.2326958136316846 0.9641363444880144 0
0.2492602350429319 0.9531027425552578 0
0.8859474039562036 0.04202625203069144 0
0.8684357218543893 0.04768723859186225 0
0.9043210559240772 0.03549034939880846 0
0.4922522252277465 0.9534870255192172 0
0.4740000454515631 0.9456330140564138 0
0.4327110022077839 0.09203193105163043 0
0.6422458761520424 0.03051573205162228 0
0.5793267525667496 0.5781154848684583 0
0.9548681685191605 0.7164148461384159 0
0.228702066831701 0.10216798546765 0
0.2509050603292014 0.1066133753717377 0
0.9146488116969625 0.6109784595281382 0
0.9564020203178583 0.9286190584930217 0
0.9399867501837067 0.9408191489884191 0
0.9223055579563675 0.9314295158625508 0
0.9237232722001329 0.9513242544252957 0
0.9058761131226593 0.9426204327283292 0
0.9584276563679051 0.9484999290328927 0
0.1336013300557966 0.1855489455972897 0
0.1121180926868418 0.1886633993166536 0
0.1330358677080893 0.1654007099942498 0
0.148035121938227 0.1528137043834871 0
0.9639759520045177 0.2554048357780373 0
0.04220705583495088 0.7384956610723847 0
0.595712115659077 0.7360500578856355 0
0.6557645711297531 0.8432239149681813 0
0.9372284719092356 0.0442147665906471 0
0.9574791441308871 0.03507293308088522 0
0.03612029571123615 0.8891457117476235 0
0.9076393996942617 0.9610605735338142 0
0.8903391802488286 0.9532255979271037 0
0.03322893476403121 0.8512634893527531 0
0.7370730067918838 0.8911277376992224 0
0.8202413180910401 0.9621967936456899 0
0.8065474027851693 0.3560692925542208 0
0.6049173786446641 0.3207027454884914 0
0.5670213112818976 0.362656363668458 0
0.8238365655500388 0.8574162622664475 0
0.8214325830808815 0.8803998955964814 0
0.1794071122983463 0.9568908441466688 0
0.1621704709263212 0.9497511930085839 0
0.4217133479917216 0.9627476225822199 0
0.4052099332161304 0.9513355510618571 0
0.6994600413533838 0.957054294568652 0
0.71849633786845 0.9671126027147416 0
0.4660377518971277 0.4042531834965593 0
0.7028749653178895 0.3122852883981954 0
0.6992006941994146 0.2897806315958285 0
0.2086747869699639 0.02703567908637527 0
0.921549388557902 0.6426796809479076 0
0.8288387661411522 0.4016383364454089 0
0.8348646154312682 0.3816565727092452 0
0.8478139957427425 0.3987100418223264 0
0.8598610528875941 0.4129687074991122 0
0.8542249512430815 0.3792473674228775 0
0.8442647175000041 0.3627581363983147 0
0.8633121605884353 0.3624219371061949 0
0.1208060227697255 0.03618723009298919 0
0.1085736903242746 0.05345952586747588 0
0.1382514006778345 0.0280015208054708 0
0.6381633328199029 0.2366949979090704 0
0.649303664357354 0.3039848404455328 0
0.03371624767794323 0.3901948004229521 0
0.1664070518330244 0.1554042137878756 0
0.1734470284436764 0.1359864889546474 0
0.9582915511804457 0.1089308045210226 0
0.9035561902363313 0.7124162259241839 0
0.5885950659658179 0.1648783916646899 0
0.5929004395118582 0.1443443730764352 0
0.5722706699672035 0.1290365763117711 0
0.5910391916292023 0.1249675233365761 0
0.2439341613359396 0.03372242527638003 0
0.1025828105831646 0.2030916899870843 0
0.5958685114613503 0.7156041704515248 0
0.6685453917176885 0.4029782674865775 0
0.6979653733086812 0.8945748145652841 0
0.5925077233400087 0.6745109210050051 0
0.9664239161571282 0.4697744232926227 0
0.4761625584300181 0.9660286434071224 0
0.03696205808111697 0.6788555417881843 0
0.05593693256623078 0.6877001625517382 0
0.03850312204723871 0.6987637473101292 0
0.8472999292204368 0.8212156988175472 0
0.8675430145757451 0.8191933138464831 0
0.8570886911467894 0.8369032013546753 0
0.8781226850518518 0.7978599082572624 0
0.8554746902929649 0.4359619362218774 0
0.8731933309268132 0.4435721377741334 0
0.6154114683432695 0.7647495101837329 0
0.02802146821559148 0.7690351011515701 0
0.4984426522848946 0.03425815316082892 0
0.4817894139718605 0.02327929202837203 0
0.6577664921916925 0.8634474342017661 0
0.3562972639273458 0.9669306252336304 0
0.3707520639788174 0.9539738242412701 0
0.3385005475694147 0.9766584517434499 0
0.9112552006023618 0.556332492680672 0
0.9068802774321559 0.5762663384894586 0
0.9002375671348064 0.5430752708944743 0
0.6128256874514306 0.4934675458865062 0
0.3201441650228964 0.03736808375787365 0
0.6446311355503286 0.4374658240759151 0
0.5521343377254446 0.1421622202519277 0
0.5508271391097611 0.1230804795801525 0
0.564678456365032 0.1081871907150411 0
0.7785207741925141 0.03596683011463037 0
0.759366706831718 0.04517960091832068 0
0.2081345006999974 0.3609906316866426 0
0.1902363250244796 0.371726961456624 0
0.6244681580700492 0.3262627567405433 0
0.2073991897378418 0.1369299854986938 0
0.9718941196776985 0.05055922819304653 0
0.6820239386618826 0.2816630260739885 0
0.674492349001889 0.2647615623446054 0
0.8644160731159064 0.7818618284695318 0
0.8678937005949601 0.4769128388679399 0
0.8759998256461958 0.4971560197293671 0
0.2276891536526661 0.3683858490304665 0
0.2324531696212418 0.3888815093767494 0
0.2535002550193576 0.394698580037835 0
0.5134879808964585 0.3719236562844984 0
0.5279994032234002 0.3817305076717997 0
0.4941354116361414 0.3812280683788674 0
0.5126111238034761 0.1245814101672588 0
0.64766351455133 0.403433976940511 0
0.807699710942186 0.8905146079396324 0
0.259848490212419 0.02207400432227852 0
0.8782935163054656 0.7432894209056413 0
0.2678071765198884 0.3804428933967873 0
0.2746490484488809 0.3981923762243084 0
0.2953226494128423 0.40327039306416 0
0.2813427330313568 0.4182472045297128 0
0.6154453220522632 0.5380453311060749 0
0.5978920504943385 0.5267316161261439 0
0.615100007427453 0.7259794613644562 0
0.2674637330900357 0.1204330889047877 0
0.4718267207406818 0.1192305209718804 0
0.6492128207198566 0.9719090957542473 0
0.4526286087761691 0.3861707126657533 0
0.716256552969094 0.2972602390666459 0
0.1510126515068774 0.3320569845420324 0
0.1293601577731608 0.3332604418905173 0
0.5476834008996571 0.3782265658329119 0
0.5563767067614127 0.3955050970956641 0
0.8861958539258243 0.7013005195995676 0
0.9004711699746584 0.7330022189287773 0
0.6133791727752274 0.5584265058710358 0
0.9513633490343503 0.6390458932906087 0
0.9686600136122532 0.629071176654782 0
0.3082514526864458 0.1133257959645743 0
0.31403727429117 0.09281306629382863 0
0.5498186211411913 0.03904527130512842 0
0.2496616480022168 0.9721582931694683 0
0.266724749739941 0.961168978451618 0
0.2656738833198294 0.9417856589535705 0
0.2835825553740134 0.9506650427216174 0
0.2822033056785717 0.9306212825824537 0
0.6088839328239225 0.6000670247634812 0
0.5911161907795467 0.6096041543323959 0
0.5872748361269664 0.6315534993469406 0
0.5733391600822396 0.618404758318291 0
0.5764356771520163 0.5985989166394881 0
0.3489905011721481 0.3915105700949556 0
0.3376501755186107 0.4082163752852677 0
0.3584446944712834 0.4090404036056339 0
0.3782990809271685 0.4095266228210827 0
0.3476399287314139 0.4254473276531676 0
0.3305804165569233 0.4229160874736069 0
0.3167935801533981 0.4095528033918668 0
0.3684111198786196 0.4266643668014715 0
0.3560183548466783 0.4444633252799723 0
0.8894179918111237 0.6612361508418504 0
0.6074513480355295 0.6404410486786026 0
0.3895678684975206 0.3927447216872375 0
0.3477211319039655 0.1090252712217303 0
0.3897255714662941 0.1077300230995486 0
0.8935849919254313 0.6169633031574799 0
0.7862024104314568 0.9612608389860087 0
0.7695333668208111 0.971775383471664 0
0.2756492238314029 0.1000995715274898 0
0.01985754160727499 0.70994874731194 0
0.8478550508217675 0.8566410578305672 0
0.4314174421186104 0.3912863297330594 0
0.3087175798562592 0.3882244286452975 0
0.1714512669127964 0.3624804655839839 0
0.1709442704512296 0.3429681193044062 0
0.621319769184848 0.03330869266924941 0
0.6408212804426293 0.873156784778323 0
0.3996628441583305 0.4109890184038862 0
0.6050929052899326 0.8553135429868696 0
0.1549856612189619 0.3911017907190196 0
0.5692957280164548 0.8381633023465329 0
0.629777329910442 0.4796270029250446 0
0.674112799131461 0.1986521612877872 0
0.6929339070940476 0.1927303593624722 0
0.5304321266900245 0.7812782957820061 0
0.5125010774091494 0.7727115390755517 0
0.6669160414317727 0.9809738018639468 0
0.4333935984113946 0.8688705820223006 0
0.4154561068346794 0.8602525967899564 0
0.3435698152079544 0.8257485781680572 0
0.1550335395175535 0.03126149762513697 0
0.6109026180904572 0.6823302586473416 0
0.1581982536626479 0.4301560115797822 0
0.6556126468247598 0.2050812774851528 0
0.1385674676577859 0.401489133684152 0
0.3945056399748971 0.8118143870798138 0
0.4570893716232179 0.7269504921728075 0
0.4391381241630661 0.7183204703515166 0
0.4376400955745643 0.6984722768388427 0
0.4212095022166487 0.7097047620865833 0
0.8893669228304979 0.02114897764714807 0
0.2312892837848168 0.4844586883697209 0
0.71592353303747 0.9029898212021122 0
0.5941940174391044 0.6955383291359876 0
0.3601402842198759 0.8145486006926332 0
0.5808171186363054 0.5375937619199409 0
0.4227163522624734 0.7295735505714295 0
0.5630114501274939 0.5292545984761987 0
0.2671081241301287 0.5016915065014969 0
0.5182811111259704 0.4127780566358985 0
0.5208435008182499 0.4330096215499195 0
0.6782600144650568 0.1792628675708478 0
0.6971296508697022 0.1732796296137589 0
0.528687066534489 0.5320824676123342 0
0.7562910799918848 0.06408038069222383 0
0.4958921256698435 0.5545142683319479 0
0.497387526082148 0.5743279580627435 0
0.1863322990594669 0.5777315702476706 0
0.3061337972853681 0.5587698753857476 0
0.3045540182420336 0.5388688396573704 0
0.3075343138837875 0.5786005273945127 0
0.3089310439843734 0.5984947310217281 0
0.4226701522362112 0.5001522246316275 0
0.4241635262837152 0.5199699639478379 0
0.5046503553812552 0.444158263091005 0
0.4961298742885545 0.784121429970603 0
0.9043766058439539 0.9226719453970277 0
0.6611985816615685 0.9020054069952651 0
0.7013679010455729 0.1538447181525494 0
0.4211713257577747 0.4803398539918446 0
0.2326848512789361 0.5042794915330784 0
0.2092851225219928 0.09812196929573874 0
0.5537695111656294 0.640566450469669 0
0.09963409378169563 0.344723754043572 0
0.910193993360257 0.4858135543190361 0
0.5376579963387041 0.6511209143091857 0
0.5537357555431612 0.6202391293384939 0
0.9217081231274631 0.5907398074109315 0
0.0169530019485471 0.2500002204235493 0
0.03816015428346092 0.2623942174624224 0
0.0326475291338299 0.283207356059382 0
0.01589319208572548 0.2905302446237398 0
0.4650027662618699 0.09887023372637843 0
0.1564784727930118 0.1020861515732969 0
0.6650979773294086 0.2926749163323764 0
0.5365713063887578 0.09624895342309209 0
0.8818675345576068 0.3663168501818835 0
0.8101401650397865 0.9823855748400614 0
0.8982799857912303 0.843149652396137 0
0.1281075668119122 0.130205420525992 0
0.5768047246124657 0.7077184415492557 0
0.4882644677921646 0.4553335765335381 0
0.4897886668224868 0.4751469869939529 0
0.389862979280196 0.01634029640835122 0
0.3500020679401056 0.01653279651062034 0
0.3413287521400403 0.03326906808483354 0
0.3097885006391344 0.01727593634482 0
0.4294641595609489 0.02025796383200551 0
0.9831431085215863 0.6706043390368976 0
0.9665232650397014 0.6837429268881902 0
0.967382324441014 0.702278997561652 0
0.9842168000434608 0.7103575430131476 0
0.406238720462283 0.5113512694005902 0
0.4943704628443517 0.5346707700346818 0
0.8662544817007176 0.8666840124976385 0
0.9049376329477751 0.4336163022278188 0
0.9836517514654105 0.5299987498601878 0
0.9820612982801908 0.7498631764958995 0
0.964378988539348 0.7599211860465184 0
0.9648332295567351 0.779901040840947 0
0.9469542755985241 0.7701259886254288 0
0.9632442143621427 0.7366204935570966 0
0.9825902569899996 0.7899695598792078 0
0.9648001689728837 0.7998896945984779 0
0.9825644516764993 0.809960002221048 0
0.965342643270346 0.8199319327239665 0
0.9654779756554324 0.8397132094112871 0
0.9828708089841772 0.8495920945838762 0
0.9833028726926275 0.8690697759582815 0
0.7453403487587834 0.1941977053202693 0
0.7264467841595679 0.2001904977906412 0
0.7272466118541702 0.03766641228377487 0
0.8059076852283273 0.3190596747599733 0
0.5291355372987075 0.01684260901556661 0
0.2642262079667781 0.9219612372953375 0
0.5411770746305538 0.9206080166155033 0
0.01732050807568875 0.21 0
0.03461530910739574 0.2199999999999999 0
0.02016574547506911 0.1899416509935889 0
0.09347160747437905 0.4946760975578767 0
0.3451306680356794 0.8456775765004314 0
0.3270970796713565 0.8370203577151647 0
0.7650039112685305 0.9139613198952365 0
0.1001806583895745 0.1586052801170117 0
0.7506015188544203 0.01650132419926909 0
0.2879815014637407 0.5499934632453127 0
0.3030580522342188 0.5190274312344992 0
0.5963936233425039 0.7561751652714312 0
0.9826667852452899 0.2495487349035645 0
0.9612839039751861 0.2747189620776147 0
0.9531486484461921 0.2935821038775165 0
0.9730807301620897 0.2912809395996525 0
0.9671199139556345 0.3100743946791021 0
0.9474847211829442 0.3122893757122479 0
0.9595433673967819 0.3283397724879335 0
0.9691208876536491 0.346207050957653 0
0.9529652851645398 0.3437258252471539 0
0.9558930698095593 0.3625886480381503 0
0.9775976391106742 0.3622247375827378 0
0.0173180355621031 0.4500042825191525 0
0.03543887295175263 0.4416969424405034 0
0.0346296956172536 0.4599889575609421 0
0.5508376176386254 0.9825482615755373 0
0.01731741187348884 0.08999632686600018 0
0.03463245094834327 0.0799999995911464 0
0.03463327758645285 0.06001360413996704 0
0.05193864960102434 0.07000480233441347 0
0.05194074361427148 0.05002592180216381 0
0.06933211522842248 0.05991584325594945 0
0.06843655092228884 0.0791311148802003 0
0.0695072638462183 0.03940865357222934 0
0.05194244036388634 0.0300438878711104 0
0.08692340727269016 0.0292550814347437 0
0.0845370530076554 0.07108437052071864 0
0.08897391846216446 0.05084557527235312 0
0.0346298653115833 0.0999841652453004 0
0.03463723311126088 0.1199677997255195 0
0.01733222658838129 0.1299749347990946 0
0.03377186828710799 0.139973442084328 0
0.0535961458427503 0.1314924192890061 0
0.0173060635060297 0.1499656506383288 0
0.03371777041505464 0.1591051649924668 0
0.05192291471562338 0.1099737144137378 0
0.05150477267048487 0.08961033312845135 0
0.8499915166021546 0.9826843898163411 0
0.8696529598874583 0.9828630062930106 0
0.8601439847075339 0.9660070982565238 0
0.4794191011437816 0.5656490836319641 0
0.4809145653109504 0.5855047593308245 0
0.4988383532022647 0.5941467109606914 0
0.4644948114044141 0.5967076948878774 0
0.9839543618086184 0.9089624254700887 0
0.01724486546393578 0.0501403733965512 0
0.01946117243121348 0.4890566399043847 0
0.8298325257620193 0.1314090673335057 0
0.8108346710931946 0.1374258168506252 0
0.8445311905892168 0.1449011921399501 0
0.3314610701244892 0.6666292666515989 0
0.9864000404248916 0.5901440576576521 0
0.9799500662125592 0.572593769296774 0
0.5101413685367145 0.9807378450202795 0
0.8608614495478688 0.2302298335384733 0
0.856461259670995 0.2495940356550729 0
0.841859077441935 0.2361690519232817 0
0.01649752835682305 0.3299937183091822 0
0.03362835014323196 0.3193167281988548 0
0.01637393200058235 0.3498422372427965 0
0.03492147893077463 0.3582700264403934 0
0.4077331624610502 0.5311763171014896 0
0.3704001967375707 0.7236434514315251 0
0.3868421236149963 0.7123678320195391 0
0.3161204858622543 0.4493052430132843 0
0.9818901918239747 0.4890654360106507 0
0.8255047571893679 0.1508749338455717 0
0.8065383338609458 0.1568903237153171 0
0.5350869581290871 0.8409996817295728 0
0.6103574232029547 0.9825132269135635 0
0.6197328665166613 0.9649410447049507 0
0.6000343954585478 0.9659093595495232 0
0.590021399949593 0.9826671411808371 0
0.5811142857398918 0.966328229444426 0
0.5916908960624704 0.9477243234105797 0
0.01654980872145528 0.5300018469533379 0
0.4839316235776024 0.6251677849611286 0
0.169827981887167 0.5889281745163519 0
0.982683247059619 0.4300065040851423 0
0.9653755180933838 0.4400000016948632 0
0.9800370596751777 0.4100035002457417 0
0.5700000000000001 0.01732050807568858 0
0.5899974555090917 0.01731570391773468 0
0.5826169689366282 0.03365678036030484 0
0.6012977623682844 0.03419434754182488 0
0.6130612772019306 0.0527508219158192 0
0.2437350188415726 0.4116257195473032 0
0.6083978491298285 0.4558427223213208 0
0.7084017137063545 0.01662059934341098 0
0.6894379434123693 0.01691666909601891 0
0.6800054410348935 0.03462799511741599 0
0.01681071837593884 0.5699980686335019 0
0.1788201595129122 0.4783630649850367 0
0.1774949888730136 0.4585882502542835 0
0.4305464167317305 0.9827128333071207 0
0.3466764960428967 0.8656264323933633 0
0.1205389249192149 0.3928042607968796 0
0.7896769779088999 0.01726344338121633 0
0.5212798131475668 0.6622420738159985 0
0.9827340862046554 0.2099117993101662 0
0.9653762313145422 0.199988648349283 0
0.9654796974295501 0.1802100177051822 0
0.9481792922048069 0.189866917497184 0
0.9480591240564344 0.2099924612972249 0
0.9485360931189631 0.1694908627295735 0
0.9305425452030855 0.1780560861320621 0
0.9127206402846424 0.169581098054354 0
0.9143317030452405 0.1887225753322166 0
0.9504783048416486 0.1487666567213226 0
0.9656869940267434 0.2194453765090923 0
0.9828838600590543 0.1703028721631775 0
0.7599936224192829 0.2076468353753296 0
0.3527129960770111 0.4658560069840498 0
0.2955244688143461 0.6493467342128169 0
0.3120382234616279 0.6381373764741984 0
0.1114397666494127 0.5033303043630017 0
0.01687154811653951 0.609965084947415 0
0.4422345008341442 0.7581516771509149 0
0.5601828804915955 0.7190728702151648 0
0.3808429109115446 0.6329467504333069 0
0.6006237545563974 0.3547434149447643 0
0.6171558090012211 0.8055854620397223 0
0.2341499951479414 0.5241110637507507 0
0.3896749592043864 0.9805882152706136 0
0.4480733687926246 0.6079145561809185 0
0.347928771075316 0.655398333474619 0
0.255177130608812 0.8024636691110326 0
0.2716252089652283 0.7911564052693506 0
0.175701397472709 0.6683572393103536 0
0.1922424945056898 0.6571553409473958 0
0.2101689417339337 0.6657640503681537 0
0.6734388312635853 0.3731388786036534 0
0.6885939033930158 0.3604738476062095 0
0.6864994482777295 0.340917060952841 0
0.4004524508490945 0.4321787734954422 0
0.546546776110187 0.5405964690837107 0
0.9090687806923397 0.9804836792315597 0
0.6258766017830657 0.4054283223716399 0
0.45094685927496 0.41829300705943 0
0.9840493841759735 0.9487678796919207 0
0.01756975676277728 0.6496700842301104 0
0.01820027731046192 0.6695419742665196 0
0.2371760029626946 0.7938138802215567 0
0.1277340101432016 0.7220308940374143 0
0.6201633220590727 0.1254287455498875 0
0.4017772319699451 0.6812748758204746 0
0.5748318926322044 0.458796123970766 0
0.8306482054692674 0.01690628368719427 0
0.849948997777203 0.016649243272572 0
0.8402599478150372 0.03272534912684333 0
0.2341508973728019 0.7539816670442829 0
0.9499203912927475 0.9831142846823263 0
0.940580980614471 0.9637266695053185 0
0.2901862296315109 0.9830013092944531 0
0.3004980661607833 0.9634049131991409 0
0.01563537117057689 0.7534477452093478 0
0.9839151447549543 0.1305851907861475 0
0.3688829101538721 0.7037682847018649 0
0.3390180765752919 0.5363446039932344 0
0.2161962329898782 0.5154720985965355 0
0.2715472148505043 0.5612355077627383 0
0.2477451218419159 0.9332539389800703 0
0.9821042719491933 0.08935554273820939 0
0.01732047516327001 0.810000057005981 0
0.03438823481758901 0.8011863948189727 0
0.03464017547004061 0.8199986579223768 0
0.1897259449296166 0.9844267433434304 0
0.2086977437132984 0.8760789398284821 0
0.2072028913460406 0.8561595374851072 0
0.1142508571410994 0.7731388000765718 0
0.3883183981835306 0.5027393396812632 0
0.5910872322437259 0.4475324228624639 0
0.1500000213967086 0.9833286964028011 0
0.142669080094817 0.9625276586007807 0
0.1204459567360882 0.9648878455246823 0
0.1292292721433654 0.9490068499817865 0
0.1095151692891738 0.9464582411955125 0
0.1001365331623252 0.9656447424048822 0
0.9499999999999993 0.01732050807568775 0
0.04997991257403189 0.9839759922884752 0
0.0178318672277934 0.9095623862533475 0
0.01646478554792985 0.9499300358867115 0
0.09002288328093344 0.9829567230883995 0
0.3669244610869652 0.085505458615173 0
0.1101009080072659 0.9826948074735335 0
0.1039208178942054 0.6339346519955349 0
0.5225694803090917 0.4527807887813716 0
0.5435303419308171 0.500989373527239 0
0.2627174212713311 0.902048660079149 0
0.211662702980413 0.6856570529330038 0
0.2266767772400188 0.6545456250133523 0
0.03968095656156601 0.9289974370932055 0
0.1007668386040984 0.8242578796098052 0
0.1322519226026929 0.7817820958102596 0
0.07066401551532298 0.8865514972254589 0
0.09168893764941499 0.9350790969931462 0
0.1036943657905872 0.8640154161277455 0
0.8765764710233414 0.08048737152707575 0
0.4063207150010451 0.7408874953242843 0
0.2655937601239741 0.7115851969920934 0
0.7862426616654539 0.328074836346284 0
0.2446239996525051 0.6631810922276404 0
0.151716216802972 0.8102984414806211 0
0.2401327217173219 0.603560253862523 0
0.1518560244321126 0.5802833038849647 0
0.3194940463522496 0.737489941433355 0
0.1847067698417875 0.7877705381517015 0
0.3569536290593139 0.7746559639454724 0
0.3569461722273692 0.5449710595732348 0
0.3972833134717375 0.6217276339584177 0
0.5078734374113577 0.7130974084148274 0
0.1244759447673629 0.9122950118028232 0
0.1562085854834356 0.8700486870524488 0
0.07673261271802007 0.7359011836108982 0
0.06422296796678467 0.7868278411417911 0
0.5450554000337764 0.5207839531450883 0
0.2326450598888315 0.73409005751302 0
0.4662631394731593 0.8463216951872244 0
0.4256566647086952 0.5397977079375792 0
0.515260518958602 0.5829152629930711 0
0.8462115795414585 0.2167311971736097 0
0.8228489803498413 0.2420746927082682 0
0.8082233363883795 0.228593900402253 0
0.510757090349002 0.5234416311595742 0
0.1204214856861025 0.6226819261189371 0
0.1802014464438731 0.7280557578891571 0
0.2297341110569355 0.9245637152620043 0
0.2417024665787358 0.8535559283123708 0
0.4346506792866424 0.6588103504455648 0
0.2792110088394714 0.8907793588466622 0
0.7762037299920368 0.292609216230772 0
0.4465706308578745 0.588076289244967 0
0.2820632430229971 0.7003396395786028 0
0.08903252890277735 0.4350977574039867 0
0.5392184430047224 0.6708464941192067 0
0.4406742377200645 0.7382170890021642 0
0.4035300446422926 0.06714713854265597 0
0.4002973777250989 0.08918606031682774 0
0.3255117665600794 0.5872479575435914 0
0.1457310889797951 0.730674586378528 0
0.1653208982424043 0.5292819647073328 0
0.4420818172927948 0.5285891574213086 0
0.1832110418550041 0.7678618912175174 0
0.3677134674622903 0.9141221662553491 0
0.3060402272615419 0.7885085327834442 0
0.8722408520434528 0.09998196816498156 0
0.3181304322133052 0.9484183105699138 0
0.1067536667494874 0.6735709579347504 0
0.3152176343405927 0.9080837968095277 0
0.3942942520642818 0.5820491746965498 0
0.05860606218140907 0.7273035932682257 0
0.3749386641233994 0.7832845577855576 0
0.4733709303071754 0.4863262844811866 0
0.4037085978709192 0.9314161303621882 0
0.1442221391106738 0.7107638637702725 0
0.05157029099762234 0.6280646429139383 0
0.4705123364706787 0.6760404374953777 0
0.9185103371389806 0.04962241991416655 0
0.4288556426861589 0.8091656289159018 0
0.3692271744592636 0.934047453382411 0
0.3179977648206142 0.717612296910467 0
0.9250374368933586 0.1015215325247221 0
0.08295271520818981 0.5855102789809179 0
0.2237034301250986 0.8449012255515578 0
0.751408450470443 0.2463993105144228 0
0.7074006745587971 0.3480600374008791 0
0.07996611207514404 0.5457087464845247 0
0.4842286484241568 0.8549530787924785 0
0.1279231725804726 0.4921316816673015 0
0.5661982056696419 0.7983999745197246 0
0.06825521236202009 0.386648083988884 0
0.04366568164029205 0.5085524312111308 0
0.8402102166068435 0.1643604641560618 0
0.5093808005502812 0.7329308003653963 0
0.3375299249978712 0.5165132928665137 0
0.2431436592646072 0.6433043844471948 0
0.8872511685935535 0.1853988746364935 0
0.5216821939462691 0.8921004465031517 0
0.06505377353350084 0.5768916135479769 0
0.0345468318541497 0.04017959051568065 0
0.5003494280780935 0.6139643432629189 0
0.695332037462651 0.1015196490840202 0
0.2027389454714376 0.5664298852560198 0
0.6530536716736659 0.1328777318204613 0
0.8022355772970036 0.1763174837404892 0
0.5231999449480399 0.9119955286367334 0
0.8279016394925673 0.06072226545867998 0
0.9312329146763413 0.3886168286088859 0
0.2207037619214363 0.5750652841368021 0
0.2057009942936605 0.8362469339130016 0
0.179361627535139 0.05481617939853284 0
0.743662571603998 0.122482130769433 0
0.8970749089213025 0.1450171539478626 0
0.9336308553413224 0.2232431520303524 0
0.377865348276059 0.5932674640281359 0
0.8623703260344365 0.3016987507422033 0
0.5530282068559275 0.849619352336478 0
0.5122168764755185 0.05069625330027816 0
0.9208156964332306 0.9113873011062581 0
0.04845024526063302 0.3760096856776574 0
0.7160592556520415 0.1673025950026691 0
0.2319158609515598 0.05054333726604254 0
0.4750301554911652 0.7355601263749273 0
0.1140957819373581 0.07249998758323117 0
0.6313105925998775 0.06695625564009416 0
0.9106504229786735 0.3226701071744148 0
0.1600737721674945 0.05003324624915029 0
0.5632286438323575 0.05267388997091527 0
0.454083470619473 0.6872586188698595 0
0.9566608268743362 0.5066629542020009 0
0.1488568344551824 0.5405142810234822 0
0.2839393205903921 0.04671293851274683 0
0.5925673939398313 0.9264472715815546 0
0.8575427261130442 0.08648335356162551 0
0.6231380220585772 0.864300695721677 0
0.5889792548082893 0.8669785609120603 0
0.963662006700035 0.558576283539696 0
0.3015288136784754 0.7288539334203182 0
0.3210830669414682 0.5277173798774597 0
0.08512059508325009 0.1018936609324705 0
0.9192917857054048 0.8914676193458611 0
0.7348948380605979 0.9546747694113207 0
0.1401821403910282 0.4213160663459297 0
0.4375474158373313 0.4691024315960013 0
0.5871792193476315 0.8467271594576816 0
0.8531109222608926 0.9356852769878878 0
0.28071703222482 0.9106968644808037 0
0.94389592043535 0.09549659016768025 0
0.2536444820469907 0.7825379504741482 0
0.1099563072020721 0.4834616475613928 0
0.4554492372317412 0.4777078487236348 0
0.1892053240095639 0.8475093980687648 0
0.3793590172240012 0.613104312187032 0
0.5468079832828406 0.7699915318416186 0
0.6282563357780393 0.9462958519938544 0
0.2835588091357573 0.720216755456478 0
0.7582932463688594 0.1359550336570595 0
0.8028519234093408 0.9504412664618269 0
0.5576042416442295 0.9093124273946287 0
0.2987280639196905 0.9193422234124696 0
0.1323846962774293 0.5517481937409128 0
0.3872276108650236 0.9426726512857618 0
0.6815015515199765 0.9490826524458313 0
0.7368134111818387 0.2329779644369742 0
0.4361521389825611 0.6786434884209335 0
0.8038766918693285 0.2479770386187096 0
0.2880737950778393 0.7798744666097714 0
0.8477283284071082 0.2882835391030313 0
0.4677913567620875 0.8662006171560309 0
0.4976799864991434 0.8039816363784037 0
0.1084833107618487 0.4635967401535218 0
0.03257294849651005 0.01843965977713968 0
0.1637213326908852 0.7393175302333139 0
0.4796680411164764 0.7953326687272949 0
0.4929968837826022 0.7441719246085863 0
0.1907048094612789 0.8674230138721781 0
0.7772940823546384 0.1299943991546876 0
0.6806646655813076 0.08805653775925637 0
0.7298062581884096 0.9840083969879968 0
0.8622490293856125 0.06702244838373739 0
0.5589517510868707 0.9289785508139072 0
0.8864647691022562 0.9140521369464439 0
0.1338877389312113 0.5716477586391605 0
0.2926511731489971 0.8396765793291082 0
0.1742061722635647 0.8786917076004191 0
0.06362238647567819 0.5569794922608904 0
0.6385193493337029 0.1194059287342936 0
0.1652281716802281 0.7592248498663001 0
0.7716454937471893 0.3123156827033844 0
0.2670863684188154 0.7314560947355842 0
0.4197098893739123 0.6898721614386486 0
0.3106255500456097 0.8483086302544636 0
0.3629184096474728 0.6243222365408899 0
0.329987967211815 0.6467771621033057 0
0.8472711609375118 0.05263500833116974 0
0.1757152194189319 0.89861340986898 0
0.4032653972105185 0.7011009163180963 0
0.4824185142351935 0.6053462962378743 0
0.2506121098341196 0.742707813753139 0
0.8879603187782592 0.9339533041196255 0
0.166729057317322 0.7791259198804422 0
0.1772245461098544 0.9185414241620593 0
0.2999783805439803 0.94007606653572 0
0.346464144647175 0.6355490444477019 0
0.1610957165680065 0.9297850703242035 0
0.685066665227696 0.06839507446796189 0
0.04798297891233616 0.5684356384099435 0
0.7410799299784105 0.2136220186930572 0
0.9502637902060842 0.3825627349233598 0
0.8184800015629959 0.2614198419035479 0
0.1502314366333852 0.7904010698922628 0
0.2521204638590707 0.7626158731502417 0
0.1166001063163654 0.3166247362019377 0
0.3016976018645175 0.4992287330086388 0
0.7875748104023221 0.1628698670562497 0
0.3765027698151267 0.8031918881047077 0
0.8701835172744272 0.9475534785498977 0
0.1337353470571179 0.8016679684048515 0
0.410919714427754 0.8005443326259435 0
0.09054485657798095 0.4549237643844355 0
0.404786301197031 0.7209825265841581 0
0.3105436789693808 0.6182914483258239 0
0.3990947716255551 0.8716321332847006 0
0.1172428899018284 0.8129424796528673 0
0.7075880033068802 0.206121835108734 0
0.3886560462652811 0.9607577671608512 0
0.1187469973774463 0.832827074967515 0
0.4170518909123788 0.8802708123766871 0
0.03492192545371953 0.6391121904584605 0
0.292486286847052 0.6096280857128793 0
0.4514230859399664 0.8775541180276616 0
0.07227453741621981 0.4461934210234402 0
0.22223945553987 0.5949339701826781 0
0.10224909604021 0.844127238850685 0
0.8374391169906226 0.2554936084018597 0
0.08575526586699 0.8553983693403762 0
0.2896041227280461 0.7997719392664298 0
0.2237417847744756 0.6148017886045763 0
0.7118216551851533 0.1867367713468607 0
0.05431582536560131 0.4360934606044856 0
0.06923049386157676 0.8666761621761492 0
0.4530377222895599 0.8975192391171583 0
0.2911214701931173 0.8196989389077438 0
0.05291532690252615 0.8779131863593795 0
0.2252319744020046 0.6346755888197315 0
0.5911761154491765 0.6525779680928263 0
0.8520635950084576 0.2689331069131485 0
0.8909865220876361 0.7626703216980369 0
0.2087469682385623 0.6459595063341419 0
0.1907970695171854 0.6373285247605717 0
0.2851128819910399 0.5103656018869129 0
0.9525915060141974 0.4531747067761653 0
0.8005401668215955 0.1045025905316223 0
0.1742841982834222 0.6485487091453075 0
0.7919003544615407 0.1434370796841639 0
0.2658396281510234 0.4819459624673367 0
0.1563348190419604 0.639928805458682 0
0.2492107793403931 0.4931270734820634 0
0.139807996151368 0.6511480361643655 0
0.8793968470968725 0.834829485205987 0
0.7858982070715403 0.09106347486440003 0
0.1218606489898434 0.6425260304935995 0
0.7711497416339698 0.07755365944917381 0
0.4945548020674895 0.7641141521467149 0
0.229925620598091 0.4647074655892268 0
0.2120295254259502 0.4560623583322022 0
0.7962232174932959 0.1239703676526533 0
0.1053482043305091 0.6537712850547828 0
0.6247093363497429 0.8842726853224809 0
0.08884026164623077 0.6650196347533481 0
0.03985779533433254 0.7187988909653625 0
0.8901027726765782 0.2570971877910894 0
0.1954118820901082 0.4672017145951557 0
0.7375460030910928 0.0701739616183063 0
0.07238211979287168 0.6763035170256444 0
0.07386702315327487 0.6961059014521982 0
0.1761189257058715 0.4388377578110633 0
0.8710904243553705 0.2630014416422287 0
0.05700886187732879 0.7074452774710467 0
0.9047477736564221 0.2705295634474068 0
0.4124986543286209 0.8204180282386846 0
0.4139863660980408 0.8403228592267089 0
0.1595314236324958 0.4499417418213375 0
0.9193860269201185 0.2840567503871396 0
0.07786023433643702 0.9655483258639677 0
0.3975588455569201 0.8516364887823584 0
0.5097873203685871 0.962354227352153 0
0.5483628656848357 0.7898445392685656 0
0.5498943974468549 0.8097038013436362 0
0.4709482378164704 0.9060141281549657 0
0.5514450874455108 0.8295779802965701 0
0.9470316243099142 0.7902512158830923 0
0.1897569981774742 0.01718021090803962 0
0.9625216342700398 0.08967544400321492 0
0.7414086453570825 0.05103759438267352 0
0.472497651282984 0.9258749616300136 0
0.456028813263643 0.9371974274709265 0
0.4577593188027381 0.9560386302606687 0
0.09684958852334935 0.3055627459385055 0
0.4451829379837695 0.03557966105845789 0
0.6537063666666186 0.8216216161357189 0
0.3005205743573641 0.4203985381405076 0
0.8345725828543573 0.3459450281400983 0
0.2151687699606569 0.1177082803463888 0
0.9108079274938049 0.01758925515022713 0
0.9337793577217079 0.2980969325068888 0
0.625258314891452 0.175755494808125 0
0.01425453420294359 0.8897416196001942 0
0.9040702404408838 0.6919409133161457 0
0.9484272519758017 0.8299549771974555 0
0.1743069223177754 0.03494764911757792 0
0.964679253721301 0.3970904198237748 0
0.6247577774939821 0.4458493308479106 0
0.03398739493953745 0.6192085067632088 0
0.4641926068834534 0.030389197049979 0
0.603388309609818 0.1125638008001667 0
0.2315373049802815 0.9826903630416643 0
0.7524143642755541 0.9636304269389986 0
0.9285794502357778 0.3169292181499879 0
0.5966946031414834 0.5064054207425005 0
0.8240882256346049 0.3641433390530011 0
0.5360295215822486 0.3991255228122453 0
0.3800074110796439 0.03355524511556812 0
0.2250706249419293 0.4063065005508363 0
0.9693798531261928 0.9840681267104047 0
0.9691238160590026 0.01649530878645666 0
0.01479105439981554 0.9692860019141482 0
0.841141763560535 0.9656617471388829 0
0.0206174078582988 0.409044991314526 0
0.4837235334381966 0.3976501155749843 0
0.633992470418861 0.779881301904143 0
0.9317425392195964 0.2001574995735423 0
0.8964349111290102 0.8042720478394261 0
0.7483956141187883 0.9063463330378297 0
0.4696225643057236 0.9841004237915414 0
0.3213100103361064 0.968955605188322 0
0.4507058835074056 0.08612005031958081 0
0.881880690148807 0.4608961397202192 0
0.1985836937606275 0.966764031298988 0
0.5925628714751492 0.05092588861543967 0
0.8017807149081645 0.03383658803315881 0
0.9662790928644297 0.1600382312734287 0
0.4704675644655524 0.08103225818638932 0
0.03757075543234578 0.869255149977618 0
0.7098378883951988 0.9845457777979321 0
0.6530377814780983 0.2257257965812934 0
0.5977533992330243 0.5475190489819582 0
0.9667666295543076 0.5384262180951412 0
0.6904535538597625 0.04945920155735783 0
0.9495534137292273 0.8494150046994654 0
0.03318729516383778 0.5994909430140718 0
0.5500365747909034 0.356394063074567 0
0.07415687738748516 0.2574133749636142 0
0.4306365293808763 0.1099551952103008 0
0.9615683962611684 0.9675291015111541 0
0.03567518501215777 0.1789816788002496 0
0.9165066193730675 0.5374698341580728 0
0.888851186403165 0.5806096761780443 0
0.2977511424762072 0.03293568048128082 0
0.03435133548187008 0.2403788497824259 0
0.2482141719408452 0.1264141950477404 0
0.1618746142219897 0.1225533771532644 0
0.4433911477133459 0.9676705168538489 0
0.04451450490508679 0.9669699904938432 0
0.5760860529709387 0.936246636507304 0
0.01621255772516511 0.3885401204478324 0
0.8772302691640786 0.4066092112837609 0
0.984079223045947 0.4684378876676989 0
0.7615745832344167 0.3483182594709371 0
0.6413832640318913 0.1915535536890086 0
0.8993139736978674 0.5237948809129842 0
0.1029923163508764 0.03706649566594084 0
0.6592007705644295 0.2561372922592535 0
0.8049872376931053 0.3384726348126523 0
0.6572639487202229 0.8820239001285355 0
0.01558658006982011 0.849086679531224 0
0.1256218633931201 0.9312588496085092 0
0.3357600789028666 0.09330331119423757 0
0.1904327201232471 0.1298263537659236 0
0.7126887289292623 0.2775083781365013 0
0.9695579014727762 0.3784372355199122 0
0.532606115070961 0.1150683494640417 0
0.03259459309232343 0.5793763103430312 0
0.1628865096365283 0.9680673708375712 0
0.211692296529434 0.379246839310672 0
0.9665294703551506 0.8583131259088732 0
0.1451887973439248 0.9407266117200086 0
0.5625817730476241 0.9660719389317008 0
0.1451283473915931 0.1355717110026681 0
0.9852394512330209 0.3076369780380458 0
0.9676361815174723 0.1402879799736367 0
0.6310685796279607 0.01613706645870261 0
0.5197644187369285 0.03257480196512169 0
0.1909506339683968 0.3897763251436797 0
0.3688940511234367 0.4582506537510682 0
0.06844863141591334 0.09716102208401534 0
0.515104633081956 0.3917710334613525 0
0.9649460947378425 0.06949098464008763 0
0.9044361718625675 0.6718100254089057 0
0.6402344483582125 0.4185840081528948 0
0.5533595422640558 0.4125318494529195 0
0.33315674059231 0.4386660881567351 0
0.7810968641602072 0.903386518918757 0
0.8781437169771111 0.9668308640482074 0
0.5003864723789826 0.1070899854150655 0
0.8934695058922426 0.4919896932554829 0
0.09128079355771462 0.1900784391115553 0
0.9865606994749806 0.6297934458307082 0
0.3998003787523349 0.03214230174377342 0
0.1724254422916158 0.3810062143924347 0
0.6823094698772231 0.9672963844185309 0
0.90006954511759 0.1978247420326548 0
0.03183354130893423 0.5595501719568792 0
0.2250903759621369 0.034967145016365 0
0.5959035263069418 0.5688625398427646 0
0.882772965056892 0.5380975832020816 0
0.2771276628129737 0.0282712540011546 0
0.2598240001381691 0.08983046432375924 0
0.967561699998353 0.8783948399546876 0
0.6078263882593576 0.1604447002008369 0
0.05281810603715992 0.3572979071910688 0
0.8582768162865557 0.03298848758028472 0
0.7441798445031088 0.03352966045721562 0
0.6528458324308737 0.01567746595565517 0
0.6790992416636397 0.8912093578207309 0
0.1483717450950264 0.01472145936411062 0
0.05037534808410804 0.1652337152386066 0
0.571233724748162 0.4008474873153103 0
0.9228075352789691 0.03201105873570825 0
0.3526960893479291 0.9854098259186564 0
0.9411639382358946 0.3303237494435686 0
0.05080711512002856 0.81638120202151 0
0.1146196464137512 0.2191374095149361 0
0.8015697325006581 0.9676334809225882 0
0.3818164867445187 0.09214368684366658 0
0.9643671766482338 0.6480637235031068 0
0.5937283744011043 0.5890973852653905 0
0.5819566511605336 0.3528766201699509 0
0.112663705144852 0.3343630769528383 0
0.6815051304534427 0.2487992317965096 0
0.634387802674329 0.8152182456167392 0
0.0545917191009086 0.2497421997045596 0
0.9690729790824715 0.5189678137836033 0
0.9656426043926518 0.2365628469629746 0
0.4674421502664262 0.01401093876198356 0
0.03111355646254632 0.5394071459129168 0
0.964584281871264 0.6098418414129798 0
0.6367609855470981 0.3911007029424335 0
0.8349181295625461 0.8906723916743496 0
0.2825307669466994 0.9676989069385962 0
0.6099769033477191 0.9519636244824838 0
0.3602699202609716 0.03144583120362332 0
0.3852103862081021 0.4250043254175471 0
0.05022860836542392 0.01337827594391316 0
0.60437092801142 0.1317780282183501 0
0.968420803176678 0.8983538247844649 0
0.2764497907376854 0.4352576758306538 0
0.6285591100396138 0.4986173989962974 0
0.9077178550802932 0.6309749222975785 0
0.02979152421427028 0.339195696098002 0
0.8212613742479549 0.03228585095935438 0
0.9856485685874909 0.3474454139562442 0
0.6992649887813462 0.3304402175126758 0
0.6324543285929893 0.7607873847000844 0
0.636587945194836 0.3391077490321085 0
0.4468574731668749 0.4021784910789379 0
0.09085730710942991 0.9515888207207901 0
0.9223068683931315 0.967932150310497 0
0.3915454250852161 0.05269715188074875 0
0.09000000000000069 0.01308020991618808 0
0.05039659559385834 0.7973708483412771 0
0.9054358202670167 0.6518360733019012 0
0.2959306909252836 0.1015171648977508 0
0.8093103114529716 0.3710828198197875 0
0.6058299973022646 0.3369858353979081 0
0.7210038649222428 0.3135019603528307 0
0.8190157958687403 0.9020226673953574 0
0.6979168142038503 0.03214974930400605 0
0.03032025283716089 0.519576279903359 0
0.4032974516921791 0.9675152835759964 0
0.1280895975062777 0.2999714140728396 0
0.5641601296229215 0.5877109093761972 0
0.5682169123203584 0.3444591733795587 0
0.6225222068955083 0.4631647130527488 0
0.9376181221406833 0.3513902002983613 0
0.9698794183657803 0.1200412793993451 0
0.1308305321350597 0.1482363153303625 0
0.04998375496800855 0.214813532701528 0
0.05076182665697615 0.3181367649874955 0
0.9694822035634828 0.9185801614238327 0
0.8639566825751475 0.3931214893131973 0
0.4181969361331487 0.4050679763848544 0
0.6357927217674333 0.9633301796360678 0
0.03672757023395623 0.4237287744045831 0
0.9676226997118289 0.6639956693907026 0
0.1166923635672956 0.1608130332986098 0
0.2456982760054804 0.01483690656947317 0
0.950030467995076 0.6787672888982423 0
0.5239332865886146 0.9678672876899499 0
0.9035705592660459 0.5963148321502908 0
0.3148813466689962 0.4306721341721967 0
0.9876677848278097 0.04983433027216194 0
0.8945375184304062 0.7478304788752814 0
0.03144967243418567 0.4753207868546452 0
0.8744556200315966 0.42658855902398 0
0.5681156266120795 0.632237045397761 0
0.5651486320498995 0.03362571187064234 0
0.6699753475013827 0.3882058345031931 0
0.04670129087964103 0.1499887210693719 0
0.5488314623966001 0.1063720775056292 0
0.1039888094481879 0.1744002007841173 0
0.6498711013448528 0.9875739863015055 0
0.02968751717923124 0.5011467989548362 0
0.2352629868315589 0.1172019041371491 0
0.9510884299260948 0.4337863362966353 0
0.2625305260462625 0.4088717942862487 0
0.0146410161513772 0.0146410161513772 0
0.9853589838486227 0.9853589838486227 0
0.9853589838486227 0.0146410161513772 0
0.0146410161513772 0.9853589838486227 0
0.8521696042732891 0.9519643588716891 0
0.8800652266118135 0.7773723877483874 0
0.08278678108857529 0.08646778403740135 0
0.883827249255736 0.8159139553003254 0
0.09702823539909261 0.2179436367901731 0
0.7275468558980777 0.2870547064059271 0
0.7940690333031482 0.8958143141952652 0
0.6351761250798742 0.3110289925043531 0
0.0117630252837746 0.7699999999999999 0
0.3251718913191584 0.985467001770872 0
0.760267606647988 0.02934672345189748 0
0.02867178798823478 0.3003318086844616 0
0.9703872481156458 0.938420535685106 0
0.7699764509365759 0.9880579615999985 0
0.8894277079317239 0.440302312364553 0
0.5994708673473598 0.06473691700276463 0
0.494964617749808 0.0144541846814133 0
0.2499967973555637 0.9881364665838531 0
0.3541609073240682 0.0942462481891051 0
0.2730047120707274 0.01316608288997151 0
0.127868246503549 0.01577627178754221 0
0.5372681616029278 0.0306998853419701 0
0.8669766441064055 0.8504787477637088 0
0.7382670488867329 0.9703019965135964 0
0.8358911416554429 0.870324062473171 0
0.4606988701614743 0.9718975017516831 0
0.951790652986624 0.6975299276828816 0
0.6485040553374661 0.289272346936066 0
0.2099999999999998 0.01139539169373727 0
0.9711340874292209 0.5006282834496464 0
0.03301950425867639 0.7857182802147462 0
0.2184769266490558 0.9703816320599308 0
0.8723639802136119 0.3495891077501809 0
0.6322405479346995 0.2960234887240445 0
0.4958656266758219 0.9689702308639789 0
0.951079584767228 0.2247400960078325 0
0.3748730239119177 0.9686264841492785 0
0.1373763971185349 0.3468737105737129 0
0.02836802562728308 0.9398063807821105 0
0.4149796356727775 0.03144973161339781 0
0.4173753494780756 0.09574557380152376 0
0.8947434874719903 0.9689982893973987 0
0.03054542967320328 0.8358951278099227 0
0.5827611494637703 0.1105181488578799 0
0.7955070153878505 0.8811459808398112 0
0.5751500240621641 0.9516213949102514 0
0.890998929715257 0.5070160124025761 0
0.9699433579586677 0.5923851220456855 0
0.03107873699458003 0.3750074959176374 0
0.8691002715350291 0.3760675018117303 0
0.9399999999999999 0.02829523360831721 0
0.8832863141570169 0.4814096656967558 0
0.6089404132098369 0.7455431921652556 0
0.6689394928305336 0.8348310844111977 0
0.03128729618655612 0.7498219784421247 0
0.04827735939654354 0.2790767166098315 0
0.8746967714529594 0.03124975049403139 0
0.6923977934373791 0.3755626156366489 0
0.6294994040596662 0.7948584185668586 0
0.335476047179924 0.04834679692120625 0
0.6636654895608683 0.03176367446595413 0
0.9710101170746355 0.7193629247648173 0
0.700761131827761 0.9729136587489611 0
0.5632460849937347 0.6072841795671322 0
0.05999999988297133 0.9721161449913018 0
0.7758314051245168 0.343155481732683 0
0.8188173482257919 0.3473191276174881 0
0.4453365872814445 0.1008845699045563 0
0.02780199682039891 0.9199999999999993 0
0.9710669772218524 0.1014346038482399 0
0.04432469126128002 0.4711118648630383 0
0.8303284659364805 0.04527428410968926 0
0.9704505926217321 0.955962784611972 0
0.02872413336513102 0.9594222048031457 0
0.7575127616700332 0.3618322916740334 0
0.9098509848551863 0.154160723452092 0
0.9009719892589998 0.1787721996998606 0
0.9861368034367481 0.3754190891760421 0
0.1790866840308616 0.1214737424417934 0
0.9694726980836615 0.454639792771155 0
0.09983139637895966 0.06651055636847092 0
0.1203419863467249 0.1746766717179116 0
0.1595836185192702 0.1418289041838963 0
0.2020347023190208 0.1244039446883431 0
0.9371477170884885 0.6358398868822259 0
0.485121801698804 0.1097497092437024 0
0.988928301856337 0.2899885599266375 0
0.5781605001048756 0.04836539999653594 0
0.1799999892616549 0.9726067578593147 0
0.6529523534693716 0.2437362716158594 0
0.7148182877044884 0.0305987872871688 0
$EndNodes
$Elements
7 5144 1 5144
1 6 1 61
1 1 7 
2 7 8 
3 8 9 
4 9 10 
5 10 11 
6 11 12 
7 12 13 
8 13 14 
9 14 15 
10 15 16 
11 16 17 
12 17 18 
13 18 19 
14 19 20 
15 20 21 
16 21 22 
17 22 23 
18 23 24 
19 24 25 
20 25 26 
21 26 27 
22 27 28 
23 28 29 
24 29 30 
25 30 31 
26 31 32 
27 32 33 
28 33 34 
29 34 35 
30 35 36 
31 36 37 
32 37 38 
33 38 39 
34 39 40 
35 40 41 
36 41 42 
37 42 43 
38 43 44 
39 44 45 
40 45 46 
41 46 47 
42 47 48 
43 48 49 
44 49 50 
45 50 51 
46 51 52 
47 52 53 
48 53 54 
49 54 55 
50 55 56 
51 56 57 
52 57 58 
53 58 59 
54 59 60 
55 60 61 
56 61 62 
57 62 63 
58 63 64 
59 64 65 
60 65 66 
61 66 1 
1 7 1 61
62 2 67 
63 67 68 
64 68 69 
65 69 70 
66 70 71 
67 71 72 
68 72 73 
69 73 74 
70 74 75 
71 75 76 
72 76 77 
73 77 78 
74 78 79 
75 79 80 
76 80 81 
77 81 82 
78 82 83 
79 83 84 
80 84 85 
81 85 86 
82 86 87 
83 87 88 
84 88 89 
85 89 90 
86 90 91 
87 91 92 
88 92 93 
89 93 94 
90 94 95 
91 95 96 
92 96 97 
93 97 98 
94 98 99 
95 99 100 
96 100 101 
97 101 102 
98 102 103 
99 103 104 
100 104 105 
101 105 106 
102 106 107 
103 107 108 
104 108 109 
105 109 110 
106 110 111 
107 111 112 
108 112 113 
109 113 114 
110 114 115 
111 115 116 
112 116 117 
113 117 118 
114 118 119 
115 119 120 
116 120 121 
117 121 122 
118 122 123 
119 123 124 
120 124 125 
121 125 126 
122 126 2 
1 8 1 50
123 3 127 
124 127 128 
125 128 129 
126 129 130 
127 130 131 
128 131 132 
129 132 133 
130 133 134 
131 134 135 
132 135 136 
133 136 137 
134 137 138 
135 138 139 
136 139 140 
137 140 141 
138 141 142 
139 142 143 
140 143 144 
141 144 145 
142 145 146 
143 146 147 
144 147 148 
145 148 149 
146 149 150 
147 150 151 
148 151 152 
149 152 153 
150 153 154 
151 154 155 
152 155 156 
153 156 157 
154 157 158 
155 158 159 
156 159 160 
157 160 161 
158 161 162 
159 162 163 
160 163 164 
161 164 165 
162 165 166 
163 166 167 
164 167 168 
165 168 169 
166 169 170 
167 170 171 
168 171 172 
169 172 173 
170 173 174 
171 174 175 
172 175 4 
1 9 1 50
173 5 176 
174 176 177 
175 177 178 
176 178 179 
177 179 180 
178 180 181 
179 181 182 
180 182 183 
181 183 184 
182 184 185 
183 185 186 
184 186 187 
185 187 188 
186 188 189 
187 189 190 
188 190 191 
189 191 192 
190 192 193 
191 193 194 
192 194 195 
193 195 196 
194 196 197 
195 197 198 
196 198 199 
197 199 200 
198 200 201 
199 201 202 
200 202 203 
201 203 204 
202 204 205 
203 205 206 
204 206 207 
205 207 208 
206 208 209 
207 209 210 
208 210 211 
209 211 212 
210 212 213 
211 213 214 
212 214 215 
213 215 216 
214 216 217 
215 217 218 
216 218 219 
217 219 220 
218 220 221 
219 221 222 
220 222 223 
221 223 224 
222 224 3 
1 10 1 50
223 4 225 
224 225 226 
225 226 227 
226 227 228 
227 228 229 
228 229 230 
229 230 231 
230 231 232 
231 232 233 
232 233 234 
233 234 235 
234 235 236 
235 236 237 
236 237 238 
237 238 239 
238 239 240 
239 240 241 
240 241 242 
241 242 243 
242 243 244 
243 244 245 
244 245 246 
245 246 247 
246 247 248 
247 248 249 
248 249 250 
249 250 251 
250 251 252 
251 252 253 
252 253 254 
253 254 255 
254 255 256 
255 256 257 
256 257 258 
257 258 259 
258 259 260 
259 260 261 
260 261 262 
261 262 263 
262 263 264 
263 264 265 
264 265 266 
265 266 267 
266 267 268 
267 268 269 
268 269 270 
269 270 271 
270 271 272 
271 272 273 
272 273 6 
1 11 1 50
273 6 274 
274 274 275 
275 275 276 
276 276 277 
277 277 278 
278 278 279 
279 279 280 
280 280 281 
281 281 282 
282 282 283 
283 283 284 
284 284 285 
285 285 286 
286 286 287 
287 287 288 
288 288 289 
289 289 290 
290 290 291 
291 291 292 
292 292 293 
293 293 294 
294 294 295 
295 295 296 
296 296 297 
297 297 298 
298 298 299 
299 299 300 
300 300 301 
301 301 302 
302 302 303 
303 303 304 
304 304 305 
305 305 306 
306 306 307 
307 307 308 
308 308 309 
309 309 310 
310 310 311 
311 311 312 
312 312 313 
313 313 314 
314 314 315 
315 315 316 
316 316 317 
317 317 318 
318 318 319 
319 319 320 
320 320 321 
321 321 322 
322 322 5 
2 1 2 4822
323 1483 1652 1608 
324 1129 1686 1505 
325 1643 1893 969 
326 1649 2460 1484 
327 1576 1577 1542 
328 1914 2046 1913 
329 590 2524 1577 
330 1463 2419 1484 
331 1616 2282 1615 
332 1448 1961 1501 
333 1961 2268 1501 
334 1454 2085 1866 
335 1954 2347 1513 
336 1859 1860 643 
337 1262 1618 1265 
338 447 2231 1496 
339 395 1731 1506 
340 1693 2357 2282 
341 352 1466 64 
342 1483 2378 1652 
343 69 1467 362 
344 1428 1586 1585 
345 1467 1468 362 
346 1935 2163 2027 
347 347 2280 1572 
348 969 2362 1643 
349 1193 1795 1794 
350 344 1783 1495 
351 2320 2402 1723 
352 590 1577 611 
353 1794 2200 1193 
354 1615 2282 1594 
355 1592 1867 1591 
356 1055 1643 1642 
357 1575 1576 1542 
358 1294 1615 1509 
359 1522 2419 1463 
360 1632 2206 1316 
361 1364 2435 1582 
362 1569 1570 418 
363 1867 2284 1591 
364 1518 1611 341 
365 1550 1846 1439 
366 2173 2259 1442 
367 1490 1933 1486 
368 1582 2435 1508 
369 1585 1728 1428 
370 1313 2380 1541 
371 2074 2292 1884 
372 1514 1875 327 
373 1550 2328 1846 
374 32 1658 1613 
375 2289 2454 351 
376 42 1536 380 
377 453 1584 1500 
378 1465 2454 2289 
379 1524 1527 1525 
380 589 2524 590 
381 1615 2312 1509 
382 1455 1796 442 
383 1408 1771 1770 
384 362 1565 1498 
385 1648 2018 422 
386 1500 2286 453 
387 1505 1686 410 
388 1465 2289 1535 
389 1520 1585 567 
390 1574 2273 1351 
391 1275 2400 2333 
392 2289 2326 1535 
393 2254 2358 1943 
394 1885 1886 632 
395 1606 2280 347 
396 407 2460 1649 
397 40 1491 357 
398 1495 1782 344 
399 2333 2400 1586 
400 1484 2419 1649 
401 1491 1493 357 
402 2282 2357 1594 
403 1943 2358 450 
404 1513 2344 1954 
405 2331 2376 386 
406 1556 2220 1557 
407 352 2267 1466 
408 1302 2290 1595 
409 1097 1686 1099 
410 1595 2357 1302 
411 1613 1658 1346 
412 1548 1686 1097 
413 557 2292 2074 
414 1126 2206 1549 
415 413 1607 1546 
416 356 1788 1786 
417 1096 1548 1097 
418 1888 2292 557 
419 1501 2268 345 
420 1055 2355 1643 
421 2335 2385 1711 
422 1886 1887 632 
423 345 2304 1501 
424 1524 1525 1523 
425 1316 2466 1632 
426 2369 2429 2283 
427 1549 2206 323 
428 1628 2163 1935 
429 1546 1607 1497 
430 1505 2294 1129 
431 41 1536 42 
432 567 2340 1520 
433 366 1654 1510 
434 1421 2402 2320 
435 1570 2318 418 
436 1089 2345 1591 
437 1377 1813 1388 
438 1723 2402 1056 
439 1866 2085 587 
440 643 1861 1859 
441 363 2501 1530 
442 539 1529 1528 
443 414 2396 1621 
444 1621 2368 414 
445 1426 2271 2253 
446 1570 2460 2318 
447 1496 2535 447 
448 1346 1658 1657 
449 1412 1652 1409 
450 1741 2260 1461 
451 1424 2412 2283 
452 190 1653 189 
453 10 1508 383 
454 2318 2460 407 
455 366 1510 123 
456 1597 2360 1918 
457 1558 2482 1365 
458 171 1684 170 
459 1423 2412 1424 
460 1786 2350 356 
461 1353 1665 1572 
462 1561 2291 1429 
463 1770 1772 1408 
464 1413 1623 1412 
465 1833 2528 656 
466 1468 2385 2335 
467 442 2459 1455 
468 1561 2424 2291 
469 1913 2046 1447 
470 335 2397 2375 
471 2375 2397 1480 
472 1265 1618 1539 
473 1261 1618 1262 
474 1914 2423 2046 
475 1351 2360 1574 
476 1449 2434 99 
477 1346 1657 1209 
478 1591 2284 1089 
479 657 658 404 
480 1486 1933 1488 
481 1918 2408 1597 
482 327 2440 1514 
483 103 1559 389 
484 1541 2415 1313 
485 1596 2365 1344 
486 1498 2534 362 
487 1056 2536 1723 
488 1604 2262 1044 
489 1665 2418 1572 
490 1536 1537 380 
491 1412 2433 1652 
492 1376 1813 1377 
493 1751 1755 392 
494 557 2372 1888 
495 1454 1866 1659 
496 1263 1755 1752 
497 417 1618 1600 
498 1587 2482 1558 
499 640 1783 641 
500 1855 2093 1041 
501 340 2330 1677 
502 1504 2304 345 
503 1930 2382 2155 
504 101 1523 370 
505 656 2097 1833 
506 1347 2393 37 
507 363 2332 1806 
508 345 2336 1504 
509 1552 1554 324 
510 1523 1525 370 
511 2345 2354 1581 
512 1731 2394 1506 
513 1571 2376 2331 
514 1607 2533 1497 
515 1806 2430 363 
516 1539 1618 417 
517 1217 2259 2173 
518 1957 1976 1030 
519 2361 2388 976 
520 1416 1623 1413 
521 2018 2521 422 
522 93 1547 411 
523 1508 2435 383 
524 1606 1689 1154 
525 1089 2354 2345 
526 435 1878 1578 
527 376 1575 60 
528 1044 2417 1604 
529 1506 2288 395 
530 1653 2231 447 
531 1752 1754 1263 
532 102 1559 103 
533 417 1617 1539 
534 1257 1754 1254 
535 1495 1783 640 
536 158 2384 2352 
537 401 2294 1505 
538 1547 1597 1360 
539 1541 2380 1540 
540 1530 2501 1532 
541 128 2132 127 
542 1 1533 355 
543 391 1540 62 
544 1845 2461 2362 
545 401 1505 2 
546 391 1541 1540 
547 289 1670 385 
548 2155 2382 1474 
549 1030 2337 1957 
550 2027 2296 1935 
551 35 2441 1442 
552 216 1772 215 
553 36 657 404 
554 1832 2528 1833 
555 1791 2169 604 
556 2409 2437 1511 
557 1556 1557 1555 
558 1511 2437 1598 
559 2267 2380 1304 
560 1498 1565 1311 
561 404 1347 37 
562 35 1442 657 
563 1518 2426 1611 
564 1956 2347 1954 
565 341 2290 1518 
566 324 1922 1552 
567 1530 2332 363 
568 371 2273 1574 
569 405 1739 1573 
570 349 2281 1524 
571 60 1575 61 
572 99 2434 349 
573 1600 2208 381 
574 1528 2263 539 
575 340 1533 66 
576 7 1427 8 
577 125 1452 126 
578 67 1505 410 
579 1601 1602 1592 
580 1099 1686 1129 
581 1752 1755 1751 
582 1559 1560 389 
583 1533 2570 355 
584 171 2265 1684 
585 2253 2271 369 
586 1490 2315 1933 
587 1616 2388 2361 
588 1094 2381 1841 
589 604 2445 1791 
590 340 2306 1533 
591 1360 2468 1547 
592 1785 1786 1784 
593 381 1587 119 
594 1603 1656 1641 
595 2017 2018 1425 
596 324 1653 190 
597 189 1653 447 
598 2386 2501 133 
599 2384 2541 1479 
600 1546 1687 413 
601 1442 2441 2173 
602 1841 2420 1094 
603 323 1675 1549 
604 401 2363 1776 
605 1554 1653 324 
606 418 1571 1569 
607 1344 2342 1596 
608 334 2421 2301 
609 632 1889 1885 
610 1041 2411 1855 
611 349 2434 2281 
612 1547 2468 411 
613 330 1661 1646 
614 1316 2206 1126 
615 1479 2541 1453 
616 1901 2398 383 
617 94 1447 95 
618 1618 2463 1600 
619 98 1449 99 
620 400 1555 121 
621 1783 1785 1784 
622 1532 2501 2386 
623 2220 2503 1557 
624 383 2435 1901 
625 400 1556 1555 
626 1640 2461 1641 
627 1263 1754 1257 
628 2349 2447 1733 
629 376 1576 1575 
630 1602 2476 1592 
631 1641 2461 2262 
632 1860 2475 643 
633 2352 2384 1479 
634 106 1589 386 
635 1600 2463 2208 
636 1804 1805 439 
637 382 2457 1544 
638 170 1684 354 
639 1544 2374 382 
640 1606 2307 1689 
641 1583 2264 397 
642 2362 2461 1640 
643 1677 2306 340 
644 245 1861 244 
645 16 1595 341 
646 1467 2385 1468 
647 409 2365 1596 
648 1330 2347 2337 
649 1783 1784 641 
650 1461 2520 1741 
651 1369 2367 1545 
652 119 1587 120 
653 371 1574 90 
654 2132 2477 127 
655 2391 2445 561 
656 1552 1922 1270 
657 1945 2392 1946 
658 1096 2385 1548 
659 635 2541 1871 
660 64 1466 65 
661 1945 2431 2392 
662 68 1467 69 
663 1365 2293 1558 
664 1813 1816 1388 
665 622 2330 2267 
666 2177 2364 1820 
667 1776 2294 401 
668 382 2374 1521 
669 439 1806 1804 
670 1095 2476 1604 
671 428 2260 1741 
672 1466 2330 340 
673 1427 2514 8 
674 1545 2485 1369 
675 1426 2253 1521 
676 1302 2357 1693 
677 1959 2286 1500 
678 1654 1748 1259 
679 1757 2252 1753 
680 1582 2425 1364 
681 125 2525 1452 
682 509 2423 1519 
683 1573 1740 405 
684 1790 2445 2391 
685 2092 2377 2319 
686 412 1601 26 
687 1563 2497 388 
688 215 1772 1770 
689 379 1772 216 
690 357 1536 41 
691 44 1583 397 
692 1623 2433 1412 
693 1521 2509 382 
694 1645 2206 1632 
695 1520 2340 1612 
696 1565 1660 1311 
697 1519 2436 509 
698 1494 2447 2349 
699 290 1670 289 
700 12 2443 2312 
701 39 1491 40 
702 1462 2429 2369 
703 2407 2528 431 
704 1654 2503 1748 
705 426 1651 1650 
706 1981 2334 1450 
707 1743 2507 2458 
708 1604 2476 1602 
709 413 1687 1675 
710 331 2533 1607 
711 2455 2458 1446 
712 1641 1656 326 
713 1744 2507 1743 
714 94 2538 1447 
715 1264 1755 1263 
716 1548 2385 1467 
717 1481 1755 1264 
718 2283 2429 1424 
719 1878 2301 1578 
720 1525 2451 1526 
721 1743 2458 2455 
722 2301 2421 1445 
723 333 1590 28 
724 37 2393 38 
725 333 1591 1590 
726 1270 1922 1921 
727 9 1508 10 
728 1625 2277 1471 
729 123 1510 124 
730 1675 1687 1549 
731 1754 2252 1254 
732 1453 2541 635 
733 1608 2321 1483 
734 1637 1639 1636 
735 447 2535 1936 
736 1841 2381 2080 
737 26 1601 27 
738 431 2528 1832 
739 1851 2411 2115 
740 1833 2097 403 
741 409 1596 58 
742 649 1889 631 
743 331 2424 1561 
744 1886 2292 1888 
745 1468 1565 362 
746 1659 1866 1865 
747 352 2380 2267 
748 1215 2245 1459 
749 344 1785 1783 
750 2018 2395 1425 
751 323 1645 80 
752 330 1646 20 
753 1595 2290 341 
754 2340 2486 1612 
755 1526 2451 2327 
756 631 1889 632 
757 412 1602 1601 
758 1641 2262 1603 
759 150 2497 1564 
760 388 2353 1563 
761 1687 1734 1125 
762 1572 2418 347 
763 244 1861 364 
764 1859 1861 245 
765 1287 2303 2297 
766 417 1600 117 
767 100 1523 101 
768 32 1613 33 
769 2312 2443 1509 
770 370 1559 102 
771 1946 2392 1358 
772 1845 2362 969 
773 1755 2542 392 
774 1524 1528 1527 
775 1568 2390 306 
776 1577 2524 1542 
777 1659 1865 367 
778 1585 1586 567 
779 1294 1616 1615 
780 1827 2464 1433 
781 1493 1494 357 
782 1514 2323 1875 
783 1591 2345 1590 
784 1635 1637 1636 
785 1578 2491 435 
786 77 1607 413 
787 1625 1626 449 
788 1450 2546 1981 
789 396 1609 56 
790 105 1589 106 
791 1785 2350 1786 
792 412 1656 1603 
793 2337 2347 1956 
794 1408 2448 1771 
795 1643 2355 1893 
796 1452 2363 401 
797 1545 2367 1492 
798 1611 1655 18 
799 1363 1621 1620 
800 62 1540 63 
801 15 1595 16 
802 61 1575 391 
803 1614 2518 1113 
804 1255 2252 1757 
805 402 1617 115 
806 539 2513 1529 
807 1458 2449 1839 
808 2115 2453 1851 
809 1564 2405 150 
810 335 1619 84 
811 142 1740 141 
812 49 1622 421 
813 25 1656 412 
814 1622 1623 421 
815 1839 2492 1458 
816 306 2490 1568 
817 1443 1915 1661 
818 1791 2445 1790 
819 80 1645 81 
820 20 1646 21 
821 1670 2371 385 
822 416 1631 1630 
823 416 1630 82 
824 415 1637 1635 
825 1561 2533 331 
826 415 1635 22 
827 423 1644 113 
828 92 1547 93 
829 51 1647 408 
830 2267 2330 1466 
831 53 1648 422 
832 1957 2337 1956 
833 1154 2280 1606 
834 658 660 404 
835 1871 2309 635 
836 1642 1643 1639 
837 657 659 658 
838 1566 2517 444 
839 338 2295 1551 
840 2354 2370 1581 
841 1433 2473 1827 
842 1580 1581 343 
843 1921 2189 1270 
844 1886 1888 1887 
845 1637 1642 1639 
846 356 1789 1788 
847 444 2390 1566 
848 420 2278 1651 
849 1525 1526 370 
850 2080 2529 1841 
851 1463 2565 1522 
852 1581 2370 1657 
853 1636 1641 326 
854 121 1555 122 
855 1729 2470 2342 
856 330 2452 1661 
857 120 1587 400 
858 1753 2252 1754 
859 396 1726 1609 
860 1634 2442 1480 
861 431 2368 1621 
862 1113 2399 1614 
863 453 2462 1584 
864 2319 2377 429 
865 1820 2481 2177 
866 1588 1589 105 
867 1480 2397 1634 
868 90 1574 91 
869 31 1658 32 
870 391 1542 1541 
871 2367 2471 1492 
872 1593 1595 15 
873 2285 2315 455 
874 1310 2261 1498 
875 1549 1687 1125 
876 34 2441 35 
877 1546 1734 1687 
878 1557 2503 1654 
879 1786 1787 1784 
880 1802 1808 1807 
881 1625 2498 2277 
882 1723 2536 1724 
883 323 2206 1645 
884 1657 1658 343 
885 1616 2361 2282 
886 1421 2320 1771 
887 2231 2239 2031 
888 1358 2523 1946 
889 43 1583 44 
890 30 1580 343 
891 1787 2266 1784 
892 1620 2565 1363 
893 1455 2348 1796 
894 1542 2524 1543 
895 400 1558 1556 
896 405 1740 142 
897 141 1740 429 
898 1273 1728 1431 
899 1605 1606 347 
900 2276 2524 589 
901 1608 1652 394 
902 2431 2511 1432 
903 27 1601 333 
904 89 1665 371 
905 1209 1663 1147 
906 28 1590 29 
907 104 1588 105 
908 72 2261 342 
909 1806 1808 1804 
910 14 1593 15 
911 58 1596 59 
912 402 2269 1617 
913 1757 1759 1255 
914 1964 2395 408 
915 1804 1808 1802 
916 117 1600 118 
917 1512 2344 1513 
918 2442 2544 1033 
919 1503 2364 2177 
920 1272 2425 1582 
921 450 2358 1584 
922 1543 2524 2276 
923 2297 2303 1726 
924 2046 2423 509 
925 1787 2279 2266 
926 76 1607 77 
927 1663 1678 1147 
928 56 1609 57 
929 86 1605 347 
930 1617 2269 1539 
931 333 1592 1591 
932 408 2499 1964 
933 17 1611 18 
934 47 1608 394 
935 115 1617 116 
936 1639 1640 1636 
937 1583 2564 2264 
938 84 1619 85 
939 81 1645 416 
940 21 1646 415 
941 2095 2229 923 
942 1918 2360 1351 
943 48 1622 49 
944 2057 2557 2372 
945 413 1675 78 
946 1654 2505 1510 
947 24 1656 25 
948 19 1655 330 
949 79 1675 323 
950 82 1630 83 
951 412 1603 1602 
952 22 1635 23 
953 113 1644 114 
954 50 1647 51 
955 443 2189 1921 
956 52 1648 53 
957 1684 2265 1475 
958 1668 1669 1059 
959 1189 1669 1668 
960 2245 2545 1459 
961 1660 2229 2095 
962 407 1649 111 
963 639 2223 1698 
964 1528 1529 1527 
965 112 1649 423 
966 1534 1728 1273 
967 1431 1728 1585 
968 1494 1536 357 
969 1855 2325 2093 
970 1634 2544 2442 
971 2261 2534 1498 
972 1849 2251 2077 
973 923 2096 1662 
974 2307 2375 1222 
975 1291 1678 1663 
976 1554 2239 2231 
977 332 2489 1562 
978 1564 2497 1563 
979 682 2103 1676 
980 623 1695 1666 
981 1666 1677 623 
982 415 1638 1637 
983 416 1632 1631 
984 1318 2176 1679 
985 1304 2380 1313 
986 1496 2231 2031 
987 854 2077 1664 
988 1094 2420 1839 
989 1662 2095 923 
990 660 1347 404 
991 1808 2332 1531 
992 1789 1790 1788 
993 2096 2105 1662 
994 1865 2300 1864 
995 657 1442 659 
996 1346 2518 1613 
997 2342 2470 1576 
998 996 2224 1709 
999 678 2103 679 
1000 1581 1657 343 
1001 854 2105 2096 
1002 1692 2211 1325 
1003 1526 1559 370 
1004 1622 2433 1623 
1005 1551 2515 338 
1006 659 661 658 
1007 1291 2103 1678 
1008 1679 2176 739 
1009 1664 2105 854 
1010 1695 1696 1667 
1011 1321 1688 1012 
1012 958 2190 2182 
1013 391 1575 1542 
1014 1698 2223 570 
1015 1148 2016 1680 
1016 1542 1543 1541 
1017 1326 1780 1703 
1018 1705 2019 1183 
1019 1189 1709 1669 
1020 1898 2016 1148 
1021 1786 1788 1787 
1022 1060 2188 1671 
1023 1703 1779 1326 
1024 985 1779 1702 
1025 1945 2511 2431 
1026 1666 1695 1667 
1027 1012 1688 1673 
1028 1702 1779 1703 
1029 1676 2103 1291 
1030 1673 1688 1297 
1031 1660 2095 1311 
1032 1065 2211 1692 
1033 342 2291 73 
1034 1678 2103 678 
1035 400 1587 1558 
1036 2372 2557 1888 
1037 985 1704 714 
1038 1059 2114 1668 
1039 1702 1704 985 
1040 1689 1691 1154 
1041 1103 1691 1689 
1042 678 1877 1678 
1043 1145 1876 1774 
1044 1363 2565 1463 
1045 1726 2566 1609 
1046 1759 2270 1255 
1047 1554 2231 1653 
1048 1582 2488 1272 
1049 1297 1774 1673 
1050 1678 1877 1147 
1051 1451 2566 1726 
1052 1805 2414 439 
1053 564 1696 1695 
1054 2317 2331 620 
1055 1676 2243 682 
1056 1785 2567 2350 
1057 1697 2004 851 
1058 1204 2233 1874 
1059 1300 2004 1697 
1060 1128 2218 1685 
1061 1709 2224 1669 
1062 1739 2540 1573 
1063 946 2188 1060 
1064 1704 2019 1705 
1065 1839 2449 1094 
1066 682 2243 683 
1067 814 1747 809 
1068 2077 2251 1664 
1069 1354 2202 2191 
1070 1603 2262 1604 
1071 333 1601 1592 
1072 679 2103 682 
1073 643 2272 1861 
1074 1042 1694 1693 
1075 1693 1694 1301 
1076 749 1701 1317 
1077 1685 2218 1714 
1078 1671 2191 1060 
1079 1640 1641 1636 
1080 1081 2229 1660 
1081 1874 2233 1873 
1082 1148 2083 1131 
1083 2191 2202 1060 
1084 564 1712 1696 
1085 1694 1708 1301 
1086 1328 2225 1685 
1087 998 2181 1979 
1088 1780 2099 1703 
1089 2237 2243 1676 
1090 1688 2176 1318 
1091 1861 2272 364 
1092 2226 2233 1204 
1093 741 1979 1690 
1094 905 2099 1780 
1095 1603 1604 1602 
1096 1763 2168 1764 
1097 267 1761 266 
1098 580 1695 623 
1099 1328 2226 2225 
1100 1132 1775 1340 
1101 1196 1858 1199 
1102 217 1814 379 
1103 2182 2190 1705 
1104 2083 2135 1131 
1105 564 1695 580 
1106 1680 2083 1148 
1107 1145 1774 1297 
1108 741 2016 1898 
1109 1598 2437 1228 
1110 1611 2426 1655 
1111 1103 1916 1691 
1112 1823 2000 983 
1113 1697 1996 1916 
1114 1812 1815 1814 
1115 1775 2152 1340 
1116 1774 1876 864 
1117 1630 2397 335 
1118 1916 1996 1691 
1119 1584 2462 450 
1120 1764 2168 628 
1121 813 2033 815 
1122 415 1646 1638 
1123 955 2246 2183 
1124 2216 2218 1128 
1125 416 1645 1632 
1126 869 1735 1708 
1127 1690 2016 741 
1128 267 1762 1761 
1129 1789 1791 1790 
1130 1814 1815 379 
1131 869 1736 1735 
1132 828 2203 2144 
1133 1638 1642 1637 
1134 1771 2448 1421 
1135 809 1747 808 
1136 1632 1633 1631 
1137 1704 1705 714 
1138 1671 2188 1672 
1139 739 2179 1679 
1140 1701 1858 1317 
1141 1699 1821 808 
1142 851 1996 1697 
1143 372 1759 1758 
1144 210 1725 390 
1145 1032 1713 992 
1146 834 2152 864 
1147 808 1747 1699 
1148 1981 2149 629 
1149 1908 2109 1191 
1150 637 2223 639 
1151 372 1760 1759 
1152 218 1814 217 
1153 1747 2004 1300 
1154 1651 2494 420 
1155 1822 2158 1824 
1156 1708 1967 869 
1157 530 2147 554 
1158 1700 1822 1821 
1159 992 1713 1151 
1160 1701 2063 1314 
1161 1580 2345 1581 
1162 568 1848 1847 
1163 815 2033 1736 
1164 1241 2079 1710 
1165 426 2494 1651 
1166 1694 1967 1708 
1167 814 2004 1747 
1168 1151 1713 1706 
1169 392 1745 260 
1170 1706 1746 1151 
1171 1025 1711 1096 
1172 864 2152 1775 
1173 1735 1736 1303 
1174 1700 1821 1699 
1175 1199 1858 1701 
1176 568 2065 1848 
1177 2063 2069 1314 
1178 1033 1720 968 
1179 1830 2053 1847 
1180 821 2111 2033 
1181 837 2077 854 
1182 1673 1775 1132 
1183 767 2134 2130 
1184 935 2143 1016 
1185 1301 1708 1140 
1186 1700 2000 1823 
1187 372 1758 265 
1188 1708 1735 1140 
1189 1075 1985 1858 
1190 1217 1717 667 
1191 1075 1858 1196 
1192 958 2182 1895 
1193 644 2149 1981 
1194 1394 1715 1411 
1195 266 1761 372 
1196 1320 2154 1895 
1197 660 1348 1347 
1198 659 662 661 
1199 967 1719 867 
1200 911 2172 2109 
1201 1716 1719 967 
1202 609 1718 646 
1203 815 1736 825 
1204 1321 2176 1688 
1205 2409 2505 1259 
1206 749 2063 1701 
1207 2081 2199 1696 
1208 1895 2154 1142 
1209 654 1721 1570 
1210 1837 2002 602 
1211 1376 2469 1813 
1212 1979 2181 1690 
1213 1016 1985 1075 
1214 859 2096 923 
1215 1384 1727 1389 
1216 350 1854 1853 
1217 1770 1771 419 
1218 1252 1732 1240 
1219 1327 1903 1714 
1220 1840 1841 365 
1221 641 2244 579 
1222 419 1722 213 
1223 825 1736 869 
1224 350 1853 294 
1225 219 1811 218 
1226 1811 1814 218 
1227 967 1720 1716 
1228 1325 2211 1326 
1229 1809 1817 1816 
1230 1672 2188 2183 
1231 1847 2053 568 
1232 602 2001 1837 
1233 12 2312 13 
1234 582 1749 619 
1235 493 1712 510 
1236 510 1712 564 
1237 1738 1739 405 
1238 968 1720 967 
1239 211 1725 210 
1240 252 1833 403 
1241 207 1840 365 
1242 1191 2127 1908 
1243 1710 2079 1487 
1244 983 2061 1823 
1245 214 1770 419 
1246 655 1721 654 
1247 491 2081 1712 
1248 359 1762 268 
1249 821 2033 813 
1250 1712 2081 1696 
1251 282 1731 395 
1252 1125 1734 1049 
1253 610 1718 609 
1254 264 1758 1756 
1255 1722 1723 425 
1256 1696 2199 1667 
1257 667 1717 669 
1258 864 1775 1774 
1259 1870 1871 358 
1260 611 1729 612 
1261 1380 1733 1405 
1262 1907 2109 1908 
1263 1305 2111 821 
1264 1395 1715 1394 
1265 1183 2182 1705 
1266 585 1749 582 
1267 554 2147 1925 
1268 1736 2033 1303 
1269 1240 1732 1243 
1270 1259 1748 1236 
1271 1211 1776 1226 
1272 1387 1727 1384 
1273 468 2011 465 
1274 1863 1865 1864 
1275 546 1730 543 
1276 1719 1879 867 
1277 367 1865 1863 
1278 160 1870 358 
1279 145 1737 427 
1280 260 1745 259 
1281 143 1738 405 
1282 1844 1938 1143 
1283 147 1741 406 
1284 257 1742 414 
1285 1023 1711 1025 
1286 1713 2104 1305 
1287 1707 1842 1746 
1288 518 1766 629 
1289 1763 1764 501 
1290 1099 1129 1101 
1291 1707 1746 1706 
1292 1903 1940 1714 
1293 1823 2158 1822 
1294 1798 1817 1809 
1295 261 1751 392 
1296 1025 1096 1092 
1297 403 1750 251 
1298 279 1819 361 
1299 1769 2066 914 
1300 675 1877 678 
1301 268 1762 267 
1302 264 1756 263 
1303 390 1839 1838 
1304 1809 1810 368 
1305 1758 1759 1757 
1306 472 1892 474 
1307 484 1763 501 
1308 2142 2160 1244 
1309 152 1767 388 
1310 488 2001 480 
1311 265 1758 264 
1312 2130 2134 1709 
1313 1141 1905 1824 
1314 1797 1809 368 
1315 491 1712 493 
1316 1337 1892 472 
1317 1723 1724 425 
1318 1850 1851 373 
1319 1340 2152 2144 
1320 430 1743 1742 
1321 1140 1735 1138 
1322 1463 1484 1362 
1323 1289 1478 1457 
1324 654 1569 652 
1325 367 1863 156 
1326 2104 2111 1305 
1327 1328 2233 2226 
1328 1138 1735 1303 
1329 1375 1777 1374 
1330 1756 1758 1757 
1331 870 1842 844 
1332 1265 1539 1268 
1333 654 1570 1569 
1334 620 1464 617 
1335 796 2012 1905 
1336 351 1794 1793 
1337 1400 1483 1482 
1338 294 1853 293 
1339 212 1722 425 
1340 432 1752 1751 
1341 735 1979 741 
1342 985 1941 1779 
1343 1400 1482 1398 
1344 1171 2066 1769 
1345 1879 2015 883 
1346 1746 1951 1151 
1347 564 580 551 
1348 1253 1365 1256 
1349 1734 1899 1049 
1350 1924 2035 2020 
1351 1130 1776 1211 
1352 1746 1842 870 
1353 163 1778 346 
1354 1646 1661 1638 
1355 1881 1890 1884 
1356 1096 1097 1092 
1357 154 1862 434 
1358 971 1081 1023 
1359 292 1850 373 
1360 465 2011 463 
1361 626 1344 1281 
1362 344 1782 237 
1363 609 646 645 
1364 609 645 607 
1365 1081 1711 1023 
1366 1753 1754 1752 
1367 1394 1411 1407 
1368 1016 2143 1985 
1369 1810 1813 1812 
1370 1247 1258 1249 
1371 1119 1781 1561 
1372 378 1860 1859 
1373 214 419 213 
1374 672 1113 951 
1375 426 1731 283 
1376 958 1895 1894 
1377 1818 1820 1819 
1378 1863 1864 1862 
1379 1394 1407 1392 
1380 480 2001 602 
1381 870 1951 1746 
1382 1843 1938 1844 
1383 286 420 285 
1384 1362 1721 655 
1385 220 1797 368 
1386 991 1773 934 
1387 1238 1748 1252 
1388 595 1766 535 
1389 581 583 559 
1390 1768 1942 1006 
1391 1828 1829 600 
1392 351 1793 203 
1393 745 1898 881 
1394 1633 1634 1631 
1395 510 564 551 
1396 2079 2101 1436 
1397 269 1825 359 
1398 430 1744 1743 
1399 1773 1896 934 
1400 1129 1130 1101 
1401 295 1796 350 
1402 1824 2158 1141 
1403 580 623 622 
1404 215 1770 214 
1405 1211 1226 1225 
1406 1114 1346 1209 
1407 1430 1914 1112 
1408 1880 1890 1881 
1409 1874 2243 2237 
1410 1039 1899 1144 
1411 599 1836 1835 
1412 617 1718 610 
1413 1911 1971 1152 
1414 1667 2199 2185 
1415 1236 1748 1238 
1416 1113 1114 951 
1417 1810 1816 1813 
1418 284 426 283 
1419 232 1891 448 
1420 1874 2237 1204 
1421 1685 2225 1128 
1422 596 1275 648 
1423 395 1818 281 
1424 1378 1777 1375 
1425 456 1826 223 
1426 1719 2015 1879 
1427 522 1828 600 
1428 1380 1405 1378 
1429 696 1940 1903 
1430 535 1766 518 
1431 212 425 211 
1432 406 1737 146 
1433 427 1738 144 
1434 1226 1228 1227 
1435 390 1838 209 
1436 289 385 288 
1437 1382 1733 1380 
1438 431 1832 254 
1439 1405 1777 1378 
1440 428 1741 148 
1441 1389 1733 1382 
1442 580 622 586 
1443 430 1742 258 
1444 1905 2012 1824 
1445 1281 1451 1282 
1446 1838 1840 208 
1447 200 1827 339 
1448 881 1898 1148 
1449 484 501 487 
1450 1429 1902 1120 
1451 1116 1781 1119 
1452 482 1763 484 
1453 1234 1259 1236 
1454 1243 1732 1247 
1455 1832 1833 253 
1456 497 1830 499 
1457 720 1831 754 
1458 368 1811 219 
1459 612 1729 626 
1460 607 1749 585 
1461 1880 1881 337 
1462 1287 1289 1288 
1463 432 1753 1752 
1464 1289 1457 1290 
1465 1489 1710 1487 
1466 338 1834 298 
1467 1457 2018 2017 
1468 250 1750 433 
1469 510 551 511 
1470 1692 2218 2216 
1471 1836 1837 1835 
1472 859 923 916 
1473 686 1874 1873 
1474 432 1751 262 
1475 456 2060 1826 
1476 1484 1721 1362 
1477 537 595 535 
1478 217 379 216 
1479 1310 1498 1311 
1480 433 1846 249 
1481 1032 2104 1713 
1482 837 854 853 
1483 1398 1715 1395 
1484 559 1730 546 
1485 282 395 281 
1486 1798 1809 1797 
1487 626 1281 627 
1488 1399 1400 1398 
1489 550 567 566 
1490 1393 1394 1392 
1491 1410 1412 1409 
1492 1152 1970 1911 
1493 599 1835 508 
1494 339 1856 199 
1495 493 510 505 
1496 816 1857 842 
1497 880 1845 969 
1498 669 1717 672 
1499 1425 1964 1420 
1500 1830 1847 1828 
1501 1793 1795 441 
1502 1417 1419 1416 
1503 1802 1803 1800 
1504 1384 1389 1382 
1505 434 1767 153 
1506 1809 1816 1810 
1507 958 1894 709 
1508 919 1876 1145 
1509 844 1842 801 
1510 1854 1855 1852 
1511 437 1798 1797 
1512 653 654 652 
1513 618 620 617 
1514 378 1859 246 
1515 477 2003 473 
1516 1150 1952 1868 
1517 1470 2007 1942 
1518 1868 1952 1219 
1519 1850 1852 1851 
1520 147 406 146 
1521 155 1863 1862 
1522 145 427 144 
1523 255 431 254 
1524 143 405 142 
1525 2020 2035 1161 
1526 1392 1727 1387 
1527 608 609 607 
1528 1420 1964 1419 
1529 257 414 256 
1530 908 1896 906 
1531 582 619 581 
1532 1881 1883 1882 
1533 474 1892 482 
1534 259 430 258 
1535 518 629 516 
1536 149 428 148 
1537 669 672 671 
1538 210 390 209 
1539 1710 2160 2142 
1540 1249 1253 1250 
1541 253 1833 252 
1542 141 429 140 
1543 233 1891 232 
1544 261 392 260 
1545 208 1840 207 
1546 8 387 9 
1547 1700 1823 1822 
1548 1802 1807 1803 
1549 1144 1899 1734 
1550 863 1876 919 
1551 1247 1249 1248 
1552 1397 1398 1395 
1553 781 1849 784 
1554 1006 1969 1768 
1555 1831 1906 754 
1556 1363 1463 1362 
1557 1847 1848 1829 
1558 213 1722 212 
1559 250 433 249 
1560 252 403 251 
1561 207 365 206 
1562 508 1835 495 
1563 1111 1914 1913 
1564 196 1872 328 
1565 346 1869 162 
1566 1881 1884 1883 
1567 1869 1870 161 
1568 723 1843 725 
1569 1238 1252 1240 
1570 1192 1319 1107 
1571 292 373 291 
1572 1818 1819 280 
1573 473 2003 471 
1574 994 1867 1095 
1575 327 1875 302 
1576 1253 1256 1254 
1577 1256 1261 1257 
1578 1794 1795 1793 
1579 1464 1718 617 
1580 786 1906 856 
1581 1023 1025 1024 
1582 263 432 262 
1583 1284 1287 1286 
1584 875 1893 878 
1585 934 1896 908 
1586 138 382 137 
1587 686 1873 687 
1588 560 581 559 
1589 704 1941 985 
1590 971 1023 1022 
1591 1837 2001 1835 
1592 612 626 625 
1593 436 1890 1880 
1594 784 2077 837 
1595 1403 1409 1401 
1596 672 1717 1113 
1597 665 1217 667 
1598 372 1761 1760 
1599 1088 1110 1109 
1600 1308 1310 1309 
1601 1265 1268 1266 
1602 1709 2134 996 
1603 497 2053 1830 
1604 247 378 246 
1605 808 1821 805 
1606 154 434 153 
1607 152 388 151 
1608 1114 1209 1147 
1609 709 1894 711 
1610 774 780 779 
1611 1883 1886 1885 
1612 780 1188 995 
1613 590 611 592 
1614 2117 2137 486 
1615 1086 1088 1087 
1616 95 374 96 
1617 1112 1914 1111 
1618 155 1862 154 
1619 163 346 162 
1620 1799 1800 1798 
1621 135 369 134 
1622 1810 1812 1811 
1623 1900 1990 790 
1624 1373 1374 1371 
1625 754 1906 786 
1626 1268 1276 1269 
1627 525 599 508 
1628 238 344 237 
1629 1415 1416 1413 
1630 220 368 219 
1631 530 554 548 
1632 723 1938 1843 
1633 435 1778 164 
1634 1828 1847 1829 
1635 555 589 588 
1636 675 678 677 
1637 244 364 243 
1638 740 1898 745 
1639 499 1830 520 
1640 1789 1792 1791 
1641 2144 2203 1340 
1642 161 1870 160 
1643 236 1782 436 
1644 520 1828 522 
1645 645 1749 607 
1646 672 951 673 
1647 241 356 240 
1648 1391 1392 1387 
1649 1247 1732 1258 
1650 872 1989 1939 
1651 1276 1306 1277 
1652 522 600 532 
1653 194 1897 443 
1654 303 1904 327 
1655 1111 1913 1912 
1656 160 358 159 
1657 157 367 156 
1658 841 1879 883 
1659 266 372 265 
1660 796 1905 794 
1661 1107 1773 991 
1662 1939 1989 1155 
1663 269 359 268 
1664 988 2141 2119 
1665 293 1850 292 
1666 651 652 621 
1667 191 1922 324 
1668 616 617 610 
1669 950 1899 1039 
1670 1110 1111 1109 
1671 572 1356 1355 
1672 334 1878 166 
1673 202 1793 441 
1674 780 995 779 
1675 1171 1769 1441 
1676 234 1880 337 
1677 583 1730 559 
1678 837 853 852 
1679 788 1900 790 
1680 1424 1425 1420 
1681 626 1729 1344 
1682 1088 1109 1087 
1683 132 363 131 
1684 283 1731 282 
1685 853 859 855 
1686 1306 1522 1307 
1687 639 1698 1579 
1688 1361 1362 655 
1689 223 1826 222 
1690 1122 1902 1308 
1691 1051 1915 1443 
1692 516 2011 468 
1693 1909 1910 961 
1694 93 411 94 
1695 882 1328 1021 
1696 442 1796 296 
1697 280 1819 279 
1698 1110 1112 1111 
1699 1482 1715 1398 
1700 520 1830 1828 
1701 893 1909 961 
1702 1927 1952 1150 
1703 1800 1817 1798 
1704 1189 2130 1709 
1705 718 1831 720 
1706 1119 1561 1429 
1707 1144 1497 1115 
1708 1881 1882 337 
1709 1774 1775 1673 
1710 606 607 585 
1711 1058 1089 1020 
1712 1120 1902 1122 
1713 441 1827 201 
1714 810 1857 816 
1715 1086 1087 1085 
1716 1766 1981 629 
1717 1907 1908 1067 
1718 1243 1247 1246 
1719 1119 1429 1120 
1720 1084 1086 1085 
1721 1942 2007 1006 
1722 805 1821 997 
1723 65 340 66 
1724 743 1970 737 
1725 437 1797 221 
1726 209 1838 208 
1727 881 1131 996 
1728 204 351 203 
1729 745 881 750 
1730 553 559 546 
1731 297 1834 442 
1732 146 1737 145 
1733 144 1738 143 
1734 735 741 740 
1735 148 1741 147 
1736 770 1325 1149 
1737 446 1933 1932 
1738 1018 1867 994 
1739 258 1742 257 
1740 361 1917 278 
1741 495 2001 488 
1742 679 682 681 
1743 438 1825 270 
1744 580 586 551 
1745 254 1832 253 
1746 916 971 970 
1747 1241 2101 2079 
1748 295 350 294 
1749 1039 1144 1115 
1750 1692 2216 1065 
1751 1189 1668 1188 
1752 881 996 750 
1753 1803 1817 1800 
1754 1262 1265 1264 
1755 1050 1125 1049 
1756 482 1892 1763 
1757 1144 1546 1497 
1758 690 882 692 
1759 1126 1549 1125 
1760 262 1751 261 
1761 784 837 836 
1762 1031 1915 1051 
1763 1858 1985 1317 
1764 2109 2172 1191 
1765 281 1818 280 
1766 251 1750 250 
1767 728 998 730 
1768 1929 1930 1928 
1769 882 1021 692 
1770 1039 1115 1040 
1771 788 790 789 
1772 994 1095 973 
1773 911 1923 759 
1774 826 1907 1067 
1775 1328 1685 1021 
1776 167 1928 334 
1777 202 441 201 
1778 198 1856 440 
1779 1883 1885 1882 
1780 790 791 789 
1781 759 1923 761 
1782 1199 1314 1200 
1783 1327 1692 1325 
1784 249 1846 248 
1785 1332 2137 2117 
1786 1050 1126 1125 
1787 1122 1308 1296 
1788 859 916 915 
1789 259 1745 430 
1790 297 442 296 
1791 1319 1773 1107 
1792 737 1970 1152 
1793 1714 1940 1021 
1794 698 770 700 
1795 786 788 787 
1796 153 1767 152 
1797 788 789 787 
1798 741 1898 740 
1799 2210 2214 1197 
1800 720 754 722 
1801 754 786 785 
1802 1078 1918 1351 
1803 678 679 677 
1804 715 1142 718 
1805 770 1149 700 
1806 790 792 791 
1807 947 1050 1049 
1808 1139 1919 1518 
1809 770 1903 1327 
1810 1488 1489 1487 
1811 842 867 840 
1812 1021 1940 692 
1813 165 435 164 
1814 1407 1727 1392 
1815 704 985 714 
1816 1199 1200 1198 
1817 1325 1326 1149 
1818 236 436 235 
1819 440 1872 197 
1820 1196 1199 1198 
1821 1054 1919 1139 
1822 774 779 775 
1823 792 793 791 
1824 301 1875 445 
1825 947 1049 948 
1826 246 1859 245 
1827 1779 1941 1149 
1828 924 1845 880 
1829 1842 1999 801 
1830 786 787 785 
1831 1142 1831 718 
1832 816 842 840 
1833 939 1044 924 
1834 156 1863 155 
1835 730 1979 735 
1836 1143 1938 785 
1837 271 1920 438 
1838 425 1725 211 
1839 946 1060 981 
1840 785 1938 722 
1841 1116 1119 1118 
1842 1843 1844 998 
1843 1025 1092 1091 
1844 200 339 199 
1845 165 1878 435 
1846 398 1547 92 
1847 754 785 722 
1848 794 804 793 
1849 1318 1679 1350 
1850 919 955 920 
1851 636 1332 569 
1852 1108 1192 1107 
1853 436 1880 235 
1854 164 1778 163 
1855 868 967 867 
1856 263 1756 432 
1857 510 511 505 
1858 1910 1911 961 
1859 792 794 793 
1860 1273 1430 1112 
1861 901 1909 895 
1862 1115 1781 1116 
1863 883 947 884 
1864 1149 1941 700 
1865 725 1843 728 
1866 237 1782 236 
1867 767 774 768 
1868 880 969 877 
1869 299 338 298 
1870 875 878 874 
1871 437 1799 1798 
1872 1141 1857 810 
1873 1801 1802 1800 
1874 856 1900 788 
1875 842 868 867 
1876 1145 1146 955 
1877 877 1893 875 
1878 804 1141 810 
1879 1016 1075 1074 
1880 1697 1916 1133 
1881 221 1797 220 
1882 1272 1534 1273 
1883 878 957 956 
1884 1894 1895 1142 
1885 1297 1318 1146 
1886 683 686 685 
1887 806 809 808 
1888 803 806 805 
1889 984 1034 1033 
1890 839 1876 863 
1891 328 1897 195 
1892 198 440 197 
1893 800 803 802 
1894 950 1039 953 
1895 806 808 805 
1896 957 1031 992 
1897 270 1825 269 
1898 863 919 918 
1899 803 805 802 
1900 816 840 817 
1901 873 874 871 
1902 895 1909 893 
1903 984 1033 968 
1904 301 445 300 
1905 687 1873 690 
1906 1072 1950 1194 
1907 834 864 839 
1908 354 1929 169 
1909 1044 1845 924 
1910 867 1879 840 
1911 1055 1915 1031 
1912 711 1894 715 
1913 696 1903 698 
1914 732 1982 712 
1915 868 968 967 
1916 162 1869 161 
1917 840 1879 841 
1918 1084 1085 1079 
1919 969 1893 877 
1920 735 740 736 
1921 922 2188 946 
1922 1031 1051 1032 
1923 203 1793 202 
1924 1318 1350 1146 
1925 293 1853 1850 
1926 596 648 598 
1927 566 596 571 
1928 935 1016 1015 
1929 853 2096 859 
1930 1049 1899 948 
1931 1707 1999 1842 
1932 858 870 844 
1933 1393 1395 1394 
1934 826 1067 828 
1935 1075 1196 1195 
1936 444 1904 304 
1937 730 735 731 
1938 780 1189 1188 
1939 745 750 746 
1940 770 1327 1325 
1941 296 1796 295 
1942 1036 1102 1034 
1943 1310 1311 1309 
1944 740 745 742 
1945 1999 2022 803 
1946 919 920 918 
1947 196 328 195 
1948 303 327 302 
1949 168 1928 167 
1950 1768 2107 1629 
1951 878 956 874 
1952 800 802 798 
1953 822 1907 826 
1954 1431 1519 1430 
1955 698 1903 770 
1956 799 800 798 
1957 795 796 794 
1958 956 1951 874 
1959 2002 2003 602 
1960 1110 1272 1112 
1961 1486 1487 1438 
1962 1226 1227 1225 
1963 572 2076 1356 
1964 690 1873 882 
1965 864 1876 839 
1966 1097 1099 1098 
1967 1497 1781 1115 
1968 1086 1901 1364 
1969 812 813 809 
1970 1627 1629 1628 
1971 1281 1282 627 
1972 682 683 681 
1973 1051 1053 1052 
1974 1273 1431 1430 
1975 957 992 956 
1976 1080 1084 1079 
1977 2051 2080 670 
1978 1756 1757 1753 
1979 1151 1951 956 
1980 443 1921 193 
1981 813 815 814 
1982 810 816 811 
1983 720 722 721 
1984 1115 1116 1040 
1985 797 798 796 
1986 222 437 221 
1987 899 1924 903 
1988 728 730 729 
1989 718 720 719 
1990 715 718 716 
1991 550 566 565 
1992 919 1145 955 
1993 1103 1222 1102 
1994 1319 2110 1773 
1995 1084 1901 1086 
1996 279 361 278 
1997 873 875 874 
1998 1196 1198 1197 
1999 1031 1032 992 
2000 893 961 769 
2001 514 550 549 
2002 957 1055 1031 
2003 201 1827 200 
2004 761 1923 822 
2005 1911 1970 961 
2006 804 810 807 
2007 271 438 270 
2008 975 1927 927 
2009 622 1304 586 
2010 1086 1364 1088 
2011 712 1982 710 
2012 1627 1942 1768 
2013 168 1929 1928 
2014 1229 1232 1231 
2015 690 692 691 
2016 1145 1297 1146 
2017 194 443 193 
2018 1106 1107 991 
2019 298 1834 297 
2020 672 673 671 
2021 130 439 129 
2022 813 814 809 
2023 1443 1444 1053 
2024 1821 1822 997 
2025 943 1924 1068 
2026 1036 1103 1102 
2027 815 824 814 
2028 1272 1273 1112 
2029 199 1856 198 
2030 1297 1688 1318 
2031 903 1924 943 
2032 1627 1768 1629 
2033 1921 1922 192 
2034 858 871 870 
2035 1199 1701 1314 
2036 1051 1443 1053 
2037 841 883 861 
2038 728 1843 998 
2039 869 1967 850 
2040 881 1148 1131 
2041 1810 1811 368 
2042 815 825 824 
2043 897 901 895 
2044 687 690 689 
2045 781 784 783 
2046 1399 1401 1400 
2047 751 767 753 
2048 277 1917 446 
2049 799 801 800 
2050 1315 1316 1126 
2051 1068 1323 1071 
2052 1051 1052 1032 
2053 1948 1949 1160 
2054 1934 1935 325 
2055 947 948 884 
2056 554 555 548 
2057 983 984 968 
2058 589 590 588 
2059 482 484 483 
2060 1014 1079 1078 
2061 825 849 824 
2062 786 856 788 
2063 850 865 849 
2064 825 850 849 
2065 989 1927 1150 
2066 704 714 705 
2067 305 444 304 
2068 849 1968 851 
2069 850 866 865 
2070 1053 1919 1054 
2071 1114 1147 951 
2072 948 1899 950 
2073 1004 1948 1160 
2074 1119 1120 1118 
2075 1391 1393 1392 
2076 1103 1689 1222 
2077 1035 1036 1034 
2078 715 1894 1142 
2079 192 1922 191 
2080 1377 1378 1375 
2081 1039 1040 953 
2082 794 1905 804 
2083 1289 1290 1288 
2084 398 1597 1547 
2085 1472 1627 1626 
2086 757 1931 911 
2087 812 821 813 
2088 374 457 96 
2089 1857 2061 842 
2090 797 799 798 
2091 197 1872 196 
2092 446 1932 276 
2093 698 700 699 
2094 673 1877 675 
2095 806 812 809 
2096 302 1875 301 
2097 696 698 697 
2098 1293 1901 1084 
2099 927 1927 926 
2100 626 627 625 
2101 1053 1054 1052 
2102 976 1014 1013 
2103 611 612 592 
2104 943 1068 965 
2105 822 1923 1907 
2106 1054 1139 1138 
2107 1958 1965 1963 
2108 603 2221 637 
2109 579 2240 573 
2110 1397 1399 1398 
2111 929 976 975 
2112 304 1904 303 
2113 866 926 865 
2114 1308 1309 1296 
2115 1707 2022 1999 
2116 693 696 695 
2117 1139 1216 1140 
2118 1457 2017 1290 
2119 871 1951 870 
2120 840 841 817 
2121 787 1926 1143 
2122 10 383 11 
2123 191 324 190 
2124 1287 1288 1286 
2125 1000 1988 1321 
2126 608 610 609 
2127 792 795 794 
2128 866 927 926 
2129 1222 1480 1102 
2130 1075 1195 1074 
2131 1627 1628 1626 
2132 234 337 233 
2133 1016 1074 1015 
2134 167 334 166 
2135 1014 1078 1013 
2136 195 1897 194 
2137 1300 1697 1133 
2138 1171 1441 1440 
2139 1410 1413 1412 
2140 976 1013 975 
2141 648 1677 1666 
2142 2033 2111 1303 
2143 99 349 100 
2144 97 336 98 
2145 560 582 581 
2146 464 514 466 
2147 725 728 727 
2148 1072 1194 1184 
2149 1139 1518 1216 
2150 278 1917 277 
2151 1019 1020 1018 
2152 1853 1854 1852 
2153 332 1945 1944 
2154 701 704 703 
2155 795 797 796 
2156 769 1970 743 
2157 711 715 713 
2158 885 1993 1179 
2159 993 994 973 
2160 975 1952 1927 
2161 455 1920 272 
2162 926 1927 989 
2163 707 958 709 
2164 929 975 927 
2165 2049 2110 684 
2166 928 929 927 
2167 1955 1956 1954 
2168 1945 1946 1944 
2169 693 1940 696 
2170 449 1934 309 
2171 1379 1380 1378 
2172 989 1150 1093 
2173 166 1878 165 
2174 1150 1868 1353 
2175 1017 1018 994 
2176 235 1880 234 
2177 1150 1353 1093 
2178 1216 1302 1301 
2179 883 884 861 
2180 277 446 276 
2181 272 1920 271 
2182 804 1905 1141 
2183 834 839 838 
2184 1924 2020 1068 
2185 447 1936 188 
2186 1403 1410 1409 
2187 1444 1919 1053 
2188 1139 1140 1138 
2189 520 522 521 
2190 791 904 789 
2191 825 869 850 
2192 91 398 92 
2193 822 826 823 
2194 701 1941 704 
2195 816 817 811 
2196 832 834 833 
2197 805 997 802 
2198 1216 1301 1140 
2199 193 1921 192 
2200 835 1969 964 
2201 926 989 972 
2202 954 973 939 
2203 989 1093 1090 
2204 618 621 620 
2205 276 1932 275 
2206 686 687 685 
2207 1014 1080 1079 
2208 849 851 824 
2209 839 863 862 
2210 1080 1293 1084 
2211 863 918 917 
2212 826 828 827 
2213 189 447 188 
2214 920 922 921 
2215 1502 1503 1489 
2216 1196 1197 1195 
2217 1144 1734 1546 
2218 922 946 945 
2219 230 1937 353 
2220 755 1931 757 
2221 1249 1250 1248 
2222 1323 1338 1071 
2223 804 807 793 
2224 1232 1234 1233 
2225 1000 1321 1012 
2226 337 1891 233 
2227 474 482 479 
2228 348 1954 1953 
2229 1950 1974 1194 
2230 1078 1351 1219 
2231 1068 1071 965 
2232 232 448 231 
2233 1050 1315 1126 
2234 912 924 880 
2235 1302 1693 1301 
2236 868 983 968 
2237 1200 1201 1198 
2238 1441 1456 1455 
2239 348 1955 1954 
2240 1079 1918 1078 
2241 1799 1801 1800 
2242 1173 2059 2043 
2243 726 1986 724 
2244 1963 1965 318 
2245 866 928 927 
2246 1470 1942 1472 
2247 925 939 924 
2248 1955 1957 1956 
2249 1057 1058 1020 
2250 308 1934 325 
2251 757 911 759 
2252 989 1090 972 
2253 470 1337 472 
2254 946 981 980 
2255 928 1042 929 
2256 981 1357 1048 
2257 801 1999 800 
2258 448 1937 231 
2259 308 325 307 
2260 984 1035 1034 
2261 1247 1248 1246 
2262 1009 1948 1004 
2263 787 1143 785 
2264 926 972 865 
2265 1381 1382 1380 
2266 1353 1572 1093 
2267 553 560 559 
2268 879 880 877 
2269 1944 1946 451 
2270 169 1929 168 
2271 653 655 654 
2272 1054 1138 1137 
2273 1160 2008 963 
2274 636 1352 1332 
2275 810 811 807 
2276 188 1936 187 
2277 1431 1520 1519 
2278 1133 1916 1036 
2279 499 520 502 
2280 1111 1912 1109 
2281 832 2152 834 
2282 1085 1918 1079 
2283 829 832 831 
2284 616 618 617 
2285 170 354 169 
2286 874 1951 871 
2287 173 1959 393 
2288 1066 1305 821 
2289 1299 1939 1155 
2290 1417 1420 1419 
2291 310 449 309 
2292 876 877 875 
2293 1253 1254 1250 
2294 1706 1713 1305 
2295 761 822 763 
2296 1780 2174 905 
2297 1415 1417 1416 
2298 872 873 871 
2299 174 1959 173 
2300 1035 1133 1036 
2301 883 2015 947 
2302 1109 1360 1087 
2303 1026 2005 1966 
2304 1069 1324 1009 
2305 606 608 607 
2306 360 1615 1594 
2307 224 456 223 
2308 692 693 691 
2309 690 691 689 
2310 1472 1942 1627 
2311 995 1849 779 
2312 348 1965 1955 
2313 1955 1965 1958 
2314 760 1987 758 
2315 1326 1779 1149 
2316 309 1934 308 
2317 1835 2001 495 
2318 964 1969 1006 
2319 1004 1160 963 
2320 484 487 485 
2321 1685 1714 1021 
2322 89 371 90 
2323 735 736 731 
2324 179 1961 424 
2325 180 1961 179 
2326 718 719 716 
2327 353 1943 229 
2328 1949 2044 1160 
2329 1971 1982 1152 
2330 1324 1948 1009 
2331 332 1944 185 
2332 1036 1916 1103 
2333 384 1963 319 
2334 319 1963 318 
2335 720 721 719 
2336 885 1179 888 
2337 273 455 272 
2338 313 1947 329 
2339 837 852 836 
2340 602 2003 477 
2341 1168 1171 1170 
2342 857 858 844 
2343 231 1937 230 
2344 13 360 14 
2345 843 844 801 
2346 715 716 713 
2347 230 353 229 
2348 1078 1219 1013 
2349 1315 1716 1316 
2350 1702 1703 1299 
2351 186 332 185 
2352 228 1943 450 
2353 651 653 652 
2354 184 1944 451 
2355 313 329 312 
2356 1298 1299 1155 
2357 424 1962 178 
2358 178 1962 177 
2359 452 1947 314 
2360 229 1943 228 
2361 679 681 680 
2362 185 1944 184 
2363 184 451 183 
2364 348 1953 316 
2365 314 1947 313 
2366 315 452 314 
2367 228 450 227 
2368 315 1953 452 
2369 853 855 852 
2370 86 347 87 
2371 16 341 17 
2372 1383 1384 1382 
2373 173 393 172 
2374 316 1953 315 
2375 182 345 181 
2376 317 348 316 
2377 226 453 225 
2378 1207 1553 1552 
2379 320 1960 384 
2380 179 424 178 
2381 320 384 319 
2382 454 1960 321 
2383 321 1960 320 
2384 318 1965 317 
2385 322 454 321 
2386 722 723 721 
2387 1082 2007 1470 
2388 1994 2031 1043 
2389 1256 1257 1254 
2390 83 335 84 
2391 1152 1982 732 
2392 730 731 729 
2393 88 1665 89 
2394 740 742 736 
2395 1175 1178 1174 
2396 19 330 20 
2397 700 701 699 
2398 1470 1472 1471 
2399 222 1826 437 
2400 698 699 697 
2401 704 705 703 
2402 696 697 695 
2403 517 518 516 
2404 692 1940 693 
2405 1332 2072 569 
2406 774 775 768 
2407 755 1997 1931 
2408 798 2012 796 
2409 1844 2181 998 
2410 847 1986 726 
2411 1090 1154 1153 
2412 728 729 727 
2413 937 1975 938 
2414 1208 1567 1566 
2415 1135 1136 1058 
2416 1431 1585 1520 
2417 1520 1612 1519 
2418 745 746 742 
2419 986 1174 847 
2420 1082 1470 1469 
2421 1472 1626 1625 
2422 779 1849 781 
2423 722 1938 723 
2424 992 1151 956 
2425 476 516 468 
2426 1106 1108 1107 
2427 317 1965 348 
2428 1158 2031 1994 
2429 1099 1101 1100 
2430 767 768 753 
2431 892 893 769 
2432 1108 1193 1192 
2433 1784 2266 641 
2434 63 352 64 
2435 83 1630 335 
2436 1955 1958 1957 
2437 85 1605 86 
2438 1054 1137 1052 
2439 1261 1262 1257 
2440 2119 2141 1769 
2441 700 1941 701 
2442 928 1694 1042 
2443 1184 1973 1185 
2444 577 1978 634 
2445 961 1970 769 
2446 81 416 82 
2447 1857 2158 2061 
2448 903 943 941 
2449 522 532 531 
2450 1072 1184 1073 
2451 1 355 7 
2452 1063 1155 960 
2453 1155 1989 960 
2454 966 1072 978 
2455 85 1619 1605 
2456 2043 2059 987 
2457 910 1997 738 
2458 470 2045 1337 
2459 822 823 763 
2460 1047 1215 1213 
2461 997 2012 802 
2462 966 1950 1072 
2463 1038 1975 937 
2464 943 965 944 
2465 1185 1190 1187 
2466 920 921 918 
2467 750 751 746 
2468 850 1967 866 
2469 998 1979 730 
2470 1361 1363 1362 
2471 826 827 823 
2472 1109 1912 1360 
2473 771 999 764 
2474 1138 1303 1137 
2475 1212 1214 1038 
2476 487 491 490 
2477 1090 1153 972 
2478 764 1987 760 
2479 1294 1509 1293 
2480 341 1611 17 
2481 865 1968 849 
2482 1228 1229 1227 
2483 1179 1329 888 
2484 737 1152 732 
2485 834 838 833 
2486 747 769 743 
2487 1185 1973 1190 
2488 828 829 827 
2489 360 1593 14 
2490 779 781 775 
2491 387 1582 1508 
2492 937 938 887 
2493 832 833 831 
2494 1013 1952 975 
2495 491 493 492 
2496 812 1066 821 
2497 18 1655 19 
2498 1234 1236 1235 
2499 360 1594 1593 
2500 2058 2066 1166 
2501 1448 1501 1214 
2502 1215 1459 1213 
2503 532 603 575 
2504 1134 1300 1133 
2505 79 323 80 
2506 948 950 949 
2507 586 2064 551 
2508 894 895 893 
2509 1459 1460 1213 
2510 839 862 838 
2511 1699 1747 1300 
2512 791 2009 904 
2513 675 677 676 
2514 603 637 614 
2515 913 1030 974 
2516 1486 1488 1487 
2517 683 685 684 
2518 932 935 933 
2519 1047 1213 1212 
2520 1470 1471 1469 
2521 818 819 776 
2522 533 1978 577 
2523 1028 1966 1203 
2524 820 885 846 
2525 1681 1682 1062 
2526 634 1474 1473 
2527 1710 2142 1241 
2528 1212 1448 1214 
2529 480 602 477 
2530 863 917 862 
2531 909 932 931 
2532 630 2073 526 
2533 1154 1691 1153 
2534 799 843 801 
2535 935 1015 936 
2536 1028 1203 1077 
2537 1801 1804 1802 
2538 1047 1212 1038 
2539 577 634 613 
2540 1968 1996 851 
2541 637 639 638 
2542 1026 1966 1028 
2543 858 872 871 
2544 784 836 783 
2545 1512 1513 1124 
2546 744 755 748 
2547 899 2035 1924 
2548 807 2009 793 
2549 824 2004 814 
2550 1268 1269 1266 
2551 124 375 125 
2552 1066 1706 1305 
2553 1219 1952 1013 
2554 1291 1663 1136 
2555 738 1997 744 
2556 873 876 875 
2557 974 1047 1038 
2558 1116 1118 1117 
2559 1050 2015 1315 
2560 1265 1266 1264 
2561 533 2026 1978 
2562 21 415 22 
2563 1190 1202 1187 
2564 1824 2012 997 
2565 1472 1625 1471 
2566 631 632 630 
2567 562 630 526 
2568 974 1038 937 
2569 1023 1024 1022 
2570 866 1967 928 
2571 885 888 886 
2572 1184 1185 1073 
2573 972 1968 865 
2574 922 945 921 
2575 1214 1975 1038 
2576 928 1967 1694 
2577 982 1991 1165 
2578 91 1574 398 
2579 841 861 860 
2580 1553 1554 1552 
2581 803 2022 806 
2582 1047 1976 1215 
2583 1213 1972 1212 
2584 1487 2079 1438 
2585 1123 1124 1070 
2586 1460 1972 1213 
2587 1072 1073 978 
2588 755 757 756 
2589 1236 1238 1237 
2590 773 778 777 
2591 1202 1359 1358 
2592 1071 1950 965 
2593 1080 1294 1293 
2594 896 897 895 
2595 913 974 937 
2596 1175 1181 1178 
2597 1338 1974 1071 
2598 789 1926 787 
2599 954 993 973 
2600 1373 1375 1374 
2601 717 2013 1980 
2602 986 1175 1174 
2603 795 1162 797 
2604 846 1977 845 
2605 859 915 855 
2606 1212 1972 1448 
2607 885 886 846 
2608 733 910 738 
2609 1030 1976 974 
2610 1812 1814 1811 
2611 879 912 880 
2612 1159 1496 1158 
2613 1923 2109 1907 
2614 629 2011 516 
2615 913 937 887 
2616 946 980 945 
2617 1083 1158 977 
2618 1822 1824 997 
2619 1276 1277 1269 
2620 1329 1330 888 
2621 717 1980 733 
2622 938 1977 887 
2623 1174 1986 847 
2624 1010 1069 1009 
2625 983 2000 984 
2626 886 887 846 
2627 1153 1968 972 
2628 851 2004 824 
2629 790 1990 792 
2630 993 1017 994 
2631 886 913 887 
2632 771 1983 999 
2633 1359 1504 1358 
2634 943 944 941 
2635 639 1579 1578 
2636 1005 1009 1004 
2637 950 953 952 
2638 78 1675 79 
2639 974 1976 1047 
2640 912 925 924 
2641 757 759 758 
2642 2107 2120 1629 
2643 981 1048 980 
2644 556 573 525 
2645 925 954 939 
2646 964 1004 963 
2647 965 966 944 
2648 820 846 845 
2649 1010 1082 1070 
2650 1882 1891 337 
2651 876 879 877 
2652 747 892 769 
2653 1202 1358 1187 
2654 999 1987 764 
2655 1035 1134 1133 
2656 982 1165 1061 
2657 687 689 688 
2658 494 495 488 
2659 835 963 830 
2660 898 900 897 
2661 705 707 706 
2662 693 695 694 
2663 953 2114 1059 
2664 1123 1512 1124 
2665 1017 1019 1018 
2666 759 761 760 
2667 536 2076 538 
2668 843 857 844 
2669 733 1980 910 
2670 819 1983 776 
2671 762 764 760 
2672 940 942 902 
2673 1298 1702 1299 
2674 1386 1387 1384 
2675 1306 1307 1277 
2676 1082 1469 1123 
2677 761 763 762 
2678 1134 1699 1300 
2679 701 703 702 
2680 1007 1176 1064 
2681 524 525 508 
2682 1315 2015 1719 
2683 1010 1070 1069 
2684 971 1022 970 
2685 964 1006 1005 
2686 1000 1012 1011 
2687 1063 1298 1155 
2688 430 1745 1744 
2689 458 509 460 
2690 820 845 818 
2691 734 1000 962 
2692 965 1950 966 
2693 507 508 495 
2694 887 1977 846 
2695 578 579 573 
2696 829 831 830 
2697 711 713 712 
2698 913 1992 1030 
2699 1221 2080 2051 
2700 793 2009 791 
2701 1083 1159 1158 
2702 1012 1673 1132 
2703 519 535 518 
2704 1083 1432 1159 
2705 1082 1123 1070 
2706 707 709 708 
2707 1185 1187 1186 
2708 1435 1436 1251 
2709 1037 2040 2024 
2710 723 725 724 
2711 1185 1186 1073 
2712 755 756 748 
2713 757 758 756 
2714 709 711 710 
2715 1892 2168 1763 
2716 773 776 771 
2717 520 521 502 
2718 1203 1205 1077 
2719 1163 2009 807 
2720 493 505 504 
2721 800 1999 803 
2722 948 949 884 
2723 777 818 776 
2724 1850 1853 1852 
2725 892 894 893 
2726 77 413 78 
2727 761 762 760 
2728 1005 1010 1009 
2729 921 2024 918 
2730 1157 1164 979 
2731 777 820 818 
2732 773 777 776 
2733 1120 1122 1121 
2734 766 771 764 
2735 1208 2040 1567 
2736 841 860 817 
2737 23 326 24 
2738 759 760 758 
2739 964 1005 1004 
2740 432 1756 1753 
2741 1171 1440 1170 
2742 69 362 70 
2743 1076 1173 1027 
2744 1195 1341 1074 
2745 829 830 827 
2746 966 978 977 
2747 1988 2032 1321 
2748 766 773 771 
2749 374 458 457 
2750 835 964 963 
2751 1071 1974 1950 
2752 1432 1562 1159 
2753 725 727 726 
2754 492 2072 490 
2755 23 1635 326 
2756 1019 1057 1020 
2757 903 941 940 
2758 916 970 915 
2759 734 847 726 
2760 820 1993 885 
2761 744 748 747 
2762 511 513 512 
2763 1514 1515 1104 
2764 762 766 764 
2765 1441 1455 1440 
2766 550 565 549 
2767 1132 1339 1011 
2768 894 896 895 
2769 802 2012 798 
2770 838 891 833 
2771 857 1989 858 
2772 1068 2020 1323 
2773 1315 1719 1716 
2774 917 1156 979 
2775 1134 1700 1699 
2776 705 706 703 
2777 1330 1992 888 
2778 962 986 847 
2779 978 1083 977 
2780 811 1163 807 
2781 888 1992 886 
2782 756 765 748 
2783 713 717 712 
2784 932 2143 935 
2785 673 675 674 
2786 947 2015 1050 
2787 744 1997 755 
2788 1681 1683 1682 
2789 679 680 677 
2790 1175 1191 1181 
2791 831 835 830 
2792 2024 2040 1156 
2793 717 732 712 
2794 1207 1552 1270 
2795 536 537 535 
2796 719 1001 716 
2797 886 1992 913 
2798 738 744 743 
2799 966 977 944 
2800 640 641 579 
2801 514 549 466 
2802 778 1993 777 
2803 812 2022 1066 
2804 683 684 681 
2805 899 903 902 
2806 701 702 699 
2807 1066 1707 1706 
2808 776 1983 771 
2809 1015 1026 936 
2810 1500 1584 1279 
2811 1073 1995 978 
2812 593 594 534 
2813 711 712 710 
2814 1218 1271 1173 
2815 708 890 706 
2816 601 1499 1279 
2817 572 1355 1342 
2818 904 1926 789 
2819 729 1988 727 
2820 513 530 529 
2821 744 747 743 
2822 1156 1208 1157 
2823 1000 1011 962 
2824 935 936 933 
2825 896 898 897 
2826 772 1180 1127 
2827 1116 1117 1040 
2828 930 934 908 
2829 1122 1296 1295 
2830 1205 1207 1206 
2831 1238 1240 1239 
2832 669 671 670 
2833 723 724 721 
2834 1208 1566 1223 
2835 566 571 565 
2836 101 370 102 
2837 941 1043 940 
2838 1691 1996 1153 
2839 932 933 931 
2840 835 2010 1969 
2841 25 412 26 
2842 896 899 898 
2843 806 2022 812 
2844 1012 1132 1011 
2845 1057 1135 1058 
2846 693 694 691 
2847 792 1990 795 
2848 707 708 706 
2849 1476 1477 1169 
2850 122 366 123 
2851 326 1656 24 
2852 892 1161 894 
2853 868 2061 983 
2854 903 940 902 
2855 917 979 862 
2856 709 710 708 
2857 27 333 28 
2858 738 743 737 
2859 733 738 737 
2860 75 331 76 
2861 717 733 732 
2862 733 737 732 
2863 725 726 724 
2864 1312 2064 586 
2865 734 1988 1000 
2866 1671 1672 1127 
2867 727 734 726 
2868 29 1580 30 
2869 482 483 479 
2870 703 1984 702 
2871 1488 1502 1489 
2872 1132 1340 1339 
2873 918 2024 917 
2874 777 1993 820 
2875 914 2066 2058 
2876 734 962 847 
2877 538 539 537 
2878 1176 1182 1064 
2879 1153 1996 1968 
2880 1499 1500 1279 
2881 634 1473 613 
2882 695 749 694 
2883 662 665 664 
2884 797 2030 799 
2885 687 688 685 
2886 437 1826 1799 
2887 1566 1568 1223 
2888 2055 2099 905 
2889 751 753 752 
2890 1404 1531 1530 
2891 978 1995 1083 
2892 522 531 521 
2893 1156 1157 979 
2894 1949 2070 2044 
2895 899 902 898 
2896 596 598 571 
2897 799 2030 843 
2898 523 1333 574 
2899 61 391 62 
2900 959 960 857 
2901 1377 1379 1378 
2902 960 1989 857 
2903 1208 1223 1157 
2904 30 343 31 
2905 1205 1206 1077 
2906 1182 1183 1064 
2907 1168 2066 1171 
2908 1304 1313 1312 
2909 861 982 860 
2910 601 1278 594 
2911 884 1991 861 
2912 945 1037 921 
2913 1037 2024 921 
2914 843 959 857 
2915 795 1990 1162 
2916 736 739 731 
2917 1029 1354 1008 
2918 1635 1636 326 
2919 1207 1270 1206 
2920 1158 1994 977 
2921 984 2000 1035 
2922 1083 1995 1432 
2923 541 572 544 
2924 772 1003 752 
2925 1007 1063 960 
2926 601 1279 1278 
2927 990 991 934 
2928 2154 2164 1906 
2929 944 1994 941 
2930 858 1989 872 
2931 387 1508 9 
2932 72 342 73 
2933 833 2010 831 
2934 38 399 39 
2935 950 952 949 
2936 1048 1274 1104 
2937 827 2008 823 
2938 484 485 483 
2939 706 1984 703 
2940 1010 2007 1082 
2941 963 2008 830 
2942 848 1166 1029 
2943 487 2081 491 
2944 951 1877 673 
2945 1186 1995 1073 
2946 2061 2158 1823 
2947 562 631 630 
2948 1160 2044 2008 
2949 33 377 34 
2950 1006 2007 1005 
2951 1028 1077 1076 
2952 1066 2022 1707 
2953 1162 2030 797 
2954 1120 1121 1118 
2955 876 905 879 
2956 331 1607 76 
2957 1298 1704 1702 
2958 727 1988 734 
2959 570 636 569 
2960 1437 1438 1436 
2961 959 1007 960 
2962 982 1002 860 
2963 476 517 516 
2964 1182 1320 1183 
2965 1007 1064 1063 
2966 1048 1104 980 
2967 1076 1218 1173 
2968 503 533 527 
2969 1703 2099 1299 
2970 1939 2055 872 
2971 1035 2000 1134 
2972 689 889 688 
2973 831 2010 835 
2974 716 2013 713 
2975 713 2013 717 
2976 528 569 506 
2977 749 1172 694 
2978 1105 1106 991 
2979 1180 1671 1127 
2980 555 588 587 
2981 1015 2005 1026 
2982 1681 1690 1683 
2983 1005 2007 1010 
2984 1074 2005 1015 
2985 872 2055 873 
2986 2217 2219 1341 
2987 912 1065 925 
2988 817 2037 811 
2989 1680 1681 1062 
2990 942 2028 902 
2991 1396 1397 1395 
2992 1061 1062 1002 
2993 1379 1381 1380 
2994 765 2006 748 
2995 953 1059 952 
2996 768 1998 753 
2997 748 2006 747 
2998 66 1533 1 
2999 941 1994 1043 
3000 1026 1028 1027 
3001 751 752 746 
3002 1323 2148 1338 
3003 95 1447 374 
3004 1473 1684 1475 
3005 1025 1091 1024 
3006 593 601 594 
3007 781 783 782 
3008 830 2008 827 
3009 996 2134 750 
3010 530 548 547 
3011 891 2010 833 
3012 1496 2031 1158 
3013 848 1008 782 
3014 1274 1514 1104 
3015 747 2006 892 
3016 1026 1027 936 
3017 898 2028 900 
3018 1240 1243 1242 
3019 542 543 540 
3020 532 575 531 
3021 917 2024 1156 
3022 1381 1383 1382 
3023 949 1991 884 
3024 1390 1391 1387 
3025 767 2130 774 
3026 753 772 752 
3027 890 1984 706 
3028 982 1061 1002 
3029 749 1317 1172 
3030 1028 1076 1027 
3031 1680 2016 1681 
3032 1157 2027 1164 
3033 1473 1475 613 
3034 862 2029 838 
3035 603 614 575 
3036 1724 1725 425 
3037 1436 2101 1251 
3038 1987 2023 758 
3039 1061 1680 1062 
3040 1177 1434 1331 
3041 545 546 543 
3042 1166 1168 1167 
3043 772 1127 1003 
3044 1134 2000 1700 
3045 954 1128 993 
3046 909 931 930 
3047 637 638 614 
3048 1317 1985 1322 
3049 590 592 591 
3050 1178 2098 1174 
3051 1164 2029 979 
3052 577 593 534 
3053 577 613 593 
3054 1135 1291 1136 
3055 612 625 624 
3056 1001 2013 716 
3057 977 1994 944 
3058 67 410 68 
3059 758 2023 756 
3060 772 1998 1180 
3061 1317 1322 1172 
3062 533 577 534 
3063 1476 1551 1477 
3064 489 497 496 
3065 843 2030 959 
3066 584 585 582 
3067 513 2147 530 
3068 962 2025 986 
3069 677 2014 676 
3070 1896 2110 2049 
3071 691 2021 689 
3072 1282 1284 1283 
3073 861 1991 982 
3074 1339 2025 1011 
3075 892 2006 1161 
3076 860 2037 817 
3077 494 507 495 
3078 1059 1345 952 
3079 838 2029 891 
3080 1485 1486 1438 
3081 1232 1233 1231 
3082 933 987 931 
3083 721 2041 719 
3084 1166 1167 1029 
3085 506 2072 492 
3086 29 1590 1580 
3087 1173 2043 1027 
3088 990 1177 1105 
3089 1341 2005 1074 
3090 756 2023 765 
3091 40 357 41 
3092 491 492 490 
3093 1383 1386 1384 
3094 503 526 500 
3095 1220 1221 1045 
3096 597 1454 1453 
3097 1097 1098 1092 
3098 533 534 527 
3099 1454 1659 1479 
3100 487 490 485 
3101 639 1578 638 
3102 930 990 934 
3103 1063 2019 1298 
3104 848 2058 1166 
3105 1168 1170 1169 
3106 907 909 908 
3107 1801 1805 1804 
3108 1309 1662 1296 
3109 848 1029 1008 
3110 823 2044 763 
3111 478 568 481 
3112 1986 2041 724 
3113 1939 2099 2055 
3114 527 562 526 
3115 538 2076 541 
3116 1130 1211 1210 
3117 648 1666 598 
3118 811 2037 1163 
3119 1059 1669 1345 
3120 499 502 500 
3121 675 676 674 
3122 1011 2025 962 
3123 1234 1235 1233 
3124 120 400 121 
3125 731 2032 729 
3126 524 556 525 
3127 1402 1403 1401 
3128 633 1538 649 
3129 556 578 573 
3130 343 1658 31 
3131 902 2028 898 
3132 1515 2034 1104 
3133 42 380 43 
3134 719 2041 1001 
3135 1223 2027 1157 
3136 979 2029 862 
3137 685 2049 684 
3138 689 2021 889 
3139 1532 1674 1406 
3140 103 389 104 
3141 503 527 526 
3142 724 2041 721 
3143 562 633 631 
3144 753 1998 772 
3145 667 669 668 
3146 552 553 546 
3147 781 782 775 
3148 2008 2044 823 
3149 729 2032 1988 
3150 1681 2016 1690 
3151 1122 1295 1121 
3152 1106 1433 1108 
3153 889 906 688 
3154 1290 2017 1462 
3155 1168 1169 1167 
3156 1019 1204 1057 
3157 1156 2040 1208 
3158 1170 1476 1169 
3159 889 907 906 
3160 909 930 908 
3161 1243 1246 1245 
3162 2020 2133 1323 
3163 497 499 498 
3164 502 503 500 
3165 355 1427 7 
3166 1064 2019 1063 
3167 1183 2019 1064 
3168 633 649 631 
3169 783 848 782 
3170 615 616 610 
3171 1682 2089 1062 
3172 990 1105 991 
3173 1147 1877 951 
3174 59 376 60 
3175 980 2034 945 
3176 695 2063 749 
3177 458 460 459 
3178 665 667 666 
3179 578 640 579 
3180 507 524 508 
3181 1435 1437 1436 
3182 1238 1239 1237 
3183 896 2035 899 
3184 694 2021 691 
3185 1849 2077 784 
3186 1177 1331 1105 
3187 676 2014 1046 
3188 1465 1535 1221 
3189 1485 1490 1486 
3190 493 504 492 
3191 1161 2035 894 
3192 762 2070 766 
3193 605 606 585 
3194 1236 1237 1235 
3195 1971 2056 1982 
3196 1002 2037 860 
3197 1284 1286 1285 
3198 894 2035 896 
3199 907 908 906 
3200 739 2032 731 
3201 521 2026 502 
3202 1131 2224 996 
3203 1295 1349 1121 
3204 1007 2075 1176 
3205 1188 2249 995 
3206 1206 2036 1077 
3207 118 381 119 
3208 1290 1462 1461 
3209 673 674 671 
3210 1298 2019 1704 
3211 575 576 531 
3212 1077 2036 1076 
3213 1118 2050 1117 
3214 780 2130 1189 
3215 44 397 45 
3216 517 519 518 
3217 1052 2104 1032 
3218 1372 1373 1371 
3219 1441 2141 1456 
3220 945 2034 1037 
3221 458 459 457 
3222 680 2014 677 
3223 746 2039 742 
3224 1414 1415 1413 
3225 374 2046 458 
3226 852 914 836 
3227 873 2055 876 
3228 710 2056 708 
3229 1896 2049 906 
3230 511 512 505 
3231 650 651 621 
3232 475 477 473 
3233 1711 2385 1096 
3234 842 2061 868 
3235 106 386 107 
3236 462 464 463 
3237 1135 1676 1291 
3238 601 2038 1499 
3239 499 500 498 
3240 1982 2056 710 
3241 1370 1371 1369 
3242 1836 2195 1837 
3243 467 470 469 
3244 489 496 494 
3245 1437 1485 1438 
3246 702 2069 699 
3247 2041 2098 1001 
3248 2021 2091 889 
3249 697 2063 695 
3250 46 1608 47 
3251 116 417 117 
3252 594 2042 534 
3253 481 489 488 
3254 464 466 465 
3255 1121 2050 1118 
3256 688 2049 685 
3257 1333 1334 574 
3258 995 2251 1849 
3259 708 2056 890 
3260 1295 1664 1349 
3261 1143 2157 1844 
3262 572 1342 544 
3263 511 2064 513 
3264 1104 2034 980 
3265 593 2038 601 
3266 114 402 115 
3267 47 394 48 
3268 999 2171 2161 
3269 460 462 461 
3270 613 2038 593 
3271 474 479 475 
3272 1076 2036 1218 
3273 55 396 56 
3274 676 1046 1045 
3275 1003 2039 752 
3276 1345 2135 2054 
3277 519 536 535 
3278 1475 2038 613 
3279 513 529 512 
3280 674 2051 671 
3281 498 515 496 
3282 1240 1242 1239 
3283 503 2026 533 
3284 57 409 58 
3285 478 480 477 
3286 108 418 109 
3287 1172 2021 694 
3288 478 481 480 
3289 638 1445 614 
3290 481 488 480 
3291 502 2026 503 
3292 1368 1369 1348 
3293 528 570 569 
3294 461 644 459 
3295 656 1361 655 
3296 2070 2112 766 
3297 551 2064 511 
3298 489 494 488 
3299 524 557 556 
3300 2044 2070 763 
3301 751 2134 767 
3302 49 421 50 
3303 1314 2193 1200 
3304 671 2051 670 
3305 1376 1377 1375 
3306 53 422 54 
3307 555 587 548 
3308 110 407 111 
3309 51 408 52 
3310 112 423 113 
3311 699 2069 697 
3312 752 2039 746 
3313 1386 1390 1387 
3314 497 498 496 
3315 876 2055 905 
3316 1423 1424 1420 
3317 578 647 640 
3318 536 538 537 
3319 1211 1225 1224 
3320 936 2043 933 
3321 111 1649 112 
3322 1142 2154 1831 
3323 505 2062 504 
3324 2133 2148 1323 
3325 560 584 582 
3326 676 1045 674 
3327 1162 2075 2030 
3328 534 2042 527 
3329 1271 2059 1173 
3330 458 2046 509 
3331 1260 1435 1251 
3332 475 478 477 
3333 634 2140 1474 
3334 2037 2089 1163 
3335 1304 1312 586 
3336 470 472 471 
3337 472 474 473 
3338 538 540 539 
3339 1262 1264 1263 
3340 845 2194 2187 
3341 763 2070 762 
3342 775 2048 768 
3343 590 591 588 
3344 1245 1251 1242 
3345 1900 2113 1990 
3346 1334 1335 574 
3347 1220 1465 1221 
3348 527 2042 562 
3349 1200 2198 1201 
3350 355 1428 1427 
3351 530 547 529 
3352 629 2149 2011 
3353 647 1495 640 
3354 1393 1396 1395 
3355 773 2112 778 
3356 63 1540 352 
3357 1986 2098 2041 
3358 1250 1255 1248 
3359 612 624 592 
3360 914 2119 1769 
3361 542 545 543 
3362 1404 2084 1531 
3363 389 1588 104 
3364 35 657 36 
3365 474 475 473 
3366 768 2048 1998 
3367 1243 1245 1242 
3368 1557 1654 366 
3369 1336 1765 1335 
3370 1313 1925 1312 
3371 1027 2043 936 
3372 1008 2048 782 
3373 1381 1385 1383 
3374 909 2121 932 
3375 501 2081 487 
3376 987 2047 931 
3377 1282 1283 627 
3378 1046 1220 1045 
3379 931 2047 930 
3380 122 1555 366 
3381 1931 2172 911 
3382 485 486 483 
3383 1172 2091 2021 
3384 562 2042 633 
3385 1061 2083 1680 
3386 523 528 506 
3387 1105 2052 1106 
3388 523 574 528 
3389 504 506 492 
3390 571 628 565 
3391 915 988 855 
3392 1040 2114 953 
3393 349 1523 100 
3394 933 2043 987 
3395 504 523 506 
3396 2030 2075 959 
3397 594 2108 2042 
3398 669 670 668 
3399 608 615 610 
3400 1386 1404 1390 
3401 1165 2083 1061 
3402 523 2062 1333 
3403 1399 1402 1401 
3404 1311 2095 1309 
3405 469 476 468 
3406 380 1583 43 
3407 118 1600 381 
3408 1324 2136 1948 
3409 1342 1343 544 
3410 59 1596 376 
3411 1324 2145 2136 
3412 1454 1479 1453 
3413 697 2069 2063 
3414 1349 2050 1121 
3415 783 2058 848 
3416 1002 2089 2037 
3417 467 468 465 
3418 545 552 546 
3419 1826 2060 1799 
3420 1404 1530 1406 
3421 854 2096 853 
3422 2054 2135 1165 
3423 1106 2052 1433 
3424 1229 1231 1230 
3425 836 2058 783 
3426 116 1617 417 
3427 1334 1336 1335 
3428 1991 2054 1165 
3429 1130 1210 1101 
3430 949 2054 1991 
3431 287 2139 286 
3432 782 2048 775 
3433 1503 2160 1489 
3434 464 465 463 
3435 1245 1260 1251 
3436 549 2045 466 
3437 460 461 459 
3438 1043 2239 2236 
3439 545 561 552 
3440 114 1644 402 
3441 1345 2054 952 
3442 952 2054 949 
3443 394 1622 48 
3444 470 471 469 
3445 990 2047 1177 
3446 1239 1241 1237 
3447 552 604 553 
3448 1099 1100 1098 
3449 1166 2066 1168 
3450 466 467 465 
3451 57 1609 409 
3452 462 463 461 
3453 1307 1620 1446 
3454 906 2049 688 
3455 421 1647 50 
3456 472 473 471 
3457 408 1648 52 
3458 517 558 519 
3459 512 2062 505 
3460 569 2072 506 
3461 829 2144 832 
3462 547 563 529 
3463 662 663 661 
3464 1799 2060 1801 
3465 2042 2108 633 
3466 618 650 621 
3467 1319 2131 2110 
3468 1447 2046 374 
3469 538 541 540 
3470 930 2047 990 
3471 597 635 563 
3472 1396 1422 1397 
3473 584 605 585 
3474 349 1524 1523 
3475 2040 2122 1567 
3476 959 2075 1007 
3477 541 2076 572 
3478 1410 1414 1413 
3479 1390 2087 1391 
3480 584 642 605 
3481 1404 1406 1390 
3482 1221 2051 1045 
3483 548 2085 547 
3484 467 469 468 
3485 1662 2105 1296 
3486 1290 1461 1288 
3487 625 1280 624 
3488 1331 2052 1105 
3489 541 544 542 
3490 1373 1376 1375 
3491 489 2053 497 
3492 1045 2051 674 
3493 65 1466 340 
3494 456 2132 2060 
3495 1530 1532 1406 
3496 2125 2151 904 
3497 1309 2095 1662 
3498 1377 1388 1379 
3499 568 2053 481 
3500 541 542 540 
3501 1668 2248 1188 
3502 576 2140 2094 
3503 1175 2127 1191 
3504 547 597 563 
3505 1396 1426 1422 
3506 1022 1041 970 
3507 2185 2199 1764 
3508 597 1453 635 
3509 1262 1263 1257 
3510 1949 2112 2070 
3511 2076 2128 1356 
3512 2009 2125 904 
3513 667 668 666 
3514 653 656 655 
3515 1801 2060 1805 
3516 481 2053 489 
3517 1266 1481 1264 
3518 615 1550 1439 
3519 684 2131 681 
3520 1511 1598 375 
3521 1438 2079 1436 
3522 1284 1285 1283 
3523 2026 2094 1978 
3524 665 666 664 
3525 1062 2089 1002 
3526 1666 1667 598 
3527 399 1545 1492 
3528 1417 1423 1420 
3529 1280 1624 624 
3530 615 1439 616 
3531 2025 2127 986 
3532 889 2091 907 
3533 1402 1418 1403 
3534 1137 2104 1052 
3535 592 2088 591 
3536 1244 2177 2106 
3537 914 2058 836 
3538 478 2065 568 
3539 2013 2116 1980 
3540 1278 2108 594 
3541 126 401 2 
3542 336 1449 98 
3543 1296 2105 1295 
3544 911 2109 1923 
3545 521 2094 2026 
3546 36 404 37 
3547 531 2094 521 
3548 526 2073 500 
3549 2075 2113 1176 
3550 1299 2099 1939 
3551 1402 1544 1418 
3552 660 1367 1348 
3553 1235 1244 1233 
3554 1993 2145 1179 
3555 1426 1521 1422 
3556 1322 2091 1172 
3557 597 2085 1454 
3558 1535 2080 1221 
3559 496 2057 494 
3560 642 643 605 
3561 614 2067 575 
3562 504 2062 523 
3563 1555 1557 366 
3564 494 2057 507 
3565 575 2067 576 
3566 515 2057 496 
3567 1674 2087 1406 
3568 479 2065 475 
3569 1285 1563 1283 
3570 1174 2098 1986 
3571 1599 2457 139 
3572 2 1505 67 
3573 576 2094 531 
3574 1307 1446 1277 
3575 1414 1573 1415 
3576 475 2065 478 
3577 466 2045 467 
3578 1481 2542 1755 
3579 663 1056 661 
3580 2198 2205 1201 
3581 1391 2071 1393 
3582 624 2088 592 
3583 500 2073 498 
3584 1773 2110 1896 
3585 587 2085 548 
3586 553 2068 560 
3587 1295 2105 1664 
3588 1354 2129 1008 
3589 2094 2140 1978 
3590 467 2045 470 
3591 628 2185 1764 
3592 2116 2150 1980 
3593 1091 1366 1292 
3594 1098 2123 1092 
3595 1445 2067 614 
3596 33 1613 377 
3597 1162 2113 2075 
3598 1303 2111 1137 
3599 1229 1230 1227 
3600 336 1450 1449 
3601 1177 2146 1434 
3602 498 2073 515 
3603 662 664 663 
3604 1332 2117 2072 
3605 1370 1372 1371 
3606 556 2074 578 
3607 1179 2156 1329 
3608 1178 2116 2098 
3609 1137 2111 2104 
3610 2091 2121 907 
3611 124 1510 375 
3612 410 1686 1548 
3613 2160 2177 1244 
3614 1544 1599 1418 
3615 604 2068 553 
3616 633 2108 1538 
3617 557 2074 556 
3618 1322 2121 2091 
3619 1285 1564 1563 
3620 578 2074 647 
3621 1091 1292 1024 
3622 1117 2114 1040 
3623 766 2112 773 
3624 1406 2087 1390 
3625 1366 1670 1610 
3626 1613 1614 377 
3627 668 1094 666 
3628 891 2107 2010 
3629 1320 2164 2154 
3630 856 2153 1900 
3631 2002 2126 2003 
3632 852 2119 914 
3633 1428 2333 1586 
3634 2112 2136 778 
3635 547 2085 597 
3636 1969 2107 1768 
3637 1605 2307 1606 
3638 627 2078 625 
3639 1101 2102 1100 
3640 1267 1506 1230 
3641 970 2093 915 
3642 1368 1370 1369 
3643 1397 2082 1399 
3644 1383 2084 1386 
3645 1990 2113 1162 
3646 2010 2107 1969 
3647 2048 2129 1998 
3648 855 2119 852 
3649 1422 2082 1397 
3650 1366 1610 1292 
3651 1997 2159 1931 
3652 560 2068 584 
3653 1379 2100 1381 
3654 1225 1650 1224 
3655 2156 2162 1329 
3656 1001 2116 2013 
3657 1231 1267 1230 
3658 891 2120 2107 
3659 616 2090 618 
3660 1161 2133 2020 
3661 1391 2087 2071 
3662 1682 2125 2089 
3663 2110 2131 684 
3664 2193 2198 1200 
3665 2148 2161 1338 
3666 625 2078 1280 
3667 1393 2071 1396 
3668 988 2119 855 
3669 1386 2084 1404 
3670 1211 1224 1210 
3671 1251 2101 1242 
3672 1192 2180 1319 
3673 986 2127 1175 
3674 565 2124 549 
3675 1343 2086 544 
3676 1450 1507 1449 
3677 2045 2124 1337 
3678 1124 2162 1070 
3679 1510 1511 375 
3680 1403 2092 1410 
3681 1008 2129 2048 
3682 1385 2084 1383 
3683 1908 2197 1067 
3684 774 2130 780 
3685 1705 2190 714 
3686 2006 2133 1161 
3687 1682 2151 2125 
3688 1163 2125 2009 
3689 1164 2120 2029 
3690 1037 2122 2040 
3691 1624 2088 624 
3692 2034 2122 1037 
3693 542 2086 545 
3694 544 2086 542 
3695 2183 2246 1672 
3696 2003 2126 471 
3697 1381 2100 1385 
3698 1242 2101 1239 
3699 907 2121 909 
3700 1092 2123 1091 
3701 1515 2122 2034 
3702 2029 2120 891 
3703 628 2168 2124 
3704 651 2097 653 
3705 1178 2150 2116 
3706 545 2086 561 
3707 2249 2251 995 
3708 471 2126 469 
3709 1439 2090 616 
3710 628 2124 565 
3711 915 2093 988 
3712 681 2131 680 
3713 490 2117 485 
3714 999 2161 1987 
3715 584 2068 642 
3716 485 2117 486 
3717 1948 2136 1949 
3718 1418 2092 1403 
3719 1370 1408 1372 
3720 286 2139 420 
3721 1513 2165 1124 
3722 2146 2167 1434 
3723 1312 2147 2064 
3724 1283 2078 627 
3725 549 2124 2045 
3726 2089 2125 1163 
3727 1900 2153 2113 
3728 1239 2101 1241 
3729 1906 2164 856 
3730 126 1452 401 
3731 2136 2145 778 
3732 1399 2082 1402 
3733 1124 2165 2162 
3734 2098 2116 1001 
3735 469 2126 476 
3736 2145 2156 1179 
3737 1100 1517 1516 
3738 1396 2071 1426 
3739 1233 2106 1231 
3740 1041 2093 970 
3741 1925 2147 1312 
3742 2072 2117 490 
3743 750 2134 751 
3744 1193 2192 1192 
3745 1100 1516 1098 
3746 399 1491 39 
3747 1998 2129 1180 
3748 1352 2137 1332 
3749 618 2090 650 
3750 1067 2203 828 
3751 765 2133 2006 
3752 1388 2100 1379 
3753 519 2128 536 
3754 1895 2182 1320 
3755 1650 1651 1224 
3756 1516 2123 1098 
3757 1165 2135 2083 
3758 563 2138 529 
3759 1410 2092 1414 
3760 1769 2141 1441 
3761 1024 2115 1022 
3762 2065 2175 1848 
3763 399 1492 1491 
3764 600 2227 2213 
3765 558 2128 519 
3766 1629 2163 1628 
3767 1210 2102 1101 
3768 410 1467 68 
3769 512 2138 2062 
3770 1241 2142 1237 
3771 536 2128 2076 
3772 856 2164 2153 
3773 1949 2136 2112 
3774 2197 2203 1067 
3775 1402 2082 1544 
3776 1164 2163 2120 
3777 1367 1368 1348 
3778 563 2166 2138 
3779 1181 2150 1178 
3780 664 1458 663 
3781 2113 2153 1176 
3782 1237 2142 1235 
3783 765 2148 2133 
3784 653 2097 656 
3785 1978 2140 634 
3786 828 2144 829 
3787 1563 2078 1283 
3788 2121 2143 932 
3789 2161 2171 1338 
3790 529 2138 512 
3791 1985 2143 1322 
3792 1231 2106 1267 
3793 1022 2115 1041 
3794 1367 1421 1368 
3795 920 2183 922 
3796 2011 2149 463 
3797 1227 2118 1225 
3798 2120 2163 1629 
3799 2060 2132 1805 
3800 410 1548 1467 
3801 1235 2142 1244 
3802 1100 2102 1517 
3803 778 2145 1993 
3804 905 2174 879 
3805 463 2149 461 
3806 1225 2118 1650 
3807 912 2174 1065 
3808 987 2146 2047 
3809 904 2151 1926 
3810 1244 2106 1233 
3811 2062 2138 1333 
3812 1714 2218 1327 
3813 1181 2159 2150 
3814 2151 2157 1926 
3815 1292 2115 1024 
3816 1365 2208 1256 
3817 2059 2146 987 
3818 1184 2184 1973 
3819 2023 2148 765 
3820 707 2190 958 
3821 570 2234 1698 
3822 1732 2220 1258 
3823 2124 2168 1337 
3824 461 2149 644 
3825 714 2190 705 
3826 2047 2146 1177 
3827 1091 2123 1366 
3828 2248 2249 1188 
3829 2138 2166 1333 
3830 736 2179 739 
3831 1980 2150 910 
3832 2064 2147 513 
3833 2140 2155 1474 
3834 1971 2209 2205 
3835 1683 2151 1682 
3836 1193 2200 2192 
3837 1322 2143 2121 
3838 1230 2118 1227 
3839 1831 2154 1906 
3840 2144 2152 832 
3841 1324 2156 2145 
3842 1926 2157 1143 
3843 1683 2157 2151 
3844 2059 2167 2146 
3845 1957 2427 1976 
3846 845 2187 818 
3847 2039 2179 742 
3848 517 2170 558 
3849 1069 2156 1324 
3850 2150 2159 910 
3851 1141 2158 1857 
3852 1176 2153 1182 
3853 2067 2155 576 
3854 1489 2160 1710 
3855 1180 2191 1671 
3856 1506 2118 1230 
3857 501 2199 2081 
3858 1270 2189 1206 
3859 1889 2302 1885 
3860 910 2159 1997 
3861 486 2175 483 
3862 981 2202 1357 
3863 1069 2162 2156 
3864 2002 2170 2126 
3865 479 2175 2065 
3866 2159 2172 1931 
3867 2025 2197 2127 
3868 1192 2192 2180 
3869 1070 2162 1069 
3870 702 2193 2069 
3871 1910 2209 1911 
3872 2126 2170 476 
3873 2153 2164 1182 
3874 576 2155 2140 
3875 1337 2168 1892 
3876 2032 2176 1321 
3877 2162 2165 1329 
3878 1501 2204 1214 
3879 1987 2161 2023 
3880 2027 2163 1164 
3881 1983 2171 999 
3882 2187 2194 1973 
3883 2023 2161 2148 
3884 1329 2165 1330 
3885 1182 2164 1320 
3886 2222 2228 1966 
3887 1836 2207 2195 
3888 571 2185 628 
3889 2069 2193 1314 
3890 2131 2180 680 
3891 1333 2166 1334 
3892 1614 2173 377 
3893 1338 2171 1974 
3894 579 2244 2240 
3895 476 2170 517 
3896 819 2184 2178 
3897 1667 2185 598 
3898 1191 2172 1181 
3899 1335 2255 2234 
3900 1910 2214 2210 
3901 1319 2180 2131 
3902 635 2166 563 
3903 879 2174 912 
3904 2170 2195 558 
3905 1271 2167 2059 
3906 2127 2197 1908 
3907 819 2178 1983 
3908 901 2214 1909 
3909 1198 2210 1197 
3910 1320 2182 1183 
3911 1503 2177 2160 
3912 532 2213 603 
3913 1642 2413 1055 
3914 1632 2466 1633 
3915 1983 2178 2171 
3916 2157 2181 1844 
3917 483 2175 479 
3918 2178 2184 1194 
3919 739 2176 2032 
3920 2174 2211 1065 
3921 1181 2172 2159 
3922 604 2169 2068 
3923 901 2219 2217 
3924 1679 2241 1350 
3925 742 2179 736 
3926 1974 2178 1194 
3927 2171 2178 1974 
3928 971 2229 1081 
3929 680 2180 2014 
3930 1848 2215 1829 
3931 622 2267 1304 
3932 1971 2205 2056 
3933 1690 2181 1683 
3934 2205 2209 1201 
3935 2068 2169 642 
3936 900 2219 897 
3937 955 2183 920 
3938 2221 2223 637 
3939 2241 2242 1350 
3940 2184 2187 1973 
3941 1194 2184 1184 
3942 606 2212 608 
3943 923 2229 916 
3944 1065 2216 925 
3945 954 2216 1128 
3946 2183 2188 922 
3947 1791 2341 2169 
3948 818 2187 819 
3949 598 2185 571 
3950 1195 2217 1341 
3951 2002 2195 2170 
3952 636 2221 1352 
3953 1977 2194 845 
3954 1672 2246 2242 
3955 705 2190 707 
3956 1354 2191 2129 
3957 1977 2196 2194 
3958 615 2212 1550 
3959 1683 2181 2157 
3960 2122 2186 1567 
3961 2215 2227 1829 
3962 1206 2189 2036 
3963 1837 2195 2002 
3964 2180 2192 2014 
3965 2213 2227 1352 
3966 1873 2233 882 
3967 1984 2193 702 
3968 1973 2194 1190 
3969 2039 2241 2179 
3970 2194 2196 1190 
3971 938 2196 1977 
3972 573 2232 525 
3973 2014 2192 1046 
3974 1128 2225 993 
3975 1190 2196 1202 
3976 1515 2186 2122 
3977 1764 2199 501 
3978 1780 2211 2174 
3979 938 2201 2196 
3980 1975 2204 2201 
3981 362 2534 70 
3982 1975 2201 938 
3983 1207 2235 1553 
3984 1339 2197 2025 
3985 1019 2226 1204 
3986 2196 2201 1202 
3987 1339 2203 2197 
3988 1326 2211 1780 
3989 2192 2200 1046 
3990 2129 2191 1180 
3991 2005 2222 1966 
3992 2201 2204 1359 
3993 1984 2198 2193 
3994 1559 2465 1560 
3995 1202 2201 1359 
3996 1060 2202 981 
3997 890 2198 1984 
3998 1043 2236 940 
3999 1214 2204 1975 
4000 2202 2250 1357 
4001 683 2243 686 
4002 890 2205 2198 
4003 1340 2203 1339 
4004 1046 2200 1220 
4005 486 2215 2175 
4006 1963 2245 1958 
4007 1335 2234 574 
4008 1345 2224 2135 
4009 528 2234 570 
4010 1146 2246 955 
4011 2056 2205 890 
4012 2287 2554 454 
4013 900 2228 2222 
4014 1204 2237 1057 
4015 1672 2242 1127 
4016 1135 2237 1676 
4017 2236 2239 1553 
4018 819 2187 2184 
4019 2135 2224 1131 
4020 2232 2238 599 
4021 1829 2227 600 
4022 1910 2210 2209 
4023 1477 2257 2256 
4024 1256 2208 1261 
4025 1911 2209 1971 
4026 1836 2238 2207 
4027 1170 2247 1476 
4028 2179 2241 1679 
4029 1029 2250 1354 
4030 1201 2210 1198 
4031 2207 2238 1356 
4032 2175 2215 1848 
4033 1117 2248 2114 
4034 558 2207 2128 
4035 136 2253 135 
4036 2128 2207 1356 
4037 1197 2217 1195 
4038 600 2213 532 
4039 1252 2220 1732 
4040 1909 2214 1910 
4041 2195 2207 558 
4042 1267 2288 1506 
4043 608 2212 615 
4044 1254 2252 1250 
4045 1562 2489 1936 
4046 901 2217 2214 
4047 2114 2248 1668 
4048 925 2216 954 
4049 1341 2222 2005 
4050 1571 2317 1569 
4051 2250 2256 1357 
4052 1327 2218 1692 
4053 897 2219 901 
4054 1352 2221 2213 
4055 422 2521 2314 
4056 2137 2227 2215 
4057 2234 2255 1698 
4058 2213 2221 603 
4059 2137 2215 486 
4060 1806 2332 1808 
4061 1355 2238 2232 
4062 900 2222 2219 
4063 1477 2256 1169 
4064 418 2376 1571 
4065 570 2223 636 
4066 1048 2257 1274 
4067 1355 2240 1342 
4068 599 2238 1836 
4069 1669 2224 1345 
4070 2028 2230 2228 
4071 2108 2254 1538 
4072 993 2225 1017 
4073 2028 2228 900 
4074 1354 2250 2202 
4075 451 2523 2336 
4076 1442 2259 659 
4077 1017 2226 1019 
4078 2225 2226 1017 
4079 916 2229 971 
4080 942 2230 2028 
4081 2228 2230 1203 
4082 882 2233 1328 
4083 525 2232 599 
4084 942 2235 2230 
4085 1966 2228 1203 
4086 2209 2210 1201 
4087 2260 2275 1286 
4088 2242 2246 1350 
4089 1203 2230 1205 
4090 2235 2236 1553 
4091 386 2527 2331 
4092 2230 2235 1205 
4093 454 2554 2324 
4094 574 2234 528 
4095 1352 2227 2137 
4096 1205 2235 1207 
4097 940 2236 942 
4098 665 2259 1217 
4099 2214 2217 1197 
4100 1553 2239 1554 
4101 573 2240 2232 
4102 1356 2238 1355 
4103 1057 2237 1135 
4104 1698 2255 1579 
4105 1425 2429 2017 
4106 2031 2239 1043 
4107 1936 2535 1562 
4108 1003 2241 2039 
4109 1003 2242 2241 
4110 397 2321 45 
4111 2219 2222 1341 
4112 2097 2308 403 
4113 1127 2242 1003 
4114 686 2243 1874 
4115 2257 2258 1274 
4116 2328 2560 378 
4117 659 2259 662 
4118 384 2245 1963 
4119 1350 2246 1146 
4120 1459 2324 1460 
4121 636 2223 2221 
4122 1342 2244 1343 
4123 1482 2264 1715 
4124 1440 2247 1170 
4125 1815 2316 379 
4126 1288 2260 1286 
4127 2050 2248 1117 
4128 1593 2357 1595 
4129 1621 2407 431 
4130 369 2271 1674 
4131 1657 2370 1209 
4132 2050 2249 2248 
4133 1167 2250 1029 
4134 1349 2249 2050 
4135 539 2263 537 
4136 2232 2240 1355 
4137 1349 2251 2249 
4138 1664 2251 1349 
4139 2240 2244 1342 
4140 393 2265 172 
4141 1250 2252 1255 
4142 135 2253 369 
4143 2256 2257 1357 
4144 46 2321 1608 
4145 1760 2270 1759 
4146 1278 2254 2108 
4147 462 2436 1612 
4148 1167 2256 2250 
4149 1765 2255 1335 
4150 346 2383 1765 
4151 942 2236 2235 
4152 242 2558 1792 
4153 1778 2383 346 
4154 2315 2553 455 
4155 55 2314 396 
4156 379 2316 1772 
4157 180 2268 1961 
4158 1604 2417 1095 
4159 345 2268 181 
4160 422 2314 54 
4161 1169 2256 1167 
4162 365 2529 2326 
4163 1268 2269 1276 
4164 1357 2257 1048 
4165 351 2454 1794 
4166 1925 2276 554 
4167 1648 2395 2018 
4168 418 2318 109 
4169 1551 2258 1477 
4170 96 2555 97 
4171 457 2555 96 
4172 1655 2426 1444 
4173 2419 2432 423 
4174 110 2318 407 
4175 641 2266 2244 
4176 1689 2307 1222 
4177 383 2443 11 
4178 1219 2273 1868 
4179 1589 2527 386 
4180 1255 2270 1248 
4181 1790 2391 1788 
4182 1477 2258 2257 
4183 1416 2338 1623 
4184 555 2276 589 
4185 1674 2271 2087 
4186 1209 2370 1663 
4187 2169 2272 642 
4188 1935 2296 325 
4189 2036 2274 1218 
4190 1612 2486 462 
4191 2071 2271 1426 
4192 329 2277 312 
4193 646 2298 645 
4194 1915 2413 1661 
4195 1528 2281 2263 
4196 1285 2275 1564 
4197 428 2275 2260 
4198 1902 2539 2401 
4199 2298 2495 645 
4200 662 2259 665 
4201 1729 2342 1344 
4202 1572 2280 1093 
4203 1090 2280 1154 
4204 1651 2278 1224 
4205 1512 2569 2344 
4206 1210 2278 2102 
4207 71 2261 72 
4208 1461 2260 1288 
4209 1610 2472 373 
4210 421 2338 1647 
4211 1652 2378 1409 
4212 2086 2279 561 
4213 355 2570 2333 
4214 1577 2470 611 
4215 1715 2264 1411 
4216 1947 2299 329 
4217 537 2263 595 
4218 1089 2284 1020 
4219 1018 2284 1867 
4220 1597 2408 1360 
4221 1818 2288 1820 
4222 275 2285 274 
4223 175 2286 174 
4224 177 2287 176 
4225 204 2289 351 
4226 172 2265 171 
4227 1258 2293 1249 
4228 1253 2293 1365 
4229 1444 2452 1655 
4230 1884 2292 1883 
4231 1619 2375 2307 
4232 1129 2294 1130 
4233 1518 2290 1216 
4234 1425 2395 1964 
4235 299 2295 338 
4236 1287 2297 1289 
4237 445 2295 300 
4238 1568 2296 1223 
4239 1560 2298 389 
4240 1123 2299 1512 
4241 1526 2465 1559 
4242 619 2465 2327 
4243 287 2305 2139 
4244 2139 2305 1517 
4245 1912 2538 411 
4246 449 2498 1625 
4247 434 2467 1624 
4248 1891 2302 448 
4249 623 2330 622 
4250 1571 2331 2317 
4251 1726 2303 1451 
4252 1885 2302 1882 
4253 385 2305 288 
4254 1284 2303 1287 
4255 373 2453 1610 
4256 1451 2303 1282 
4257 1578 2301 638 
4258 181 2268 180 
4259 1275 2306 648 
4260 1767 2353 388 
4261 1760 2310 2270 
4262 1647 2499 408 
4263 1550 2560 2328 
4264 389 2298 1588 
4265 1643 2362 1639 
4266 1917 2522 1502 
4267 1655 2452 330 
4268 1524 2281 1528 
4269 2244 2266 1343 
4270 1539 2269 1268 
4271 1522 2432 2419 
4272 386 2376 107 
4273 1501 2304 2204 
4274 1334 2309 1336 
4275 1359 2304 1504 
4276 1807 2561 1385 
4277 1613 2518 1614 
4278 1579 2491 1578 
4279 1245 2310 1260 
4280 360 2312 1615 
4281 1248 2270 1246 
4282 381 2482 1587 
4283 1495 2404 1782 
4284 108 2376 418 
4285 1569 2317 652 
4286 1913 2538 1912 
4287 1650 2394 426 
4288 2266 2279 1343 
4289 1771 2320 419 
4290 1897 2274 443 
4291 1933 2315 1932 
4292 642 2272 643 
4293 2087 2271 2071 
4294 621 2317 620 
4295 1722 2320 1723 
4296 71 2534 2261 
4297 1562 2511 332 
4298 1351 2273 1219 
4299 88 2418 1665 
4300 2274 2311 1218 
4301 1407 2322 1727 
4302 2336 2523 1504 
4303 635 2309 2166 
4304 1531 2561 1808 
4305 443 2274 2189 
4306 1626 2410 449 
4307 1788 2391 1787 
4308 1286 2275 1285 
4309 1887 2556 632 
4310 554 2276 555 
4311 619 2495 2465 
4312 2115 2411 1041 
4313 334 2301 1878 
4314 2141 2325 1456 
4315 1652 2433 394 
4316 365 2326 206 
4317 515 2556 1887 
4318 347 2418 87 
4319 2189 2274 2036 
4320 75 2424 331 
4321 619 2327 581 
4322 1458 2492 1724 
4323 1925 2415 2276 
4324 1846 2328 248 
4325 312 2277 311 
4326 247 2328 378 
4327 1511 2505 2409 
4328 1224 2278 1210 
4329 1544 2457 1599 
4330 361 2522 1917 
4331 1762 2346 1761 
4332 459 2329 457 
4333 658 2313 660 
4334 2326 2529 1535 
4335 2467 2568 2088 
4336 1343 2279 2086 
4337 2093 2325 988 
4338 1766 2334 1981 
4339 1093 2280 1090 
4340 1693 2282 1042 
4341 550 2340 567 
4342 451 2336 183 
4343 182 2336 345 
4344 1330 2337 1992 
4345 2269 2359 1276 
4346 1808 2561 1807 
4347 1866 2300 1865 
4348 380 2339 1583 
4349 2258 2323 1274 
4350 1954 2344 1953 
4351 1739 2412 1423 
4352 439 2430 1806 
4353 2302 2351 448 
4354 1633 2466 1720 
4355 1621 2396 1620 
4356 1294 2388 1616 
4357 651 2308 2097 
4358 1724 2536 1458 
4359 356 2350 240 
4360 1389 2349 1733 
4361 1737 2283 427 
4362 2314 2521 1478 
4363 1596 2342 376 
4364 1586 2400 567 
4365 158 2352 157 
4366 1560 2495 2298 
4367 1058 2354 1089 
4368 1893 2355 878 
4369 1834 2459 442 
4370 957 2355 1055 
4371 1218 2311 1271 
4372 2165 2347 1330 
4373 661 2313 658 
4374 1718 2366 646 
4375 1081 2335 1711 
4376 1226 2363 1228 
4377 1584 2358 1279 
4378 1674 2386 369 
4379 1884 2516 2074 
4380 1537 2339 380 
4381 1574 2360 398 
4382 1819 2364 361 
4383 1563 2353 2078 
4384 1020 2284 1018 
4385 929 2361 976 
4386 2270 2310 1246 
4387 1281 2365 1451 
4388 1932 2285 275 
4389 174 2286 1959 
4390 1962 2287 177 
4391 1371 2367 1369 
4392 255 2368 431 
4393 414 2368 256 
4394 395 2288 1818 
4395 650 2308 651 
4396 205 2289 204 
4397 2092 2319 1414 
4398 1216 2290 1302 
4399 2247 2459 1834 
4400 73 2291 74 
4401 1883 2292 1886 
4402 524 2372 557 
4403 1366 2371 1670 
4404 1249 2293 1253 
4405 1400 2378 1483 
4406 2057 2372 507 
4407 1409 2378 1401 
4408 1130 2294 1776 
4409 2186 2440 1904 
4410 1897 2311 2274 
4411 1521 2374 1422 
4412 300 2295 299 
4413 2298 2532 1588 
4414 1482 2474 2264 
4415 1223 2296 2027 
4416 1418 2377 2092 
4417 1289 2297 1478 
4418 1516 2371 2123 
4419 1929 2382 1930 
4420 369 2386 134 
4421 2080 2381 670 
4422 668 2381 1094 
4423 2082 2374 1544 
4424 159 2384 158 
4425 1278 2358 2254 
4426 2102 2504 1517 
4427 1469 2299 1123 
4428 1517 2504 2139 
4429 1576 2470 1577 
4430 1762 2379 2346 
4431 976 2388 1014 
4432 1080 2388 1294 
4433 1373 2387 1376 
4434 367 2352 1659 
4435 139 2500 1599 
4436 306 2390 305 
4437 1358 2392 1187 
4438 2038 2389 1499 
4439 1573 2319 1740 
4440 402 2359 2269 
4441 2276 2415 1543 
4442 344 2567 1785 
4443 1904 2440 327 
4444 1423 2540 1739 
4445 1537 2563 2322 
4446 1293 2398 1901 
4447 596 2400 1275 
4448 567 2400 566 
4449 1056 2313 661 
4450 1902 2401 1308 
4451 399 2393 1545 
4452 1782 2404 436 
4453 2401 2539 342 
4454 1935 2410 1628 
4455 638 2301 1445 
4456 1792 2422 242 
4457 1738 2412 1739 
4458 1234 2409 1259 
4459 1882 2302 1891 
4460 1414 2319 1573 
4461 1840 2420 1841 
4462 1855 2411 1852 
4463 2311 2343 1271 
4464 1459 2545 2324 
4465 335 2375 1619 
4466 1085 2408 1918 
4467 1839 2420 1838 
4468 1360 2408 1087 
4469 2258 2506 2323 
4470 2310 2346 1260 
4471 2327 2465 1526 
4472 1282 2303 1284 
4473 1506 2394 2118 
4474 1095 2417 973 
4475 439 2414 129 
4476 939 2417 1044 
4477 1565 2335 1660 
4478 1772 2316 1408 
4479 2261 2401 342 
4480 1928 2421 334 
4481 411 2538 94 
4482 288 2305 287 
4483 1660 2335 1081 
4484 1519 2423 1430 
4485 2398 2443 383 
4486 2322 2563 2349 
4487 648 2306 1677 
4488 403 2308 1750 
4489 1619 2307 1605 
4490 1901 2435 1364 
4491 1919 2426 1518 
4492 1364 2425 1088 
4493 1110 2425 1272 
4494 1228 2487 1598 
4495 2348 2526 1854 
4496 363 2430 131 
4497 2204 2304 1359 
4498 649 2351 1889 
4499 130 2430 439 
4500 359 2379 1762 
4501 136 2509 2253 
4502 1661 2452 1443 
4503 1995 2431 1432 
4504 1869 2438 1870 
4505 1529 2513 1730 
4506 2264 2474 397 
4507 1794 2454 2200 
4508 1661 2413 1638 
4509 1228 2437 1229 
4510 449 2410 1934 
4511 205 2326 2289 
4512 2291 2424 74 
4513 1813 2469 1812 
4514 1034 2442 1033 
4515 1721 2460 1570 
4516 460 2436 462 
4517 328 2311 1897 
4518 1480 2442 1102 
4519 1246 2310 1245 
4520 376 2342 1576 
4521 2166 2309 1334 
4522 1514 2440 1515 
4523 647 2404 1495 
4524 1502 2428 1917 
4525 356 2422 1789 
4526 1744 2542 1481 
4527 350 2348 1854 
4528 1476 2515 1551 
4529 561 2445 552 
4530 1862 2467 434 
4531 441 2464 1827 
4532 139 2457 138 
4533 2173 2441 377 
4534 1724 2492 1725 
4535 1094 2449 666 
4536 606 2475 2212 
4537 1370 2448 1408 
4538 1720 2466 1716 
4539 1767 2502 2353 
4540 13 2312 360 
4541 450 2462 227 
4542 226 2462 453 
4543 390 2492 1839 
4544 664 2449 1458 
4545 1817 2356 1816 
4546 1749 2495 619 
4547 1421 2448 1368 
4548 373 2472 291 
4549 660 2313 1367 
4550 408 2395 1648 
4551 1816 2356 1388 
4552 1745 2542 1744 
4553 2253 2509 1521 
4554 1446 2458 1277 
4555 1292 2453 2115 
4556 54 2314 55 
4557 1730 2513 543 
4558 1481 2507 1744 
4559 420 2494 285 
4560 238 2567 344 
4561 1455 2459 1440 
4562 284 2494 426 
4563 632 2556 630 
4564 127 2477 3 
4565 3 2477 224 
4566 6 2478 273 
4567 274 2478 6 
4568 225 2479 4 
4569 4 2479 175 
4570 5 2480 322 
4571 176 2480 5 
4572 456 2477 2132 
4573 1792 2341 1791 
4574 462 2486 464 
4575 243 2558 242 
4576 1457 2521 2018 
4577 1936 2489 187 
4578 186 2489 332 
4579 1522 2565 1307 
4580 1781 2533 1561 
4581 307 2490 306 
4582 151 2497 150 
4583 382 2509 137 
4584 1113 2518 1114 
4585 643 2475 605 
4586 133 2501 132 
4587 1904 2517 2186 
4588 310 2498 449 
4589 2200 2454 1220 
4590 2212 2475 1860 
4591 1567 2517 1566 
4592 2255 2383 1579 
4593 1612 2436 1519 
4594 1408 2316 1372 
4595 591 2496 588 
4596 1740 2319 429 
4597 540 2513 539 
4598 652 2317 621 
4599 1369 2485 1348 
4600 1864 2568 2467 
4601 1562 2535 1159 
4602 2338 2499 1647 
4603 2073 2556 515 
4604 109 2318 110 
4605 1266 2507 1481 
4606 1573 2540 1415 
4607 1796 2348 350 
4608 1417 2540 1423 
4609 1385 2561 2084 
4610 646 2532 2298 
4611 2282 2361 1042 
4612 1875 2323 445 
4613 1634 2397 1631 
4614 426 2394 1731 
4615 423 2432 1644 
4616 1458 2536 663 
4617 8 2514 387 
4618 1889 2351 2302 
4619 419 2320 1722 
4620 1468 2335 1565 
4621 448 2351 1937 
4622 1659 2352 1479 
4623 1252 2503 2220 
4624 241 2422 356 
4625 2177 2481 2106 
4626 444 2517 1904 
4627 1727 2322 1389 
4628 1737 2369 2283 
4629 359 2416 2379 
4630 1917 2428 446 
4631 45 2321 46 
4632 1271 2343 2167 
4633 2299 2512 329 
4634 1274 2323 1514 
4635 1275 2570 2306 
4636 384 2545 2245 
4637 1424 2429 1425 
4638 1851 2453 373 
4639 328 2343 2311 
4640 1741 2520 406 
4641 1623 2338 421 
4642 1419 2338 1416 
4643 396 2548 1726 
4644 454 2324 1960 
4645 1450 2334 1507 
4646 1456 2526 2348 
4647 206 2326 205 
4648 988 2325 2141 
4649 1624 2502 434 
4650 581 2327 583 
4651 1272 2488 1534 
4652 1677 2330 623 
4653 1217 2399 1717 
4654 248 2328 247 
4655 650 2403 2308 
4656 644 2329 459 
4657 1981 2546 644 
4658 1527 2451 1525 
4659 1803 2356 1817 
4660 1933 2428 1488 
4661 1624 2467 2088 
4662 1742 2455 414 
4663 2173 2399 1217 
4664 1566 2390 1568 
4665 1815 2387 2316 
4666 2283 2412 427 
4667 620 2331 1464 
4668 2343 2373 2167 
4669 1411 2559 1407 
4670 587 2496 1866 
4671 1500 2531 1959 
4672 1531 2332 1530 
4673 1491 2562 1493 
4674 355 2333 1428 
4675 1958 2427 1957 
4676 595 2334 1766 
4677 1592 2476 1867 
4678 183 2336 182 
4679 1992 2337 1030 
4680 1825 2416 359 
4681 1056 2402 2313 
4682 647 2516 2404 
4683 514 2340 550 
4684 2169 2341 2272 
4685 2273 2444 1868 
4686 1872 2343 328 
4687 149 2405 428 
4688 1953 2344 452 
4689 393 2389 2265 
4690 1590 2345 1580 
4691 1761 2346 1760 
4692 1513 2347 2165 
4693 1456 2348 1455 
4694 2277 2498 311 
4695 1760 2346 2310 
4696 2308 2403 1750 
4697 1932 2315 2285 
4698 2323 2506 445 
4699 1276 2359 1306 
4700 1532 2386 1674 
4701 2316 2387 1372 
4702 2309 2438 1336 
4703 2300 2496 591 
4704 375 2525 125 
4705 1385 2483 1807 
4706 240 2350 239 
4707 1193 2551 1795 
4708 1543 2415 1541 
4709 2272 2341 364 
4710 2300 2568 1864 
4711 157 2352 367 
4712 2313 2402 1367 
4713 2078 2353 1280 
4714 1136 2354 1058 
4715 1825 2450 2416 
4716 2333 2570 1275 
4717 878 2355 957 
4718 2359 2432 1306 
4719 2167 2373 1434 
4720 1516 2543 2371 
4721 1388 2356 2100 
4722 2306 2570 1533 
4723 1726 2548 2297 
4724 1872 2373 2343 
4725 1594 2357 1593 
4726 1765 2571 346 
4727 1279 2358 1278 
4728 1639 2362 1640 
4729 346 2571 1869 
4730 1644 2359 402 
4731 398 2360 1597 
4732 2265 2389 1475 
4733 1469 2512 2299 
4734 338 2515 1834 
4735 1136 2370 2354 
4736 2220 2484 1258 
4737 1536 2563 1537 
4738 1042 2361 929 
4739 1776 2363 1226 
4740 1568 2490 2296 
4741 371 2444 2273 
4742 1887 2557 515 
4743 1820 2364 1819 
4744 1344 2365 1281 
4745 2346 2379 1260 
4746 1464 2366 1718 
4747 2393 2485 1545 
4748 1644 2432 2359 
4749 1374 2367 1371 
4750 1867 2476 1095 
4751 1733 2447 1405 
4752 2299 2569 1512 
4753 150 2405 149 
4754 1556 2484 2220 
4755 428 2405 2275 
4756 406 2369 1737 
4757 256 2368 255 
4758 2373 2406 1434 
4759 2389 2531 1499 
4760 1834 2515 2247 
4761 128 2414 2132 
4762 2288 2481 1820 
4763 1663 2370 1136 
4764 1665 2444 371 
4765 507 2372 524 
4766 438 2450 1825 
4767 2123 2371 1366 
4768 1717 2399 1113 
4769 336 2546 1450 
4770 1055 2413 1915 
4771 440 2373 1872 
4772 1353 2444 1665 
4773 1222 2375 1480 
4774 1422 2374 2082 
4775 107 2376 108 
4776 2351 2446 1937 
4777 1401 2378 1400 
4778 1803 2483 2356 
4779 1599 2377 1418 
4780 1649 2419 423 
4781 1260 2379 1435 
4782 1540 2380 352 
4783 1310 2401 2261 
4784 670 2381 668 
4785 1631 2397 1630 
4786 1499 2531 1500 
4787 290 2472 1670 
4788 1363 2407 1621 
4789 1869 2571 2438 
4790 342 2539 2291 
4791 354 2382 1929 
4792 1261 2463 1618 
4793 358 2384 159 
4794 1433 2551 1108 
4795 438 2493 2450 
4796 2324 2545 1960 
4797 134 2386 133 
4798 2334 2547 1507 
4799 1372 2387 1373 
4800 2339 2559 1411 
4801 397 2474 2321 
4802 1434 2406 1331 
4803 1534 2514 2508 
4804 1535 2529 2080 
4805 1014 2388 1080 
4806 440 2406 2373 
4807 1475 2389 2038 
4808 514 2486 2340 
4809 2245 2427 1958 
4810 305 2390 444 
4811 2090 2403 650 
4812 1187 2392 1186 
4813 2279 2391 561 
4814 1259 2505 1654 
4815 1670 2472 1610 
4816 38 2393 399 
4817 1937 2446 353 
4818 2379 2416 1435 
4819 2314 2548 396 
4820 2155 2552 1930 
4821 1765 2383 2255 
4822 2118 2394 1650 
4823 434 2502 1767 
4824 2465 2495 1560 
4825 2344 2569 452 
4826 1871 2438 2309 
4827 1620 2396 1446 
4828 1258 2484 2293 
4829 595 2547 2334 
4830 1868 2444 1353 
4831 1215 2427 2245 
4832 1509 2398 1293 
4833 2074 2516 647 
4834 566 2400 596 
4835 2406 2439 1331 
4836 1308 2401 1310 
4837 1504 2523 1358 
4838 1920 2493 438 
4839 2353 2502 1280 
4840 2350 2567 239 
4841 1750 2403 433 
4842 1614 2399 2173 
4843 436 2404 1890 
4844 429 2500 140 
4845 2356 2483 2100 
4846 1367 2402 1421 
4847 1934 2410 1935 
4848 242 2422 241 
4849 1720 2544 1633 
4850 2275 2405 1564 
4851 1856 2406 440 
4852 1374 2471 2367 
4853 1462 2520 1461 
4854 2331 2527 1464 
4855 2296 2490 325 
4856 1361 2407 1363 
4857 1044 2461 1845 
4858 2067 2552 2155 
4859 1087 2408 1085 
4860 1232 2409 1234 
4861 2392 2431 1186 
4862 1852 2411 1851 
4863 1628 2410 1626 
4864 427 2412 1738 
4865 1638 2413 1642 
4866 446 2428 1933 
4867 1947 2569 2299 
4868 2322 2349 1389 
4869 129 2414 128 
4870 1419 2499 2338 
4871 140 2500 139 
4872 2132 2414 1805 
4873 1313 2415 1925 
4874 1838 2420 1840 
4875 973 2417 939 
4876 1267 2481 2288 
4877 87 2418 88 
4878 1435 2416 1437 
4879 1510 2505 1511 
4880 1474 2537 1473 
4881 1930 2421 1928 
4882 649 2446 2351 
4883 2281 2547 2263 
4884 1493 2447 1494 
4885 1789 2422 1792 
4886 1430 2423 1914 
4887 2446 2550 353 
4888 2456 2562 2471 
4889 74 2424 75 
4890 1846 2510 1439 
4891 1331 2439 2052 
4892 1232 2437 2409 
4893 1856 2439 2406 
4894 1088 2425 1110 
4895 1444 2426 1919 
4896 411 2468 1912 
4897 2090 2510 2403 
4898 1976 2427 1215 
4899 1488 2428 1502 
4900 2017 2429 1462 
4901 455 2553 1920 
4902 131 2430 130 
4903 414 2455 2396 
4904 1186 2431 1995 
4905 2387 2469 1376 
4906 358 2541 2384 
4907 1306 2432 1522 
4908 1888 2557 1887 
4909 1684 2537 354 
4910 1517 2543 1516 
4911 1787 2391 2279 
4912 2416 2450 1437 
4913 2262 2461 1044 
4914 394 2433 1622 
4915 2439 2473 2052 
4916 1507 2434 1449 
4917 1743 2455 1742 
4918 1870 2438 1871 
4919 329 2512 2277 
4920 1229 2437 1232 
4921 1365 2482 2208 
4922 509 2436 460 
4923 2403 2510 433 
4924 339 2439 1856 
4925 2404 2516 1890 
4926 1473 2537 1684 
4927 1102 2442 1034 
4928 2329 2546 336 
4929 377 2441 34 
4930 2363 2487 1228 
4931 11 2443 12 
4932 1912 2468 1360 
4933 1515 2440 2186 
4934 2208 2482 381 
4935 1807 2483 1803 
4936 1361 2528 2407 
4937 2208 2463 1261 
4938 1538 2446 649 
4939 552 2445 604 
4940 2285 2478 274 
4941 175 2479 2286 
4942 2287 2480 176 
4943 1437 2450 1485 
4944 666 2449 664 
4945 1368 2448 1370 
4946 2139 2504 420 
4947 1492 2562 1491 
4948 339 2473 2439 
4949 2371 2543 385 
4950 2364 2522 361 
4951 2052 2473 1433 
4952 1443 2452 1444 
4953 1610 2453 1292 
4954 1588 2532 1589 
4955 1220 2454 1465 
4956 1405 2456 1777 
4957 138 2457 382 
4958 1812 2469 1815 
4959 2293 2484 1558 
4960 1484 2460 1721 
4961 2281 2434 1507 
4962 1558 2484 1556 
4963 1277 2458 1269 
4964 1730 2530 1529 
4965 2365 2566 1451 
4966 227 2462 226 
4967 2456 2471 1777 
4968 97 2555 336 
4969 1795 2464 441 
4970 1447 2538 1913 
4971 2212 2560 1550 
4972 1538 2550 2446 
4973 1716 2466 1316 
4974 1864 2467 1862 
4975 1460 2554 2519 
4976 2450 2493 1485 
4977 611 2470 1729 
4978 1777 2471 1374 
4979 1445 2552 2067 
4980 1827 2473 339 
4981 1483 2474 1482 
4982 291 2472 290 
4983 2088 2568 591 
4984 1860 2560 2212 
4985 1407 2559 2322 
4986 1448 2549 1961 
4987 1432 2511 1562 
4988 2383 2491 1579 
4989 605 2475 606 
4990 224 2477 456 
4991 273 2478 455 
4992 453 2479 225 
4993 322 2480 454 
4994 1429 2539 1902 
4995 1440 2459 2247 
4996 2366 2532 646 
4997 1920 2553 2493 
4998 2458 2507 1269 
4999 1725 2492 390 
5000 1494 2563 1536 
5001 2106 2481 1267 
5002 2100 2483 1385 
5003 464 2486 514 
5004 1348 2485 1347 
5005 387 2488 1582 
5006 583 2530 1730 
5007 187 2489 186 
5008 435 2491 1778 
5009 325 2490 307 
5010 1108 2551 1193 
5011 353 2550 1943 
5012 1485 2493 1490 
5013 1033 2544 1720 
5014 285 2494 284 
5015 1598 2525 375 
5016 645 2495 1749 
5017 1439 2510 2090 
5018 388 2497 151 
5019 1964 2499 1419 
5020 445 2506 2295 
5021 311 2498 310 
5022 588 2496 587 
5023 132 2501 363 
5024 1748 2503 1252 
5025 1728 2508 1428 
5026 2325 2526 1456 
5027 1534 2508 1728 
5028 2277 2512 1471 
5029 1280 2502 1624 
5030 433 2510 1846 
5031 1428 2508 1427 
5032 137 2509 136 
5033 1529 2530 1527 
5034 1269 2507 1266 
5035 332 2511 1945 
5036 2278 2504 2102 
5037 1460 2519 1972 
5038 1471 2512 1469 
5039 1890 2516 1884 
5040 543 2513 540 
5041 1114 2518 1346 
5042 2247 2515 1476 
5043 424 2519 1962 
5044 1478 2521 1457 
5045 2339 2564 1583 
5046 1841 2529 365 
5047 1502 2522 1503 
5048 1946 2523 451 
5049 1854 2526 1855 
5050 385 2543 2305 
5051 2519 2549 1972 
5052 2329 2555 457 
5053 1551 2506 2258 
5054 1959 2531 393 
5055 1497 2533 1781 
5056 2186 2517 1567 
5057 1943 2550 2254 
5058 656 2528 1361 
5059 424 2549 2519 
5060 392 2542 1745 
5061 70 2534 71 
5062 2341 2558 364 
5063 1159 2535 1496 
5064 393 2531 2389 
5065 420 2504 2278 
5066 663 2536 1056 
5067 2508 2514 1427 
5068 1871 2541 358 
5069 2305 2543 1517 
5070 1866 2496 2300 
5071 1347 2485 2393 
5072 1415 2540 1417 
5073 1972 2549 1448 
5074 1633 2544 1634 
5075 1960 2545 384 
5076 1961 2549 424 
5077 378 2560 1860 
5078 364 2558 243 
5079 630 2556 2073 
5080 239 2567 238 
5081 1307 2565 1620 
5082 452 2569 1947 
5083 2084 2561 1531 
5084 515 2557 2057 
5085 1336 2571 1765 
5086 1609 2566 409 
5087 2254 2550 1538 
5088 1507 2547 2281 
5089 455 2478 2285 
5090 2286 2479 453 
5091 454 2480 2287 
5092 2519 2554 1962 
5093 1792 2558 2341 
5094 2369 2520 1462 
5095 2366 2527 1589 
5096 2377 2500 429 
5097 1478 2548 2314 
5098 2327 2451 583 
5099 2464 2551 1433 
5100 2263 2547 595 
5101 2291 2539 1429 
5102 591 2568 2300 
5103 2295 2506 1551 
5104 2264 2564 1411 
5105 2382 2537 1474 
5106 2488 2514 1534 
5107 2493 2553 1490 
5108 2321 2474 1483 
5109 336 2555 2329 
5110 2438 2571 1336 
5111 2324 2554 1460 
5112 1527 2530 2451 
5113 2451 2530 583 
5114 1493 2456 2447 
5115 2447 2456 1405 
5116 2322 2559 1537 
5117 1962 2554 2287 
5118 2297 2548 1478 
5119 1509 2443 2398 
5120 1452 2487 2363 
5121 1815 2469 2387 
5122 2471 2562 1492 
5123 1778 2491 2383 
5124 1855 2526 2325 
5125 1503 2522 2364 
5126 2349 2563 1494 
5127 2396 2455 1446 
5128 1490 2553 2315 
5129 1589 2532 2366 
5130 409 2566 2365 
5131 644 2546 2329 
5132 1599 2500 2377 
5133 2421 2552 1445 
5134 406 2520 2369 
5135 1537 2559 2339 
5136 1464 2527 2366 
5137 1411 2564 2339 
5138 354 2537 2382 
5139 2487 2525 1598 
5140 1930 2552 2421 
5141 387 2514 2488 
5142 1452 2525 2487 
5143 1795 2551 2464 
5144 1493 2562 2456 
$EndElements
